timestamp_ist,signal,symbol,cmp,pcr,score,maxPain,mpGap
2026-07-23 12:41:58,SELL,NIFTY,23876.95,0.83,0,24000,-0.51
2026-07-23 12:41:59,SELL-CORE,NIFTY,23876.95,0.83,0,24000,-0.51
2026-07-23 12:42:00,SELL-CORE,BANKNIFTY,56481.4,1.19,27,56600,-0.21
2026-07-23 12:42:01,SELL-CORE,FINNIFTY,26002.9,1.65,43,26000,0.01
2026-07-23 12:42:02,SELL-CORE,MIDCPNIFTY,14445.05,1.49,43,14500,-0.38
2026-07-23 12:42:03,SELL,BSE,3580.0,0.75,27,3750,-4.53
2026-07-23 12:42:03,SELL-CORE,BSE,3580.0,0.75,27,3750,-4.53
2026-07-23 12:42:04,SELL,RELIANCE,1275.9,0.69,22,1310,-2.6
2026-07-23 12:42:05,SELL-CORE,RELIANCE,1275.9,0.69,22,1310,-2.6
2026-07-23 12:42:06,SELL-CORE,SBIN,1009.6,0.93,0,1040,-2.92
2026-07-23 12:42:07,SELL-CORE,ADANIENT,3054.0,0.91,0,3100,-1.48
2026-07-23 12:42:07,SELL-CORE,HDFCBANK,746.1,0.9,27,760,-1.83
2026-07-23 12:42:08,SELL-CORE,ADANIGREEN,1405.0,1.49,43,1400,0.36
2026-07-23 12:42:09,SELL,MCX,2733.9,0.55,0,2900,-5.73
2026-07-23 12:42:10,SELL-CORE,MCX,2733.9,0.55,0,2900,-5.73
2026-07-23 12:42:11,SELL,ICICIBANK,1431.1,0.72,27,1440,-0.62
2026-07-23 12:42:11,SELL-CORE,ICICIBANK,1431.1,0.72,27,1440,-0.62
2026-07-23 12:42:12,SELL,BAJFINANCE,1051.7,0.69,0,1050,0.16
2026-07-23 12:42:13,SELL-CORE,BAJFINANCE,1051.7,0.69,0,1050,0.16
2026-07-23 12:42:13,BUY-CORE,TCS,2222.8,0.65,44,2220,0.13
2026-07-23 12:42:14,SELL-CORE,INFY,1045.6,1.2,27,1050,-0.42
2026-07-23 12:42:15,SELL,AXISBANK,1223.2,0.76,27,1260,-2.92
2026-07-23 12:42:16,SELL-CORE,AXISBANK,1223.2,0.76,27,1260,-2.92
2026-07-23 12:42:17,SELL,ADANIENSOL,1697.6,0.38,22,1760,-3.55
2026-07-23 12:42:17,SELL-CORE,ADANIENSOL,1697.6,0.38,22,1760,-3.55
2026-07-23 12:42:18,SELL,TATASTEEL,184.8,0.62,0,190,-2.74
2026-07-23 12:42:19,SELL-CORE,TATASTEEL,184.8,0.62,0,190,-2.74
2026-07-23 12:42:20,SELL,ADANIPOWER,214.95,0.69,22,222.5,-3.39
2026-07-23 12:42:20,SELL-CORE,ADANIPOWER,214.95,0.69,22,222.5,-3.39
2026-07-23 12:42:21,SELL,BHARTIARTL,1938.7,0.4,0,1960,-1.09
2026-07-23 12:42:22,SELL-CORE,BHARTIARTL,1938.7,0.4,0,1960,-1.09
2026-07-23 12:42:23,SELL,BHEL,410.1,0.84,0,412.5,-0.58
2026-07-23 12:42:23,SELL-CORE,BHEL,410.1,0.84,0,412.5,-0.58
2026-07-23 12:42:24,BUY-CORE,VEDL,264.45,0.59,57,280,-5.55
2026-07-23 12:42:25,BUY,CANBK,125.71,1.04,73,125,0.57
2026-07-23 12:42:25,BUY-CORE,CANBK,125.71,1.04,73,125,0.57
2026-07-23 12:42:26,SELL-CORE,BANKBARODA,242.65,1.4,43,245,-0.96
2026-07-23 12:42:27,BUY-CORE,HINDZINC,533.1,0.76,42,550,-3.07
2026-07-23 12:42:28,SELL-CORE,HINDZINC,533.1,0.76,42,550,-3.07
2026-07-23 12:42:29,SELL,TITAN,4677.1,0.63,0,4650,0.58
2026-07-23 12:42:29,SELL-CORE,TITAN,4677.1,0.63,0,4650,0.58
2026-07-23 12:42:30,BUY-CORE,NATIONALUM,345.55,0.71,73,350,-1.27
2026-07-23 12:42:31,SELL,SHRIRAMFIN,1036.9,0.7,0,1050,-1.25
2026-07-23 12:42:31,SELL-CORE,SHRIRAMFIN,1036.9,0.7,0,1050,-1.25
2026-07-23 12:42:32,BUY-CORE,M&M,3234.6,0.43,57,3250,-0.47
2026-07-23 12:42:33,SELL-CORE,LT,3795.1,0.87,27,3850,-1.43
2026-07-23 12:42:35,SELL,PFC,408.95,0.62,22,420,-2.63
2026-07-23 12:42:35,SELL-CORE,PFC,408.95,0.62,22,420,-2.63
2026-07-23 12:42:36,SELL,COALINDIA,425.4,0.8,0,435,-2.21
2026-07-23 12:42:37,SELL-CORE,COALINDIA,425.4,0.8,0,435,-2.21
2026-07-23 12:42:38,SELL,BEL,401.5,0.84,0,410,-2.07
2026-07-23 12:42:38,SELL-CORE,BEL,401.5,0.84,0,410,-2.07
2026-07-23 12:42:39,BUY-CORE,ITC,281.85,0.64,57,290,-2.81
2026-07-23 12:42:40,SELL,SUNPHARMA,1933.4,0.4,22,1960,-1.36
2026-07-23 12:42:41,SELL-CORE,SUNPHARMA,1933.4,0.4,22,1960,-1.36
2026-07-23 12:42:41,SELL-CORE,ANGELONE,307.2,1.09,47,320,-4.0
2026-07-23 12:42:42,SELL,DIXON,13822.0,0.63,22,14200,-2.66
2026-07-23 12:42:43,SELL-CORE,DIXON,13822.0,0.63,22,14200,-2.66
2026-07-23 12:42:44,SELL-CORE,CGPOWER,898.95,0.93,0,910,-1.21
2026-07-23 12:42:45,SELL-CORE,ASIANPAINT,2669.9,0.88,0,2700,-1.11
2026-07-23 12:42:46,BUY-CORE,NHPC,80.09,0.5,36,83,-3.51
2026-07-23 12:42:46,SELL,NHPC,80.09,0.5,36,83,-3.51
2026-07-23 12:42:47,SELL-CORE,NHPC,80.09,0.5,36,83,-3.51
2026-07-23 12:42:47,SELL,MARUTI,13499.0,0.65,22,13700,-1.47
2026-07-23 12:42:48,SELL-CORE,MARUTI,13499.0,0.65,22,13700,-1.47
2026-07-23 12:42:49,SELL,SAIL,160.29,0.79,0,167.5,-4.3
2026-07-23 12:42:49,SELL-CORE,SAIL,160.29,0.79,0,167.5,-4.3
2026-07-23 12:42:50,BUY-CORE,HINDUNILVR,2156.4,0.74,53,2180,-1.08
2026-07-23 12:42:51,BUY-CORE,KOTAKBANK,381.9,0.7,44,387.5,-1.45
2026-07-23 12:42:53,SELL,TMPV,325.65,0.82,27,340,-4.22
2026-07-23 12:42:53,SELL-CORE,TMPV,325.65,0.82,27,340,-4.22
2026-07-23 12:42:54,SELL-CORE,NMDC,82.73,1.26,27,84,-1.51
2026-07-23 12:42:55,BUY-CORE,TRENT,2899.5,0.84,53,2900,-0.02
2026-07-23 12:42:57,SELL,COFORGE,1450.3,0.54,0,1500,-3.31
2026-07-23 12:42:57,SELL-CORE,COFORGE,1450.3,0.54,0,1500,-3.31
2026-07-23 12:42:58,SELL-CORE,INDIGO,5055.0,1.45,43,5100,-0.88
2026-07-23 12:42:59,SELL,YESBANK,23.01,0.4,22,26,-11.5
2026-07-23 12:43:00,SELL-CORE,YESBANK,23.01,0.4,22,26,-11.5
2026-07-23 12:43:01,SELL-CORE,AMBER,7407.0,1.71,56,7300,1.47
2026-07-23 12:43:02,BUY-CORE,TECHM,1552.8,0.73,42,1564,-0.72
2026-07-23 12:43:02,SELL-CORE,TECHM,1552.8,0.73,42,1564,-0.72
2026-07-23 12:43:03,SELL-CORE,ASHOKLEY,151.91,0.95,27,157.5,-3.55
2026-07-23 12:43:04,BUY-CORE,HEROMOTOCO,5166.1,0.39,57,5200,-0.65
2026-07-23 12:43:05,SELL,AMBUJACEM,426.95,0.53,22,440,-2.97
2026-07-23 12:43:05,SELL-CORE,AMBUJACEM,426.95,0.53,22,440,-2.97
2026-07-23 12:43:06,SELL,NBCC,93.72,0.75,0,100,-6.28
2026-07-23 12:43:07,SELL-CORE,NBCC,93.72,0.75,0,100,-6.28
2026-07-23 12:43:08,BUY-CORE,EICHERMOT,7720.5,0.54,57,7800,-1.02
2026-07-23 12:43:08,SELL,ADANIPORTS,1800.0,0.73,0,1840,-2.17
2026-07-23 12:43:09,SELL-CORE,ADANIPORTS,1800.0,0.73,0,1840,-2.17
2026-07-23 12:43:10,BUY-CORE,INDIANB,821.45,1.24,58,820,0.18
2026-07-23 12:43:10,SELL-CORE,INDIANB,821.45,1.24,58,820,0.18
2026-07-23 12:43:11,BUY-CORE,FEDERALBNK,352.8,0.8,53,350,0.8
2026-07-23 12:43:12,BUY-CORE,TVSMOTOR,3926.4,0.54,57,3950,-0.6
2026-07-23 12:43:13,SELL-CORE,HDFCAMC,2510.9,3.47,43,2500,0.44
2026-07-23 12:43:14,BUY-CORE,RVNL,224.54,0.57,44,240,-6.44
2026-07-23 12:43:15,SELL,PNB,110.08,0.77,27,110,0.07
2026-07-23 12:43:16,SELL-CORE,PNB,110.08,0.77,27,110,0.07
2026-07-23 12:43:17,BUY,BAJAJ-AUTO,11262.5,1.06,100,11100,1.46
2026-07-23 12:43:17,BUY-CORE,BAJAJ-AUTO,11262.5,1.06,100,11100,1.46
2026-07-23 12:43:18,SELL-CORE,POLYCAB,8965.0,0.89,0,9100,-1.48
2026-07-23 12:43:19,BUY-CORE,BAJAJFINSV,1893.9,0.58,57,1900,-0.32
2026-07-23 12:43:20,SELL,LUPIN,2397.3,0.74,27,2460,-2.55
2026-07-23 12:43:21,SELL-CORE,LUPIN,2397.3,0.74,27,2460,-2.55
2026-07-23 12:43:22,BUY-CORE,HCLTECH,1239.9,0.7,44,1230,0.8
2026-07-23 12:43:23,SELL-CORE,HDFCLIFE,551.05,0.91,27,565,-2.47
2026-07-23 12:43:24,BUY-CORE,CUMMINSIND,5588.0,0.59,36,5650,-1.1
2026-07-23 12:43:25,SELL,CUMMINSIND,5588.0,0.59,36,5650,-1.1
2026-07-23 12:43:25,SELL-CORE,CUMMINSIND,5588.0,0.59,36,5650,-1.1
2026-07-23 12:43:26,SELL,LAURUSLABS,1565.9,0.76,0,1580,-0.89
2026-07-23 12:43:27,SELL-CORE,LAURUSLABS,1565.9,0.76,0,1580,-0.89
2026-07-23 12:43:27,SELL,UNIONBANK,167.67,0.72,0,172.5,-2.8
2026-07-23 12:43:28,SELL-CORE,UNIONBANK,167.67,0.72,0,172.5,-2.8
2026-07-23 12:43:29,SELL,GRASIM,3118.4,0.71,0,3140,-0.69
2026-07-23 12:43:29,SELL-CORE,GRASIM,3118.4,0.71,0,3140,-0.69
2026-07-23 12:43:30,SELL-CORE,PERSISTENT,5022.0,1.03,27,5100,-1.53
2026-07-23 12:43:31,SELL,LTF,304.85,0.73,27,320,-4.73
2026-07-23 12:43:32,SELL-CORE,LTF,304.85,0.73,27,320,-4.73
2026-07-23 12:43:33,BUY-CORE,HAL,4560.8,0.54,36,4600,-0.85
2026-07-23 12:43:33,SELL,HAL,4560.8,0.54,36,4600,-0.85
2026-07-23 12:43:34,SELL-CORE,HAL,4560.8,0.54,36,4600,-0.85
2026-07-23 12:43:34,SELL-CORE,INDUSTOWER,391.95,0.9,27,400,-2.01
2026-07-23 12:43:35,SELL,JSWSTEEL,1244.5,0.67,0,1260,-1.23
2026-07-23 12:43:36,SELL-CORE,JSWSTEEL,1244.5,0.67,0,1260,-1.23
2026-07-23 12:43:37,SELL,IDFCFIRSTB,80.12,0.81,0,81,-1.09
2026-07-23 12:43:37,SELL-CORE,IDFCFIRSTB,80.12,0.81,0,81,-1.09
2026-07-23 12:43:38,SELL,VMM,107.17,0.76,0,112.5,-4.74
2026-07-23 12:43:39,SELL-CORE,VMM,107.17,0.76,0,112.5,-4.74
2026-07-23 12:43:40,BUY-CORE,ONGC,253.15,0.34,57,255,-0.73
2026-07-23 12:43:41,BUY,MOTHERSON,144.84,1.15,100,144,0.58
2026-07-23 12:43:41,BUY-CORE,MOTHERSON,144.84,1.15,100,144,0.58
2026-07-23 12:43:42,SELL,OFSS,10594.0,0.63,22,11000,-3.69
2026-07-23 12:43:43,SELL-CORE,OFSS,10594.0,0.63,22,11000,-3.69
2026-07-23 12:43:44,SELL,DLF,648.75,0.57,22,670,-3.17
2026-07-23 12:43:44,SELL-CORE,DLF,648.75,0.57,22,670,-3.17
2026-07-23 12:43:45,SELL-CORE,AUBANK,965.7,1.23,27,1000,-3.43
2026-07-23 12:43:46,SELL,AUROPHARMA,1519.7,0.57,22,1580,-3.82
2026-07-23 12:43:47,SELL-CORE,AUROPHARMA,1519.7,0.57,22,1580,-3.82
2026-07-23 12:43:48,SELL,NESTLEIND,1453.0,0.53,0,1490,-2.48
2026-07-23 12:43:48,SELL-CORE,NESTLEIND,1453.0,0.53,0,1490,-2.48
2026-07-23 12:43:49,BUY-CORE,VOLTAS,1308.8,0.82,73,1340,-2.33
2026-07-23 12:43:50,BUY-CORE,APLAPOLLO,1840.0,0.48,57,1860,-1.08
2026-07-23 12:43:51,SELL-CORE,BANKINDIA,141.95,0.95,0,142.85,-0.63
2026-07-23 12:43:52,BUY-CORE,ABB,7558.0,0.49,44,7800,-3.1
2026-07-23 12:43:53,SELL,MUTHOOTFIN,3029.1,0.56,22,3150,-3.84
2026-07-23 12:43:54,SELL-CORE,MUTHOOTFIN,3029.1,0.56,22,3150,-3.84
2026-07-23 12:43:55,SELL-CORE,INDUSINDBK,1003.75,0.89,27,1010,-0.62
2026-07-23 12:43:56,BUY-CORE,VBL,459.25,1.05,58,470,-2.29
2026-07-23 12:43:56,SELL-CORE,VBL,459.25,1.05,58,470,-2.29
2026-07-23 12:43:56,COIL,VBL,459.25,1.05,58,470,-2.29
2026-07-23 12:43:57,SELL-CORE,LICHSGFIN,532.7,1.11,27,540,-1.35
2026-07-23 12:43:58,SELL,UPL,605.8,0.63,22,615,-1.5
2026-07-23 12:43:59,SELL-CORE,UPL,605.8,0.63,22,615,-1.5
2026-07-23 12:44:00,BUY-CORE,BPCL,312.9,1.03,58,310,0.94
2026-07-23 12:44:00,SELL-CORE,BPCL,312.9,1.03,58,310,0.94
2026-07-23 12:44:01,BUY-CORE,COCHINSHIP,1383.0,0.97,73,1400,-1.21
2026-07-23 12:44:02,SELL,APOLLOHOSP,8821.0,0.85,0,8900,-0.89
2026-07-23 12:44:02,SELL-CORE,APOLLOHOSP,8821.0,0.85,0,8900,-0.89
2026-07-23 12:44:03,BUY-CORE,DMART,4041.1,0.6,44,4100,-1.44
2026-07-23 12:44:04,SELL,FORTIS,943.35,0.77,27,970,-2.75
2026-07-23 12:44:05,SELL-CORE,FORTIS,943.35,0.77,27,970,-2.75
2026-07-23 12:44:06,SELL-CORE,IOC,141.02,0.88,27,142,-0.69
2026-07-23 12:44:06,SELL-CORE,CIPLA,1379.8,1.74,43,1380,-0.01
2026-07-23 12:44:07,SELL,MARICO,851.85,0.56,0,860,-0.95
2026-07-23 12:44:08,SELL-CORE,MARICO,851.85,0.56,0,860,-0.95
2026-07-23 12:44:09,SELL,NAUKRI,1166.25,0.61,22,1200,-2.81
2026-07-23 12:44:09,SELL-CORE,NAUKRI,1166.25,0.61,22,1200,-2.81
2026-07-23 12:44:10,BUY-CORE,MAZDOCK,2303.6,0.99,53,2360,-2.39
2026-07-23 12:44:12,SELL-CORE,CDSL,1324.0,1.1,47,1360,-2.65
2026-07-23 12:44:12,COIL,CDSL,1324.0,1.1,47,1360,-2.65
2026-07-23 12:44:13,SELL,ABCAPITAL,392.85,0.66,0,410,-4.18
2026-07-23 12:44:13,SELL-CORE,ABCAPITAL,392.85,0.66,0,410,-4.18
2026-07-23 12:44:14,SELL,GAIL,171.82,0.8,27,173,-0.68
2026-07-23 12:44:15,SELL-CORE,GAIL,171.82,0.8,27,173,-0.68
2026-07-23 12:44:16,SELL,DIVISLAB,7277.0,0.55,0,7400,-1.66
2026-07-23 12:44:16,SELL-CORE,DIVISLAB,7277.0,0.55,0,7400,-1.66
2026-07-23 12:44:17,BUY-CORE,ICICIGI,1613.4,0.59,57,1660,-2.81
2026-07-23 12:44:18,BUY-CORE,MAXHEALTH,1081.6,0.85,53,1100,-1.67
2026-07-23 12:44:19,BUY-CORE,SBILIFE,1830.5,0.62,57,1860,-1.59
2026-07-23 12:44:20,SELL-CORE,LICI,421.35,1.23,47,425,-0.86
2026-07-23 12:44:20,COIL,LICI,421.35,1.23,47,425,-0.86
2026-07-23 12:44:21,SELL-CORE,CROMPTON,253.0,0.86,27,260,-2.69
2026-07-23 12:44:22,BUY-CORE,SIEMENS,3662.9,0.65,44,3700,-1.0
2026-07-23 12:44:23,SELL-CORE,BANDHANBNK,167.98,0.89,27,177.5,-5.36
2026-07-23 12:44:24,BUY-CORE,OIL,456.7,0.39,57,470,-2.83
2026-07-23 12:44:25,SELL,LODHA,1144.15,0.82,0,1140,0.36
2026-07-23 12:44:25,SELL-CORE,LODHA,1144.15,0.82,0,1140,0.36
2026-07-23 12:44:27,SELL,PRESTIGE,1647.7,0.68,22,1680,-1.92
2026-07-23 12:44:27,SELL-CORE,PRESTIGE,1647.7,0.68,22,1680,-1.92
2026-07-23 12:44:28,SELL-CORE,HINDPETRO,379.0,1.2,47,385,-1.56
2026-07-23 12:44:29,BUY-CORE,UNOMINDA,1139.3,0.57,57,1180,-3.45
2026-07-23 12:44:30,SELL,EXIDEIND,446.1,0.38,22,452.5,-1.41
2026-07-23 12:44:30,SELL-CORE,EXIDEIND,446.1,0.38,22,452.5,-1.41
2026-07-23 12:44:31,BUY-CORE,TATACONSUM,1103.8,0.9,53,1100,0.35
2026-07-23 12:44:32,BUY-CORE,GLENMARK,2215.4,0.69,44,2260,-1.97
2026-07-23 12:44:33,SELL,GODREJPROP,2047.5,0.83,0,2060,-0.61
2026-07-23 12:44:34,SELL-CORE,GODREJPROP,2047.5,0.83,0,2060,-0.61
2026-07-23 12:44:34,SELL,KEI,4908.0,0.52,22,5050,-2.81
2026-07-23 12:44:35,SELL-CORE,KEI,4908.0,0.52,22,5050,-2.81
2026-07-23 12:44:36,SELL-CORE,KFINTECH,874.45,0.93,27,880,-0.63
2026-07-23 12:44:37,SELL-CORE,TATAPOWER,376.4,1.06,47,380,-0.95
2026-07-23 12:44:38,SELL,BIOCON,431.75,0.8,0,435,-0.75
2026-07-23 12:44:38,SELL-CORE,BIOCON,431.75,0.8,0,435,-0.75
2026-07-23 12:44:39,SELL,PNBHOUSING,1069.7,0.72,27,1100,-2.75
2026-07-23 12:44:40,SELL-CORE,PNBHOUSING,1069.7,0.72,27,1100,-2.75
2026-07-23 12:44:41,SELL,LTM,3955.4,0.82,0,4000,-1.11
2026-07-23 12:44:41,SELL-CORE,LTM,3955.4,0.82,0,4000,-1.11
2026-07-23 12:44:42,SELL-CORE,ZYDUSLIFE,1117.1,0.87,27,1140,-2.01
2026-07-23 12:44:43,BUY-CORE,BOSCHLTD,42245.0,0.47,57,43000,-1.76
2026-07-23 12:44:44,SELL-CORE,DRREDDY,1156.6,1.54,56,1150,0.57
2026-07-23 12:44:45,BUY-CORE,SONACOMS,730.0,0.72,53,730,0.0
2026-07-23 12:44:46,BUY-CORE,PGEL,579.85,0.72,53,600,-3.36
2026-07-23 12:44:46,SELL,JSWENERGY,556.5,0.8,0,565,-1.5
2026-07-23 12:44:47,SELL-CORE,JSWENERGY,556.5,0.8,0,565,-1.5
2026-07-23 12:44:48,BUY-CORE,HAVELLS,1214.0,0.64,44,1220,-0.49
2026-07-23 12:44:49,SELL,NAM-INDIA,1103.2,0.78,27,1160,-4.9
2026-07-23 12:44:49,SELL-CORE,NAM-INDIA,1103.2,0.78,27,1160,-4.9
2026-07-23 12:44:50,BUY-CORE,CONCOR,482.75,0.83,73,490,-1.48
2026-07-23 12:44:51,BUY-CORE,PHOENIXLTD,2045.0,0.92,53,2080,-1.68
2026-07-23 12:44:52,SELL,BRITANNIA,5448.5,0.57,22,5500,-0.94
2026-07-23 12:44:52,SELL-CORE,BRITANNIA,5448.5,0.57,22,5500,-0.94
2026-07-23 12:44:53,SELL-CORE,MPHASIS,2230.9,1.06,27,2238,-0.32
2026-07-23 12:44:54,BUY-CORE,ICICIPRULI,501.7,0.92,73,505,-0.65
2026-07-23 12:44:55,SELL,DABUR,422.9,0.69,0,440,-3.89
2026-07-23 12:44:56,SELL-CORE,DABUR,422.9,0.69,0,440,-3.89
2026-07-23 12:44:57,SELL-CORE,PETRONET,268.65,1.47,43,270,-0.5
2026-07-23 12:44:58,SELL,CAMS,760.85,0.59,0,800,-4.89
2026-07-23 12:44:58,SELL-CORE,CAMS,760.85,0.59,0,800,-4.89
2026-07-23 12:44:59,SELL-CORE,BLUESTARCO,1643.8,1.09,27,1640,0.23
2026-07-23 12:45:00,SELL-CORE,INDHOTEL,720.2,0.89,0,730,-1.34
2026-07-23 12:45:02,SELL,BHARATFORG,2166.4,0.74,0,2200,-1.53
2026-07-23 12:45:02,SELL-CORE,BHARATFORG,2166.4,0.74,0,2200,-1.53
2026-07-23 12:45:03,BUY-CORE,MANAPPURAM,354.0,0.66,44,350,1.14
2026-07-23 12:45:04,SELL-CORE,PIDILITIND,1566.0,1.0,27,1580,-0.89
2026-07-23 12:45:05,BUY-CORE,BAJAJHLDNG,10595.0,0.5,57,11000,-3.68
2026-07-23 12:45:06,BUY-CORE,PAGEIND,40250.0,0.71,73,40250,0.0
2026-07-23 12:45:07,SELL,RADICO,4065.0,0.67,0,4100,-0.85
2026-07-23 12:45:08,SELL-CORE,RADICO,4065.0,0.67,0,4100,-0.85
2026-07-23 12:45:08,SELL,IEX,122.51,0.62,0,123,-0.4
2026-07-23 12:45:09,SELL-CORE,IEX,122.51,0.62,0,123,-0.4
2026-07-23 12:45:10,BUY-CORE,KPITTECH,551.9,0.41,36,590,-6.46
2026-07-23 12:45:10,SELL,KPITTECH,551.9,0.41,36,590,-6.46
2026-07-23 12:45:11,SELL-CORE,KPITTECH,551.9,0.41,36,590,-6.46
2026-07-23 12:45:12,BUY-CORE,GODREJCP,1069.0,0.69,36,1100,-2.82
2026-07-23 12:45:12,SELL,GODREJCP,1069.0,0.69,36,1100,-2.82
2026-07-23 12:45:13,SELL-CORE,GODREJCP,1069.0,0.69,36,1100,-2.82
2026-07-23 12:45:14,BUY-CORE,IREDA,119.94,0.9,53,122,-1.69
2026-07-23 12:45:14,BUY-CORE,ASTRAL,1417.8,0.61,44,1440,-1.54
2026-07-23 12:45:15,SELL-CORE,TIINDIA,2870.0,1.46,56,2900,-1.03
2026-07-23 12:45:16,COIL,TIINDIA,2870.0,1.46,56,2900,-1.03
2026-07-23 12:45:17,SELL,GODFRYPHLP,2054.6,0.78,0,2150,-4.44
2026-07-23 12:45:17,SELL-CORE,GODFRYPHLP,2054.6,0.78,0,2150,-4.44
2026-07-23 12:45:18,SELL-CORE,JUBLFOOD,416.55,1.46,56,420,-0.82
2026-07-23 12:45:19,COIL,JUBLFOOD,416.55,1.46,56,420,-0.82
2026-07-23 12:45:20,BUY-CORE,SHREECEM,26935.0,0.61,57,27000,-0.24
2026-07-23 12:45:20,BUY-CORE,NUVAMA,1938.0,0.56,57,1940,-0.1
2026-07-23 12:45:22,SELL,SUPREMEIND,3421.6,0.71,27,3500,-2.24
2026-07-23 12:45:22,SELL-CORE,SUPREMEIND,3421.6,0.71,27,3500,-2.24
2026-07-23 12:45:23,BUY-CORE,DALBHARAT,1869.8,0.56,44,1880,-0.54
2026-07-23 12:45:24,SELL-CORE,SRF,2668.5,1.61,43,2700,-1.17
2026-07-23 12:45:25,SELL-CORE,OBEROIRLTY,1823.4,1.62,56,1800,1.3
2026-07-23 12:45:26,BUY-CORE,MANKIND,2555.8,0.61,44,2600,-1.7
2026-07-23 12:45:27,SELL,COLPAL,2095.0,0.72,27,2100,-0.24
2026-07-23 12:45:27,SELL-CORE,COLPAL,2095.0,0.72,27,2100,-0.24
2026-07-23 12:45:28,BUY-CORE,UNITDSPR,1413.1,0.62,44,1420,-0.49
2026-07-23 12:45:29,BUY-CORE,PIIND,2712.6,0.54,44,2760,-1.72
2026-07-23 12:50:59,SELL-CORE,CHOLAFIN,1712.9,0.99,0,1780,-3.77
2026-07-23 12:51:07,SELL,360ONE,1090.2,0.63,22,1140,-4.37
2026-07-23 12:51:08,SELL-CORE,360ONE,1090.2,0.63,22,1140,-4.37
2026-07-23 12:51:18,SELL,POWERGRID,288.4,0.46,22,292.5,-1.4
2026-07-23 12:51:18,SELL-CORE,POWERGRID,288.4,0.46,22,292.5,-1.4
2026-07-23 12:51:37,SELL-CORE,JINDALSTEL,1042.3,0.89,27,1050,-0.73
2026-07-23 12:51:43,SELL,ZYDUSLIFE,1117.5,0.85,27,1140,-1.97
2026-07-23 12:51:48,SELL-CORE,PHOENIXLTD,2037.8,0.92,42,2080,-2.03
2026-07-23 12:55:43,SELL,HINDZINC,533.0,0.76,27,550,-3.09
2026-07-23 12:55:43,SELL-CORE,HINDZINC,533.0,0.76,27,550,-3.09
2026-07-23 12:55:49,SELL-CORE,ITC,280.7,0.78,42,285,-1.51
2026-07-23 12:56:04,COIL,INDIANB,826.95,1.06,47,831.75,-0.58
2026-07-23 12:56:35,COIL,LICI,422.2,1.23,47,425,-0.66
2026-07-23 12:56:49,SELL-CORE,CONCOR,481.8,0.89,42,485,-0.66
2026-07-23 12:56:53,SELL-CORE,IRFC,87.18,1.02,47,90,-3.13
2026-07-23 12:56:57,SELL-CORE,TATAELXSI,3391.2,1.02,47,3500,-3.11
2026-07-23 13:01:05,SELL,ADANIENT,3037.0,0.84,0,3080,-1.4
2026-07-23 13:01:13,SELL-CORE,CANBK,125.51,1.01,27,125,0.41
2026-07-23 13:01:26,BUY-CORE,TRENT,2893.4,0.84,53,2900,-0.23
2026-07-23 13:01:28,SELL,NTPC,350.4,0.44,0,355,-1.3
2026-07-23 13:01:28,SELL-CORE,NTPC,350.4,0.44,0,355,-1.3
2026-07-23 13:01:45,SELL,HAL,4555.6,0.54,22,4600,-0.97
2026-07-23 13:01:45,SELL-CORE,HAL,4555.6,0.54,22,4600,-0.97
2026-07-23 13:02:15,SELL,SONACOMS,726.4,0.73,27,730,-0.49
2026-07-23 13:02:16,SELL-CORE,SONACOMS,726.4,0.73,27,730,-0.49
2026-07-23 13:02:18,SELL,HAVELLS,1208.6,0.62,36,1220,-0.93
2026-07-23 13:02:19,SELL-CORE,HAVELLS,1208.6,0.62,36,1220,-0.93
2026-07-23 13:05:26,SELL,NIFTY,23836.25,0.85,0,23950,-0.47
2026-07-23 13:05:37,BUY-CORE,HINDZINC,532.65,0.76,42,550,-3.15
2026-07-23 13:05:40,SELL,HINDALCO,950.85,0.52,22,980,-2.97
2026-07-23 13:05:41,SELL-CORE,HINDALCO,950.85,0.52,22,980,-2.97
2026-07-23 13:05:43,SELL,ITC,280.8,0.77,27,285,-1.47
2026-07-23 13:05:49,SELL,RECLTD,357.2,0.61,0,370,-3.46
2026-07-23 13:05:50,SELL-CORE,RECLTD,357.2,0.61,0,370,-3.46
2026-07-23 13:05:57,SELL-CORE,FEDERALBNK,351.95,0.8,42,350,0.56
2026-07-23 13:06:08,BUY,MOTHERSON,145.38,1.13,100,144,0.96
2026-07-23 13:06:09,SELL,OFSS,10551.0,0.67,22,11000,-4.08
2026-07-23 13:06:14,SELL,INDUSINDBK,1000.75,0.85,27,1020,-1.89
2026-07-23 13:06:51,BUY-CORE,PIIND,2706.0,0.83,53,2700,0.22
2026-07-23 13:10:51,SELL,HINDZINC,532.35,0.76,27,550,-3.21
2026-07-23 13:11:00,SELL,NHPC,80.13,0.5,36,83,-3.46
2026-07-23 13:11:00,SELL-CORE,NHPC,80.13,0.5,36,83,-3.46
2026-07-23 13:11:18,BUY-CORE,PATANJALI,337.85,0.89,53,350,-3.47
2026-07-23 13:11:31,COIL,VBL,458.5,1.03,58,470,-2.45
2026-07-23 13:11:37,SELL-CORE,MAZDOCK,2302.1,0.96,27,2360,-2.45
2026-07-23 13:12:08,SELL,MOTILALOFS,938.15,0.6,22,980,-4.27
2026-07-23 13:12:09,SELL-CORE,MOTILALOFS,938.15,0.6,22,980,-4.27
2026-07-23 13:15:49,SELL,ADANIPOWER,214.05,0.67,22,225,-4.87
2026-07-23 13:15:59,SELL,ASIANPAINT,2665.3,0.85,0,2700,-1.29
2026-07-23 13:16:03,SELL-CORE,TRENT,2882.5,0.87,27,2900,-0.6
2026-07-23 13:16:38,COIL,HINDPETRO,381.3,1.13,47,385,-0.96
2026-07-23 13:16:48,BUY-CORE,BRITANNIA,5412.0,0.64,36,5450,-0.7
2026-07-23 13:16:57,SELL,ASTRAL,1415.6,0.62,22,1440,-1.69
2026-07-23 13:16:58,SELL-CORE,ASTRAL,1415.6,0.62,22,1440,-1.69
2026-07-23 13:17:02,SELL,DALBHARAT,1856.4,0.55,22,1880,-1.26
2026-07-23 13:17:02,SELL-CORE,DALBHARAT,1856.4,0.55,22,1880,-1.26
2026-07-23 13:21:01,SELL,ADANIPORTS,1791.0,0.71,0,1840,-2.66
2026-07-23 13:21:18,SELL,INDUSINDBK,1000.7,0.85,27,1010,-0.92
2026-07-23 13:21:31,SELL-CORE,JINDALSTEL,1042.4,0.88,27,1050,-0.72
2026-07-23 13:21:37,SELL,ZYDUSLIFE,1115.2,0.83,0,1140,-2.18
2026-07-23 13:21:39,SELL,SONACOMS,725.15,0.73,27,730,-0.66
2026-07-23 13:21:56,SELL-CORE,COLPAL,2086.3,0.91,27,2080,0.3
2026-07-23 13:25:40,SELL,LT,3791.1,0.85,0,3850,-1.53
2026-07-23 13:25:55,SELL,FEDERALBNK,353.05,0.79,27,350,0.87
2026-07-23 13:26:18,SELL,RBLBANK,354.5,0.71,27,365,-2.88
2026-07-23 13:26:19,SELL-CORE,RBLBANK,354.5,0.71,27,365,-2.88
2026-07-23 13:26:37,SELL,DABUR,422.55,0.68,0,440,-3.97
2026-07-23 13:26:45,COIL,TIINDIA,2855.0,1.23,47,2900,-1.55
2026-07-23 13:31:10,SELL,ADANIENT,3019.0,0.84,0,3060,-1.34
2026-07-23 13:31:24,SELL,DIXON,13792.0,0.62,22,14200,-2.87
2026-07-23 13:31:24,SELL-CORE,DIXON,13792.0,0.62,22,14200,-2.87
2026-07-23 13:31:29,SELL,RECLTD,357.2,0.61,0,370,-3.46
2026-07-23 13:31:29,SELL-CORE,RECLTD,357.2,0.61,0,370,-3.46
2026-07-23 13:31:42,BUY-CORE,CUMMINSIND,5599.5,0.59,44,5650,-0.89
2026-07-23 13:31:52,SELL,ABB,7539.5,0.47,36,7800,-3.34
2026-07-23 13:31:53,SELL-CORE,ABB,7539.5,0.47,36,7800,-3.34
2026-07-23 13:36:18,BUY-CORE,VBL,458.45,1.02,58,470,-2.46
2026-07-23 13:36:51,BUY-CORE,ASTRAL,1414.5,0.62,36,1440,-1.77
2026-07-23 13:36:58,SELL,PIIND,2700.6,0.82,27,2700,0.02
2026-07-23 13:36:59,SELL-CORE,PIIND,2700.6,0.82,27,2700,0.02
2026-07-23 13:40:47,BUY-CORE,HINDALCO,952.4,0.52,44,980,-2.82
2026-07-23 13:40:48,BUY-CORE,ULTRACEMCO,11924.0,0.4,57,12100,-1.45
2026-07-23 13:40:56,SELL,TRENT,2878.9,0.85,27,2900,-0.73
2026-07-23 13:40:59,SELL,TECHM,1552.8,0.74,27,1564,-0.72
2026-07-23 13:41:09,SELL,LAURUSLABS,1567.8,0.75,0,1580,-0.77
2026-07-23 13:41:30,SELL,BANDHANBNK,168.0,0.84,27,180,-6.67
2026-07-23 13:41:34,BUY-CORE,GLENMARK,2216.5,0.67,44,2260,-1.92
2026-07-23 13:41:56,BUY-CORE,UNITDSPR,1416.6,0.61,44,1420,-0.24
2026-07-23 13:45:45,SELL,AXISBANK,1224.6,0.77,27,1260,-2.81
2026-07-23 13:45:55,BUY-CORE,SUNPHARMA,1945.1,0.41,44,1960,-0.76
2026-07-23 13:46:00,SELL,RECLTD,358.7,0.54,0,370,-3.05
2026-07-23 13:46:01,SELL-CORE,RECLTD,358.7,0.54,0,370,-3.05
2026-07-23 13:46:08,COIL,INDIANB,826.1,1.05,47,831.75,-0.68
2026-07-23 13:46:15,SELL,CUMMINSIND,5602.0,0.59,22,5650,-0.85
2026-07-23 13:46:15,SELL-CORE,CUMMINSIND,5602.0,0.59,22,5650,-0.85
2026-07-23 13:46:51,SELL,INDHOTEL,723.4,0.65,0,735,-1.58
2026-07-23 13:47:00,BUY-CORE,MOTILALOFS,939.6,0.58,36,980,-4.12
2026-07-23 13:51:03,BUY-CORE,ITC,281.4,0.63,36,290,-2.97
2026-07-23 13:51:16,BUY-CORE,FEDERALBNK,353.2,0.8,53,350,0.91
2026-07-23 13:51:23,BUY-CORE,CUMMINSIND,5600.5,0.59,36,5650,-0.88
2026-07-23 13:51:38,SELL-CORE,IOC,139.86,1.23,27,140,-0.1
2026-07-23 13:51:53,SELL,ZYDUSLIFE,1115.3,0.81,0,1140,-2.17
2026-07-23 13:55:43,BUY-CORE,HINDALCO,950.8,0.52,44,980,-2.98
2026-07-23 13:56:12,SELL,POWERGRID,288.35,0.44,22,292.5,-1.42
2026-07-23 13:56:12,SELL-CORE,POWERGRID,288.35,0.44,22,292.5,-1.42
2026-07-23 13:56:53,BUY-CORE,ASTRAL,1416.5,0.62,44,1440,-1.63
2026-07-23 13:56:59,SELL-CORE,COLPAL,2084.9,0.9,27,2080,0.24
2026-07-23 14:01:16,SELL,BEL,402.65,0.74,0,415,-2.98
2026-07-23 14:01:31,BUY-CORE,TVSMOTOR,3919.1,0.49,57,3960,-1.03
2026-07-23 14:01:45,SELL,OFSS,10705.0,0.58,22,11000,-2.68
2026-07-23 14:01:45,SELL-CORE,OFSS,10705.0,0.58,22,11000,-2.68
2026-07-23 14:02:01,BUY-CORE,MAXHEALTH,1084.3,0.79,53,1100,-1.43
2026-07-23 14:02:16,SELL-CORE,CONCOR,481.5,0.88,42,485,-0.72
2026-07-23 14:02:31,SELL,DALBHARAT,1855.7,0.57,22,1860,-0.23
2026-07-23 14:02:32,SELL-CORE,DALBHARAT,1855.7,0.57,22,1860,-0.23
2026-07-23 14:02:35,SELL,PIIND,2721.1,0.48,22,2780,-2.12
2026-07-23 14:02:36,SELL-CORE,PIIND,2721.1,0.48,22,2780,-2.12
2026-07-23 14:05:43,SELL,ITC,281.05,0.63,36,290,-3.09
2026-07-23 14:05:44,SELL-CORE,ITC,281.05,0.63,36,290,-3.09
2026-07-23 14:06:02,SELL-CORE,HDFCLIFE,550.95,0.92,27,560,-1.62
2026-07-23 14:06:33,SELL,ZYDUSLIFE,1116.0,0.81,27,1140,-2.11
2026-07-23 14:06:43,SELL,PIDILITIND,1568.7,0.85,0,1590,-1.34
2026-07-23 14:06:53,BUY-CORE,PIIND,2730.0,0.49,44,2780,-1.8
2026-07-23 14:11:01,BUY-CORE,TECHM,1556.3,0.73,42,1564,-0.49
2026-07-23 14:11:01,SELL-CORE,TECHM,1556.3,0.73,42,1564,-0.49
2026-07-23 14:11:16,BUY,MOTHERSON,145.46,1.12,100,144,1.01
2026-07-23 14:11:22,SELL,INDUSINDBK,1001.9,0.85,27,1010,-0.8
2026-07-23 14:15:57,SELL,DIXON,13817.0,0.61,22,14200,-2.7
2026-07-23 14:15:57,SELL-CORE,DIXON,13817.0,0.61,22,14200,-2.7
2026-07-23 14:16:36,SELL,CROMPTON,254.15,0.66,22,265,-4.09
2026-07-23 14:16:37,SELL,BANDHANBNK,167.63,0.81,27,180,-6.87
2026-07-23 14:16:46,SELL,SONACOMS,725.4,0.72,27,730,-0.63
2026-07-23 14:16:48,SELL,HAVELLS,1208.9,0.58,22,1220,-0.91
2026-07-23 14:16:49,SELL-CORE,HAVELLS,1208.9,0.58,22,1220,-0.91
2026-07-23 14:16:55,BUY-CORE,ALKEM,5595.5,0.59,44,5700,-1.83
2026-07-23 14:17:03,SELL,MOTILALOFS,940.0,0.58,36,980,-4.08
2026-07-23 14:17:03,SELL-CORE,MOTILALOFS,940.0,0.58,36,980,-4.08
2026-07-23 14:21:00,SELL,TRENT,2872.9,0.85,27,2900,-0.93
2026-07-23 14:21:03,SELL,TECHM,1555.0,0.74,27,1564,-0.58
2026-07-23 14:21:04,SELL-CORE,TECHM,1555.0,0.74,27,1564,-0.58
2026-07-23 14:21:13,SELL-CORE,HDFCLIFE,550.9,0.93,27,560,-1.63
2026-07-23 14:21:42,SELL,ZYDUSLIFE,1115.7,0.81,27,1140,-2.13
2026-07-23 14:21:48,SELL-CORE,ICICIPRULI,498.5,0.89,27,505,-1.29
2026-07-23 14:21:57,COIL,JUBLFOOD,413.55,1.49,56,420,-1.54
2026-07-23 14:22:00,BUY-CORE,SUPREMEIND,3412.2,0.71,42,3500,-2.51
2026-07-23 14:22:02,BUY-CORE,MANKIND,2550.4,0.57,44,2600,-1.91
2026-07-23 14:22:04,BUY-CORE,PIIND,2731.6,0.47,44,2800,-2.44
2026-07-23 14:25:47,SELL,ADANIENT,3010.9,0.8,0,3060,-1.6
2026-07-23 14:26:00,SELL,ULTRACEMCO,11870.0,0.39,22,12100,-1.9
2026-07-23 14:26:00,SELL-CORE,ULTRACEMCO,11870.0,0.39,22,12100,-1.9
2026-07-23 14:26:12,BUY-CORE,TECHM,1557.2,0.74,73,1564,-0.43
2026-07-23 14:26:18,SELL,RVNL,222.95,0.58,36,240,-7.1
2026-07-23 14:26:19,SELL-CORE,RVNL,222.95,0.58,36,240,-7.1
2026-07-23 14:26:33,BUY-CORE,TORNTPHARM,5059.2,0.89,53,5000,1.18
2026-07-23 14:26:45,SELL,GAIL,171.53,0.84,0,173,-0.85
2026-07-23 14:26:50,SELL,BANDHANBNK,167.52,0.82,27,180,-6.93
2026-07-23 14:27:07,BUY-CORE,ALKEM,5598.5,0.6,44,5700,-1.78
2026-07-23 14:27:10,SELL,PIDILITIND,1566.2,0.85,0,1590,-1.5
2026-07-23 14:27:18,SELL,SUPREMEIND,3407.2,0.71,27,3500,-2.65
2026-07-23 14:31:27,BUY-CORE,ITC,281.2,0.64,36,290,-3.03
2026-07-23 14:31:44,SELL-CORE,HDFCLIFE,550.5,0.92,27,560,-1.7
2026-07-23 14:31:51,BUY,MOTHERSON,145.47,1.12,100,144,1.02
2026-07-23 14:32:19,SELL-CORE,ICICIPRULI,498.35,0.89,27,505,-1.32
2026-07-23 14:35:46,BUY,INFY,1052.7,1.08,73,1055,-0.22
2026-07-23 14:35:47,BUY-CORE,INFY,1052.7,1.08,73,1055,-0.22
2026-07-23 14:36:06,COIL,CHOLAFIN,1716.1,1.02,47,1780,-3.59
2026-07-23 14:36:13,BUY-CORE,TVSMOTOR,3921.1,0.49,57,3960,-0.98
2026-07-23 14:36:31,BUY-CORE,MUTHOOTFIN,3027.3,0.59,36,3100,-2.35
2026-07-23 14:36:37,SELL,CIPLA,1408.3,0.84,27,1420,-0.82
2026-07-23 14:36:53,SELL,ZYDUSLIFE,1116.6,0.82,27,1140,-2.05
2026-07-23 14:36:54,BUY-CORE,SONACOMS,726.9,0.71,42,730,-0.42
2026-07-23 14:36:58,BUY-CORE,PHOENIXLTD,2043.0,0.9,42,2080,-1.78
2026-07-23 14:37:05,COIL,TATAELXSI,3395.0,1.01,47,3500,-3.0
2026-07-23 14:37:06,SELL,PIDILITIND,1565.9,0.84,0,1590,-1.52
2026-07-23 14:37:12,COIL,JUBLFOOD,413.85,1.45,56,420,-1.46
2026-07-23 14:40:45,SELL-CORE,INFY,1047.3,1.28,27,1050,-0.26
2026-07-23 14:40:56,SELL,ITC,281.35,0.64,36,290,-2.98
2026-07-23 14:40:57,SELL-CORE,ITC,281.35,0.64,36,290,-2.98
2026-07-23 14:41:01,SELL-CORE,HINDUNILVR,2153.3,0.72,42,2180,-1.22
2026-07-23 14:41:08,SELL-CORE,TECHM,1554.4,0.75,42,1564,-0.61
2026-07-23 14:41:13,SELL,RVNL,222.76,0.58,36,240,-7.18
2026-07-23 14:41:14,SELL-CORE,RVNL,222.76,0.58,36,240,-7.18
2026-07-23 14:41:19,SELL-CORE,HDFCLIFE,550.4,0.93,27,560,-1.71
2026-07-23 14:41:27,BUY,MOTHERSON,145.5,1.12,100,144,1.04
2026-07-23 14:41:30,SELL,VOLTAS,1304.8,0.8,0,1340,-2.63
2026-07-23 14:41:31,SELL-CORE,VOLTAS,1304.8,0.8,0,1340,-2.63
2026-07-23 14:41:57,SELL,HAVELLS,1207.6,0.57,22,1220,-1.02
2026-07-23 14:41:57,SELL-CORE,HAVELLS,1207.6,0.57,22,1220,-1.02
2026-07-23 14:45:51,SELL,AXISBANK,1220.7,0.79,27,1260,-3.12
2026-07-23 14:46:03,SELL,DIXON,13794.0,0.61,22,14200,-2.86
2026-07-23 14:46:03,SELL-CORE,DIXON,13794.0,0.61,22,14200,-2.86
2026-07-23 14:46:10,COIL,CHOLAFIN,1710.2,1.02,47,1780,-3.92
2026-07-23 14:46:13,SELL,TECHM,1553.4,0.75,27,1564,-0.68
2026-07-23 14:46:17,COIL,INDIANB,827.45,1.06,64,831.75,-0.52
2026-07-23 14:46:59,SELL,CONCOR,478.45,0.84,0,485,-1.35
2026-07-23 14:47:02,SELL-CORE,ICICIPRULI,498.9,0.88,27,505,-1.21
2026-07-23 14:47:11,SELL,ASTRAL,1403.9,0.7,22,1420,-1.13
2026-07-23 14:47:12,SELL-CORE,ASTRAL,1403.9,0.7,22,1420,-1.13
2026-07-23 14:51:09,SELL,RVNL,222.79,0.57,36,240,-7.17
2026-07-23 14:51:13,SELL,LUPIN,2392.0,0.7,22,2460,-2.76
2026-07-23 14:51:26,SELL,ABB,7511.0,0.62,36,7700,-2.45
2026-07-23 14:51:26,SELL-CORE,ABB,7511.0,0.62,36,7700,-2.45
2026-07-23 14:52:03,SELL,SHREECEM,26760.0,0.7,22,27000,-0.89
2026-07-23 14:52:04,SELL-CORE,SHREECEM,26760.0,0.7,22,27000,-0.89
2026-07-23 14:55:31,SELL,NIFTY,23827.8,0.82,0,23950,-0.51
2026-07-23 14:55:46,BUY-CORE,HINDALCO,952.25,0.52,44,980,-2.83
2026-07-23 14:55:50,COIL,ANGELONE,305.65,1.06,47,315,-2.97
2026-07-23 14:56:33,SELL,BANDHANBNK,165.43,0.84,0,175,-5.47
2026-07-23 14:56:55,SELL,GODREJCP,1055.3,0.81,0,1080,-2.29
2026-07-23 14:56:59,BUY-CORE,SUPREMEIND,3407.6,0.7,36,3500,-2.64
2026-07-23 15:01:06,SELL,SHRIRAMFIN,1026.1,0.76,0,1050,-2.28
2026-07-23 15:01:31,BUY-CORE,HAL,4583.6,0.5,44,4600,-0.36
2026-07-23 15:01:34,SELL,POWERGRID,289.45,0.41,22,295,-1.88
2026-07-23 15:01:35,SELL-CORE,POWERGRID,289.45,0.41,22,295,-1.88
2026-07-23 15:01:38,BUY-CORE,TORNTPHARM,5066.5,0.89,53,5000,1.33
2026-07-23 15:01:51,COIL,LICI,421.2,1.29,47,425,-0.89
2026-07-23 15:02:04,BUY-CORE,PHOENIXLTD,2038.1,0.9,42,2080,-2.01
2026-07-23 15:02:16,BUY-CORE,SHREECEM,26850.0,0.69,36,27000,-0.56
2026-07-23 15:05:52,SELL,ITC,280.55,0.77,27,285,-1.56
2026-07-23 15:05:59,SELL,RECLTD,358.55,0.55,0,370,-3.09
2026-07-23 15:06:00,SELL-CORE,RECLTD,358.55,0.55,0,370,-3.09
2026-07-23 15:06:24,BUY-CORE,VOLTAS,1312.5,0.74,53,1360,-3.49
2026-07-23 15:06:51,BUY-CORE,ICICIPRULI,501.15,0.88,53,505,-0.76
2026-07-23 15:06:53,SELL,DABUR,423.5,0.67,22,440,-3.75
2026-07-23 15:06:56,BUY-CORE,ALKEM,5602.5,0.6,44,5700,-1.71
2026-07-23 15:07:02,BUY-CORE,ASTRAL,1417.0,0.63,36,1440,-1.6
2026-07-23 15:10:53,SELL,SHRIRAMFIN,1025.8,0.76,0,1050,-2.3
2026-07-23 15:10:57,BUY-CORE,ITC,281.05,0.64,36,290,-3.09
2026-07-23 15:11:12,BUY-CORE,TVSMOTOR,3920.9,0.47,57,3960,-0.99
2026-07-23 15:11:24,BUY-CORE,POWERGRID,289.7,0.42,44,295,-1.8
2026-07-23 15:12:06,BUY-CORE,SHREECEM,26835.0,0.69,36,27000,-0.61
2026-07-23 15:15:47,COIL,HDFCBANK,745.8,1.02,47,750,-0.56
2026-07-23 15:16:46,SELL-CORE,JINDALSTEL,1044.1,0.89,27,1050,-0.56
2026-07-23 15:20:53,BUY-CORE,HINDALCO,956.25,0.48,44,980,-2.42
2026-07-23 15:21:06,BUY-CORE,TECHM,1556.0,0.78,42,1564,-0.51
2026-07-23 15:21:10,SELL-CORE,INDIANB,827.75,1.04,47,831.75,-0.48
2026-07-23 15:21:35,SELL-CORE,MAZDOCK,2296.2,0.9,27,2360,-2.7
2026-07-23 15:21:53,SELL,CONCOR,481.3,0.84,27,485,-0.76
2026-07-23 15:21:54,SELL-CORE,CONCOR,481.3,0.84,27,485,-0.76
2026-07-23 15:21:55,BUY-CORE,PHOENIXLTD,2036.5,0.91,42,2080,-2.09
2026-07-23 15:22:02,SELL,PIDILITIND,1565.1,0.8,0,1590,-1.57
2026-07-23 15:22:12,BUY-CORE,MANKIND,2561.9,0.57,44,2600,-1.47
2026-07-23 15:25:26,SELL,NIFTY,23885.0,0.8,27,24000,-0.48
2026-07-23 15:25:52,COIL,ASHOKLEY,150.69,1.15,47,155,-2.78
2026-07-23 15:26:03,SELL,PERSISTENT,5005.6,0.85,0,5100,-1.85
2026-07-23 15:26:07,BUY-CORE,POWERGRID,289.85,0.41,44,295,-1.75
2026-07-23 15:26:12,SELL,ABB,7534.5,0.44,36,7900,-4.63
2026-07-23 15:26:12,SELL-CORE,ABB,7534.5,0.44,36,7900,-4.63
2026-07-23 15:26:34,SELL,HAVELLS,1209.1,0.6,22,1220,-0.89
2026-07-23 15:26:35,SELL-CORE,HAVELLS,1209.1,0.6,22,1220,-0.89
2026-07-23 15:26:43,BUY,PAGEIND,40265.0,1.04,100,40000,0.66
2026-07-23 15:36:00,COIL,INDIANB,827.3,1.03,47,831.75,-0.54
2026-07-23 15:36:07,BUY-CORE,HDFCLIFE,550.95,0.94,53,565,-2.49
2026-07-23 15:36:28,SELL,GAIL,171.99,0.85,27,173,-0.58
2026-07-23 15:36:44,BUY-CORE,CONCOR,480.5,0.84,42,485,-0.93
2026-07-23 15:36:59,SELL,DALBHARAT,1854.7,0.56,22,1880,-1.35
2026-07-23 15:36:59,SELL-CORE,DALBHARAT,1854.7,0.56,22,1880,-1.35
2026-07-24 09:15:45,SELL,BHARTIARTL,1897.2,0.44,0,1960,-3.2
2026-07-24 09:15:45,SELL-CORE,BHARTIARTL,1897.2,0.44,0,1960,-3.2
2026-07-24 09:15:46,SELL,VEDL,260.6,0.68,0,275,-5.24
2026-07-24 09:15:47,SELL-CORE,VEDL,260.6,0.68,0,275,-5.24
2026-07-24 09:15:50,SELL,NATIONALUM,342.0,0.84,0,350,-2.29
2026-07-24 09:15:50,SELL-CORE,NATIONALUM,342.0,0.84,0,350,-2.29
2026-07-24 09:15:51,SELL,M&M,3201.5,0.52,0,3200,0.05
2026-07-24 09:15:52,SELL-CORE,M&M,3201.5,0.52,0,3200,0.05
2026-07-24 09:15:54,SELL,ULTRACEMCO,11782.0,0.5,0,12000,-1.82
2026-07-24 09:15:55,SELL-CORE,ULTRACEMCO,11782.0,0.5,0,12000,-1.82
2026-07-24 09:15:56,SELL,ITC,280.45,0.78,27,285,-1.6
2026-07-24 09:15:57,SELL-CORE,ITC,280.45,0.78,27,285,-1.6
2026-07-24 09:15:59,SELL-CORE,DIXON,13710.0,0.88,0,14000,-2.07
2026-07-24 09:16:02,SELL,KOTAKBANK,381.75,0.76,0,385,-0.84
2026-07-24 09:16:03,SELL-CORE,KOTAKBANK,381.75,0.76,0,385,-0.84
2026-07-24 09:16:06,COIL,INDIGO,4966.5,2.12,56,5000,-0.67
2026-07-24 09:16:09,SELL,HEROMOTOCO,5065.0,0.61,0,5100,-0.69
2026-07-24 09:16:09,SELL-CORE,HEROMOTOCO,5065.0,0.61,0,5100,-0.69
2026-07-24 09:16:13,SELL,TVSMOTOR,3890.0,0.54,0,3950,-1.52
2026-07-24 09:16:13,SELL-CORE,TVSMOTOR,3890.0,0.54,0,3950,-1.52
2026-07-24 09:16:15,SELL,RVNL,222.74,0.58,36,240,-7.19
2026-07-24 09:16:15,SELL-CORE,RVNL,222.74,0.58,36,240,-7.19
2026-07-24 09:16:17,SELL-CORE,PNB,108.82,0.93,0,109,-0.17
2026-07-24 09:16:17,SELL-CORE,BAJAJ-AUTO,11213.5,1.25,27,11100,1.02
2026-07-24 09:16:19,SELL,BAJAJFINSV,1873.5,0.59,0,1900,-1.39
2026-07-24 09:16:19,SELL-CORE,BAJAJFINSV,1873.5,0.59,0,1900,-1.39
2026-07-24 09:16:23,BUY-CORE,UNIONBANK,167.3,0.72,42,172.5,-3.01
2026-07-24 09:16:29,SELL,OFSS,10741.0,0.64,0,11000,-2.35
2026-07-24 09:16:29,SELL-CORE,OFSS,10741.0,0.64,0,11000,-2.35
2026-07-24 09:16:32,SELL,APLAPOLLO,1807.0,0.78,0,1820,-0.71
2026-07-24 09:16:33,SELL-CORE,APLAPOLLO,1807.0,0.78,0,1820,-0.71
2026-07-24 09:16:38,SELL,DMART,4026.1,0.59,0,4100,-1.8
2026-07-24 09:16:39,SELL-CORE,DMART,4026.1,0.59,0,4100,-1.8
2026-07-24 09:16:40,BUY-CORE,CIPLA,1431.8,0.69,57,1450,-1.26
2026-07-24 09:16:46,SELL,SIEMENS,3638.9,0.65,0,3700,-1.65
2026-07-24 09:16:47,SELL-CORE,SIEMENS,3638.9,0.65,0,3700,-1.65
2026-07-24 09:16:51,SELL-CORE,TATACONSUM,1103.2,0.92,0,1100,0.29
2026-07-24 09:16:56,SELL,BOSCHLTD,41755.0,0.7,0,42000,-0.58
2026-07-24 09:16:56,SELL-CORE,BOSCHLTD,41755.0,0.7,0,42000,-0.58
2026-07-24 09:16:58,BUY-CORE,SONACOMS,732.0,0.66,57,730,0.27
2026-07-24 09:16:58,SELL,PGEL,571.25,0.79,0,590,-3.18
2026-07-24 09:16:59,SELL-CORE,PGEL,571.25,0.79,0,590,-3.18
2026-07-24 09:17:01,SELL,CONCOR,478.65,0.84,0,485,-1.31
2026-07-24 09:17:03,BUY-CORE,MPHASIS,2327.0,0.53,57,2338,-0.47
2026-07-24 09:17:08,SELL,MANAPPURAM,348.0,0.76,0,350,-0.57
2026-07-24 09:17:08,SELL-CORE,MANAPPURAM,348.0,0.76,0,350,-0.57
2026-07-24 09:17:09,BUY-CORE,TATAELXSI,3405.0,0.89,73,3500,-2.71
2026-07-24 09:17:11,SELL-CORE,PAGEIND,39965.0,0.99,0,40000,-0.09
2026-07-24 09:17:12,BUY-CORE,KPITTECH,553.0,0.39,57,590,-6.27
2026-07-24 09:17:18,BUY,SRF,2650.3,1.05,100,2680,-1.11
2026-07-24 09:17:18,BUY-CORE,SRF,2650.3,1.05,100,2680,-1.11
2026-07-24 09:20:39,SELL-CORE,FINNIFTY,25865.05,1.32,43,26000,-0.52
2026-07-24 09:20:42,SELL,RELIANCE,1268.9,0.76,27,1300,-2.39
2026-07-24 09:20:43,BUY-CORE,ADANIENT,3026.0,0.73,73,3080,-1.75
2026-07-24 09:20:45,COIL,ADANIGREEN,1380.3,1.31,71,1400,-1.41
2026-07-24 09:20:46,SELL,MCX,2730.5,0.57,22,2900,-5.84
2026-07-24 09:20:47,SELL-CORE,MCX,2730.5,0.57,22,2900,-5.84
2026-07-24 09:20:48,SELL,BAJFINANCE,1026.3,0.85,0,1040,-1.32
2026-07-24 09:20:49,BUY-CORE,TCS,2260.3,0.62,57,2240,0.91
2026-07-24 09:20:52,BUY-CORE,ADANIENSOL,1697.7,0.37,57,1740,-2.43
2026-07-24 09:20:53,BUY-CORE,WIPRO,175.26,0.53,44,180,-2.63
2026-07-24 09:20:54,BUY-CORE,ADANIPOWER,213.4,0.94,73,220,-3.0
2026-07-24 09:20:56,SELL,BHEL,407.6,0.83,0,412.5,-1.19
2026-07-24 09:20:59,SELL,TITAN,4674.3,0.76,0,4650,0.52
2026-07-24 09:20:59,SELL-CORE,TITAN,4674.3,0.76,0,4650,0.52
2026-07-24 09:21:01,SELL-CORE,SHRIRAMFIN,1007.9,0.99,0,1040,-3.09
2026-07-24 09:21:03,SELL,HINDALCO,947.45,0.53,0,980,-3.32
2026-07-24 09:21:03,SELL-CORE,HINDALCO,947.45,0.53,0,980,-3.32
2026-07-24 09:21:07,SELL,SUNPHARMA,1951.6,0.41,22,1960,-0.43
2026-07-24 09:21:08,SELL-CORE,SUNPHARMA,1951.6,0.41,22,1960,-0.43
2026-07-24 09:21:09,SELL-CORE,ANGELONE,303.15,1.07,27,315,-3.76
2026-07-24 09:21:10,BUY-CORE,CGPOWER,885.75,0.99,53,900,-1.58
2026-07-24 09:21:12,SELL,NHPC,79.96,0.47,22,83,-3.66
2026-07-24 09:21:12,SELL-CORE,NHPC,79.96,0.47,22,83,-3.66
2026-07-24 09:21:14,SELL,HINDUNILVR,2154.3,0.73,0,2180,-1.18
2026-07-24 09:21:15,SELL-CORE,HINDUNILVR,2154.3,0.73,0,2180,-1.18
2026-07-24 09:21:18,BUY-CORE,RECLTD,359.75,0.54,57,370,-2.77
2026-07-24 09:21:19,SELL-CORE,TRENT,2858.8,1.13,27,2900,-1.42
2026-07-24 09:21:21,BUY-CORE,COFORGE,1465.3,0.55,57,1500,-2.31
2026-07-24 09:21:22,SELL,YESBANK,22.73,0.4,0,26,-12.58
2026-07-24 09:21:23,SELL-CORE,YESBANK,22.73,0.4,0,26,-12.58
2026-07-24 09:21:24,SELL-CORE,AMBER,7325.5,1.96,43,7200,1.74
2026-07-24 09:21:25,BUY-CORE,TECHM,1577.7,0.62,57,1580,-0.15
2026-07-24 09:21:28,SELL,EICHERMOT,7650.5,0.63,0,7700,-0.64
2026-07-24 09:21:29,SELL-CORE,EICHERMOT,7650.5,0.63,0,7700,-0.64
2026-07-24 09:21:30,SELL-CORE,INDIANB,820.9,1.21,27,820,0.11
2026-07-24 09:21:31,SELL,FEDERALBNK,352.6,0.8,0,350,0.74
2026-07-24 09:21:32,SELL-CORE,FEDERALBNK,352.6,0.8,0,350,0.74
2026-07-24 09:21:34,SELL-CORE,HDFCAMC,2493.5,2.69,43,2500,-0.26
2026-07-24 09:21:35,SELL,360ONE,1078.6,0.72,27,1120,-3.7
2026-07-24 09:21:36,SELL,PNB,109.59,0.79,0,110,-0.37
2026-07-24 09:21:38,BUY-CORE,POLYCAB,8956.0,0.83,42,9200,-2.65
2026-07-24 09:21:38,SELL-CORE,POLYCAB,8956.0,0.83,42,9200,-2.65
2026-07-24 09:21:40,SELL-CORE,KAYNES,3182.3,0.9,0,3250,-2.08
2026-07-24 09:21:42,BUY-CORE,HDFCLIFE,553.25,0.66,57,570,-2.94
2026-07-24 09:21:44,SELL,CUMMINSIND,5580.0,0.61,0,5650,-1.24
2026-07-24 09:21:44,SELL-CORE,CUMMINSIND,5580.0,0.61,0,5650,-1.24
2026-07-24 09:21:45,BUY-CORE,LAURUSLABS,1572.0,0.72,53,1580,-0.51
2026-07-24 09:21:47,SELL,GRASIM,3095.0,0.76,0,3120,-0.8
2026-07-24 09:21:47,SELL-CORE,GRASIM,3095.0,0.76,0,3120,-0.8
2026-07-24 09:21:49,BUY-CORE,PERSISTENT,5099.8,0.94,73,5100,-0.0
2026-07-24 09:21:50,SELL-CORE,LTF,301.45,0.93,0,310,-2.76
2026-07-24 09:21:51,SELL,HAL,4566.0,0.56,0,4600,-0.74
2026-07-24 09:21:51,SELL-CORE,HAL,4566.0,0.56,0,4600,-0.74
2026-07-24 09:21:52,SELL-CORE,INDUSTOWER,387.35,0.98,0,400,-3.16
2026-07-24 09:21:54,SELL-CORE,IDFCFIRSTB,79.5,0.95,0,80,-0.62
2026-07-24 09:21:55,SELL,VMM,107.96,0.65,0,112.5,-4.04
2026-07-24 09:21:56,SELL-CORE,VMM,107.96,0.65,0,112.5,-4.04
2026-07-24 09:21:57,SELL,ONGC,251.84,0.38,36,255,-1.24
2026-07-24 09:21:57,SELL-CORE,ONGC,251.84,0.38,36,255,-1.24
2026-07-24 09:21:59,SELL,POWERGRID,288.0,0.46,0,292.5,-1.54
2026-07-24 09:21:59,SELL-CORE,POWERGRID,288.0,0.46,0,292.5,-1.54
2026-07-24 09:22:00,SELL-CORE,MOTHERSON,144.39,1.23,27,143,0.97
2026-07-24 09:22:01,BUY-CORE,OFSS,10891.0,0.53,44,11100,-1.88
2026-07-24 09:22:02,SELL,DLF,639.15,0.67,0,655,-2.42
2026-07-24 09:22:04,SELL-CORE,AUBANK,972.5,1.21,27,990,-1.77
2026-07-24 09:22:05,BUY-CORE,AUROPHARMA,1528.6,0.55,57,1600,-4.46
2026-07-24 09:22:06,SELL-CORE,TORNTPHARM,5029.2,0.87,27,5000,0.58
2026-07-24 09:22:07,SELL,VOLTAS,1301.7,0.81,0,1340,-2.86
2026-07-24 09:22:08,SELL-CORE,VOLTAS,1301.7,0.81,0,1340,-2.86
2026-07-24 09:22:10,SELL,ABB,7491.5,0.61,0,7700,-2.71
2026-07-24 09:22:11,SELL,MUTHOOTFIN,2952.6,0.68,0,3100,-4.75
2026-07-24 09:22:12,SELL-CORE,MUTHOOTFIN,2952.6,0.68,0,3100,-4.75
2026-07-24 09:22:16,BUY-CORE,APOLLOHOSP,8861.0,0.76,42,8900,-0.44
2026-07-24 09:22:17,BUY-CORE,DMART,4058.0,0.59,44,4100,-1.02
2026-07-24 09:22:20,SELL-CORE,MAZDOCK,2292.9,0.92,0,2360,-2.84
2026-07-24 09:22:22,COIL,CDSL,1318.2,1.11,47,1360,-3.07
2026-07-24 09:22:23,SELL-CORE,ABCAPITAL,387.0,1.03,27,400,-3.25
2026-07-24 09:22:25,SELL,MAXHEALTH,1080.3,0.79,0,1100,-1.79
2026-07-24 09:22:26,SELL-CORE,MAXHEALTH,1080.3,0.79,0,1100,-1.79
2026-07-24 09:22:27,SELL,SBILIFE,1844.7,0.66,0,1860,-0.82
2026-07-24 09:22:28,SELL-CORE,SBILIFE,1844.7,0.66,0,1860,-0.82
2026-07-24 09:22:29,SELL-CORE,CROMPTON,246.3,0.87,0,255,-3.41
2026-07-24 09:22:32,SELL-CORE,JINDALSTEL,1036.2,0.88,0,1050,-1.31
2026-07-24 09:22:33,SELL,PRESTIGE,1612.6,0.68,0,1660,-2.86
2026-07-24 09:22:34,SELL-CORE,PRESTIGE,1612.6,0.68,0,1660,-2.86
2026-07-24 09:22:35,SELL-CORE,HINDPETRO,380.35,1.16,27,385,-1.21
2026-07-24 09:22:36,BUY-CORE,EXIDEIND,439.9,0.63,57,445,-1.15
2026-07-24 09:22:38,BUY-CORE,TATACONSUM,1107.4,0.79,73,1110,-0.23
2026-07-24 09:22:40,SELL,KEI,4886.0,0.79,27,5000,-2.28
2026-07-24 09:22:40,SELL-CORE,KEI,4886.0,0.79,27,5000,-2.28
2026-07-24 09:22:43,BUY-CORE,LTM,4001.6,0.75,73,4050,-1.2
2026-07-24 09:22:44,BUY-CORE,ZYDUSLIFE,1116.1,0.82,73,1140,-2.1
2026-07-24 09:22:47,SELL,JSWENERGY,550.0,0.67,0,565,-2.65
2026-07-24 09:22:48,SELL-CORE,JSWENERGY,550.0,0.67,0,565,-2.65
2026-07-24 09:22:49,BUY-CORE,HAVELLS,1204.7,0.77,42,1200,0.39
2026-07-24 09:22:50,SELL-CORE,HAVELLS,1204.7,0.77,42,1200,0.39
2026-07-24 09:22:52,SELL,BRITANNIA,5360.5,0.62,0,5450,-1.64
2026-07-24 09:22:53,SELL-CORE,BRITANNIA,5360.5,0.62,0,5450,-1.64
2026-07-24 09:22:54,BUY-CORE,ICICIPRULI,502.55,0.54,57,520,-3.36
2026-07-24 09:22:55,SELL-CORE,DABUR,421.2,1.12,27,425,-0.89
2026-07-24 09:22:57,SELL-CORE,IRFC,86.98,1.01,47,90,-3.36
2026-07-24 09:22:59,SELL-CORE,BLUESTARCO,1619.5,1.27,27,1600,1.22
2026-07-24 09:23:00,SELL-CORE,INDHOTEL,720.3,0.96,0,730,-1.33
2026-07-24 09:23:01,SELL,BHARATFORG,2161.5,0.76,0,2180,-0.85
2026-07-24 09:23:02,SELL-CORE,BHARATFORG,2161.5,0.76,0,2180,-0.85
2026-07-24 09:23:04,SELL-CORE,PIDILITIND,1554.0,1.32,43,1560,-0.38
2026-07-24 09:23:05,BUY-CORE,BAJAJHLDNG,10681.0,0.55,57,11000,-2.9
2026-07-24 09:23:07,BUY-CORE,RADICO,4074.0,0.67,57,4150,-1.83
2026-07-24 09:23:08,BUY-CORE,IEX,123.14,0.52,44,125,-1.49
2026-07-24 09:23:10,SELL,IREDA,119.22,0.75,0,122,-2.28
2026-07-24 09:23:10,SELL-CORE,IREDA,119.22,0.75,0,122,-2.28
2026-07-24 09:23:11,BUY-CORE,ASTRAL,1416.0,0.63,44,1440,-1.67
2026-07-24 09:23:14,SELL,SHREECEM,26730.0,0.71,0,27000,-1.0
2026-07-24 09:23:15,SELL-CORE,SHREECEM,26730.0,0.71,0,27000,-1.0
2026-07-24 09:23:17,SELL,DALBHARAT,1827.4,0.74,0,1840,-0.68
2026-07-24 09:23:18,SELL-CORE,DALBHARAT,1827.4,0.74,0,1840,-0.68
2026-07-24 09:23:20,SELL,MANKIND,2546.5,0.65,0,2600,-2.06
2026-07-24 09:23:20,SELL-CORE,MANKIND,2546.5,0.65,0,2600,-2.06
2026-07-24 09:23:22,BUY-CORE,UNITDSPR,1431.7,0.54,57,1440,-0.58
2026-07-24 09:23:23,BUY-CORE,PIIND,2749.5,0.5,57,2800,-1.8
2026-07-24 09:25:34,SELL-CORE,ADANIGREEN,1369.0,1.17,27,1400,-2.21
2026-07-24 09:25:38,SELL,WIPRO,174.87,0.52,36,180,-2.85
2026-07-24 09:25:38,SELL-CORE,WIPRO,174.87,0.52,36,180,-2.85
2026-07-24 09:25:40,SELL-CORE,ADANIPOWER,211.42,0.94,42,220,-3.9
2026-07-24 09:25:46,BUY-CORE,PFC,410.5,0.64,57,420,-2.26
2026-07-24 09:25:48,SELL,COALINDIA,427.0,0.84,27,435,-1.84
2026-07-24 09:25:48,SELL-CORE,COALINDIA,427.0,0.84,27,435,-1.84
2026-07-24 09:25:50,BUY-CORE,SUNPHARMA,1954.7,0.42,44,1960,-0.27
2026-07-24 09:25:52,BUY,CGPOWER,893.5,1.0,73,900,-0.72
2026-07-24 09:25:53,COIL,CGPOWER,893.5,1.0,73,900,-0.72
2026-07-24 09:25:55,SELL,SAIL,160.05,0.8,0,167.5,-4.45
2026-07-24 09:25:55,SELL-CORE,SAIL,160.05,0.8,0,167.5,-4.45
2026-07-24 09:25:58,SELL-CORE,NMDC,82.21,1.47,43,84,-2.13
2026-07-24 09:26:00,SELL,NTPC,346.85,0.47,0,355,-2.3
2026-07-24 09:26:00,SELL-CORE,NTPC,346.85,0.47,0,355,-2.3
2026-07-24 09:26:05,SELL,AMBUJACEM,418.0,0.56,0,435,-3.91
2026-07-24 09:26:06,SELL-CORE,AMBUJACEM,418.0,0.56,0,435,-3.91
2026-07-24 09:26:12,COIL,POLYCAB,8921.5,1.19,47,9000,-0.87
2026-07-24 09:26:15,SELL-CORE,PATANJALI,336.15,0.9,27,350,-3.96
2026-07-24 09:26:25,BUY-CORE,NESTLEIND,1451.6,0.48,44,1490,-2.58
2026-07-24 09:26:27,SELL-CORE,BANKINDIA,141.04,1.31,43,140.35,0.49
2026-07-24 09:26:31,SELL-CORE,COCHINSHIP,1389.8,0.98,27,1400,-0.73
2026-07-24 09:26:32,SELL,APOLLOHOSP,8849.5,0.76,27,8900,-0.57
2026-07-24 09:26:35,SELL,NAUKRI,1154.9,0.65,0,1200,-3.76
2026-07-24 09:26:36,SELL-CORE,NAUKRI,1154.9,0.65,0,1200,-3.76
2026-07-24 09:26:38,SELL-CORE,GAIL,170.57,1.13,27,170,0.34
2026-07-24 09:26:43,SELL,OIL,458.8,0.39,22,470,-2.38
2026-07-24 09:26:44,SELL-CORE,OIL,458.8,0.39,22,470,-2.38
2026-07-24 09:26:48,SELL,GLENMARK,2192.4,0.85,27,2240,-2.12
2026-07-24 09:26:48,SELL-CORE,GLENMARK,2192.4,0.85,27,2240,-2.12
2026-07-24 09:26:50,SELL-CORE,KFINTECH,864.95,1.33,43,860,0.58
2026-07-24 09:26:51,SELL-CORE,TATAPOWER,374.4,1.05,27,380,-1.47
2026-07-24 09:26:53,SELL,PNBHOUSING,1064.5,0.84,27,1080,-1.44
2026-07-24 09:26:53,SELL-CORE,PNBHOUSING,1064.5,0.84,27,1080,-1.44
2026-07-24 09:26:55,COIL,ZYDUSLIFE,1112.7,1.04,64,1130,-1.53
2026-07-24 09:26:58,SELL,HAVELLS,1204.9,0.77,0,1210,-0.42
2026-07-24 09:27:00,SELL-CORE,PHOENIXLTD,1990.3,1.57,43,2000,-0.49
2026-07-24 09:27:04,SELL,CAMS,751.75,0.79,0,780,-3.62
2026-07-24 09:27:04,SELL-CORE,CAMS,751.75,0.79,0,780,-3.62
2026-07-24 09:27:12,SELL,ASTRAL,1413.4,0.62,36,1440,-1.85
2026-07-24 09:27:12,SELL-CORE,ASTRAL,1413.4,0.62,36,1440,-1.85
2026-07-24 09:27:14,SELL-CORE,JUBLFOOD,412.3,1.75,56,410,0.56
2026-07-24 09:31:10,COIL,BSE,3542.0,1.01,47,3700,-4.27
2026-07-24 09:31:12,SELL-CORE,ADANIENT,3002.6,0.94,0,3000,0.09
2026-07-24 09:31:17,SELL,ADANIENSOL,1684.0,0.42,22,1720,-2.09
2026-07-24 09:31:18,SELL-CORE,ADANIENSOL,1684.0,0.42,22,1720,-2.09
2026-07-24 09:31:22,SELL-CORE,CANBK,123.82,1.19,27,125,-0.94
2026-07-24 09:31:30,SELL-CORE,CGPOWER,882.0,1.15,47,900,-2.0
2026-07-24 09:31:43,SELL,RVNL,223.34,0.58,22,240,-6.94
2026-07-24 09:31:44,SELL-CORE,RVNL,223.34,0.58,22,240,-6.94
2026-07-24 09:31:51,SELL-CORE,UNIONBANK,167.85,0.74,42,172.5,-2.7
2026-07-24 09:32:05,SELL,FORTIS,940.4,0.75,0,960,-2.04
2026-07-24 09:32:06,SELL-CORE,FORTIS,940.4,0.75,0,960,-2.04
2026-07-24 09:32:09,BUY-CORE,NAUKRI,1171.3,0.57,57,1200,-2.39
2026-07-24 09:32:20,SELL,GODREJPROP,2017.4,0.84,0,2040,-1.11
2026-07-24 09:32:24,BUY-CORE,ZYDUSLIFE,1115.9,0.83,73,1140,-2.11
2026-07-24 09:32:33,SELL,ALKEM,5604.0,0.7,22,5650,-0.81
2026-07-24 09:32:34,SELL-CORE,ALKEM,5604.0,0.7,22,5650,-0.81
2026-07-24 09:32:37,SELL-CORE,PAGEIND,40000.0,0.97,0,40000,0.0
2026-07-24 09:32:39,BUY-CORE,KPITTECH,551.95,0.4,44,590,-6.45
2026-07-24 09:35:31,BUY-CORE,ADANIENT,3019.0,0.7,36,3080,-1.98
2026-07-24 09:35:31,SELL,ADANIENT,3019.0,0.7,36,3080,-1.98
2026-07-24 09:35:35,BUY-CORE,ADANIENSOL,1694.1,0.35,36,1740,-2.64
2026-07-24 09:35:36,SELL,WIPRO,174.56,0.51,22,180,-3.02
2026-07-24 09:35:37,SELL-CORE,WIPRO,174.56,0.51,22,180,-3.02
2026-07-24 09:35:38,BUY-CORE,ADANIPOWER,212.74,0.94,42,220,-3.3
2026-07-24 09:35:47,BUY-CORE,CGPOWER,887.25,1.01,58,900,-1.42
2026-07-24 09:35:48,COIL,CGPOWER,887.25,1.01,58,900,-1.42
2026-07-24 09:35:57,SELL-CORE,NBCC,92.3,1.82,43,95,-2.84
2026-07-24 09:36:05,SELL,CUMMINSIND,5573.5,0.77,0,5600,-0.47
2026-07-24 09:36:06,SELL-CORE,CUMMINSIND,5573.5,0.77,0,5600,-0.47
2026-07-24 09:36:16,SELL,ABB,7479.0,0.61,0,7700,-2.87
2026-07-24 09:36:24,BUY-CORE,DIVISLAB,7275.0,0.62,44,7350,-1.02
2026-07-24 09:36:30,SELL,UNOMINDA,1115.9,0.64,0,1180,-5.43
2026-07-24 09:36:31,SELL-CORE,UNOMINDA,1115.9,0.64,0,1180,-5.43
2026-07-24 09:36:32,BUY-CORE,TATACONSUM,1113.3,0.79,73,1110,0.3
2026-07-24 09:36:33,SELL,GLENMARK,2196.0,0.84,27,2240,-1.96
2026-07-24 09:36:40,SELL,CONCOR,477.55,0.83,0,485,-1.54
2026-07-24 09:36:42,SELL-CORE,ICICIPRULI,498.9,0.86,27,505,-1.21
2026-07-24 09:36:45,BUY-CORE,CAMS,755.8,0.56,44,800,-5.53
2026-07-24 09:36:48,SELL-CORE,PIDILITIND,1555.5,1.21,27,1560,-0.29
2026-07-24 09:36:51,BUY-CORE,GODREJCP,1061.2,0.77,73,1080,-1.74
2026-07-24 09:36:53,SELL-CORE,GODFRYPHLP,2039.6,0.89,27,2150,-5.13
2026-07-24 09:36:55,COIL,MOTILALOFS,902.4,1.03,47,920,-1.91
2026-07-24 09:40:53,BUY,ADANIGREEN,1385.8,1.1,73,1400,-1.01
2026-07-24 09:40:54,BUY-CORE,ADANIGREEN,1385.8,1.1,73,1400,-1.01
2026-07-24 09:41:08,COIL,ANGELONE,304.95,1.05,47,315,-3.19
2026-07-24 09:41:17,SELL,TECHM,1548.9,0.83,0,1560,-0.71
2026-07-24 09:41:18,SELL-CORE,TECHM,1548.9,0.83,0,1560,-0.71
2026-07-24 09:41:24,SELL-CORE,PNB,109.38,0.93,0,109,0.35
2026-07-24 09:41:29,BUY-CORE,CUMMINSIND,5596.0,0.61,44,5650,-0.96
2026-07-24 09:41:36,SELL,OFSS,10852.0,0.53,22,11000,-1.35
2026-07-24 09:41:37,SELL-CORE,OFSS,10852.0,0.53,22,11000,-1.35
2026-07-24 09:41:41,SELL,APLAPOLLO,1814.0,0.58,0,1840,-1.41
2026-07-24 09:41:41,SELL-CORE,APLAPOLLO,1814.0,0.58,0,1840,-1.41
2026-07-24 09:41:47,SELL,FORTIS,940.65,0.75,0,960,-2.02
2026-07-24 09:41:48,SELL-CORE,FORTIS,940.65,0.75,0,960,-2.02
2026-07-24 09:41:51,SELL,NAUKRI,1167.65,0.65,22,1200,-2.7
2026-07-24 09:41:51,SELL-CORE,NAUKRI,1167.65,0.65,22,1200,-2.7
2026-07-24 09:41:52,SELL-CORE,MAZDOCK,2289.5,0.89,0,2360,-2.99
2026-07-24 09:41:54,COIL,CDSL,1313.9,1.11,47,1360,-3.39
2026-07-24 09:42:07,SELL,LTM,3965.0,0.82,27,4000,-0.88
2026-07-24 09:42:07,SELL-CORE,LTM,3965.0,0.82,27,4000,-0.88
2026-07-24 09:42:08,BUY-CORE,ZYDUSLIFE,1116.9,0.85,53,1140,-2.03
2026-07-24 09:42:12,BUY-CORE,HAVELLS,1210.0,0.6,57,1220,-0.82
2026-07-24 09:42:13,SELL,NAM-INDIA,1102.8,0.81,27,1160,-4.93
2026-07-24 09:42:13,SELL-CORE,NAM-INDIA,1102.8,0.81,27,1160,-4.93
2026-07-24 09:42:20,SELL,ALKEM,5621.0,0.7,22,5650,-0.51
2026-07-24 09:42:20,SELL-CORE,ALKEM,5621.0,0.7,22,5650,-0.51
2026-07-24 09:42:25,SELL,KPITTECH,549.35,0.4,0,590,-6.89
2026-07-24 09:42:26,SELL-CORE,KPITTECH,549.35,0.4,0,590,-6.89
2026-07-24 09:42:28,SELL-CORE,TIINDIA,2807.1,1.99,43,2750,2.08
2026-07-24 09:45:38,SELL,RELIANCE,1266.7,0.76,0,1300,-2.56
2026-07-24 09:45:39,SELL-CORE,ADANIENT,3009.5,0.98,0,3000,0.32
2026-07-24 09:45:41,SELL-CORE,ADANIGREEN,1371.1,1.3,43,1400,-2.06
2026-07-24 09:45:44,SELL,ADANIENSOL,1687.8,0.42,22,1720,-1.87
2026-07-24 09:45:45,SELL-CORE,ADANIENSOL,1687.8,0.42,22,1720,-1.87
2026-07-24 09:45:47,SELL-CORE,ADANIPOWER,211.3,0.93,42,220,-3.95
2026-07-24 09:45:51,BUY-CORE,TITAN,4672.1,0.75,42,4650,0.48
2026-07-24 09:46:00,SELL,HINDUNILVR,2159.0,0.72,27,2180,-0.96
2026-07-24 09:46:00,SELL-CORE,HINDUNILVR,2159.0,0.72,27,2180,-0.96
2026-07-24 09:46:14,SELL,HDFCLIFE,550.7,0.82,27,565,-2.53
2026-07-24 09:46:15,SELL-CORE,HDFCLIFE,550.7,0.82,27,565,-2.53
2026-07-24 09:46:22,BUY-CORE,OFSS,10799.0,0.6,44,11000,-1.83
2026-07-24 09:46:29,SELL,APOLLOHOSP,8847.5,0.72,0,8900,-0.59
2026-07-24 09:46:30,SELL-CORE,APOLLOHOSP,8847.5,0.72,0,8900,-0.59
2026-07-24 09:46:33,BUY-CORE,NAUKRI,1166.1,0.65,44,1200,-2.83
2026-07-24 09:46:34,SELL-CORE,RBLBANK,350.05,0.91,0,360,-2.76
2026-07-24 09:46:36,SELL,DIVISLAB,7268.0,0.63,22,7350,-1.12
2026-07-24 09:46:37,SELL-CORE,DIVISLAB,7268.0,0.63,22,7350,-1.12
2026-07-24 09:46:39,SELL-CORE,LICI,419.5,1.32,43,425,-1.29
2026-07-24 09:46:53,SELL-CORE,DABUR,421.8,1.14,27,425,-0.75
2026-07-24 09:46:54,BUY,PETRONET,270.9,1.38,100,270,0.33
2026-07-24 09:46:55,BUY-CORE,PETRONET,270.9,1.38,100,270,0.33
2026-07-24 09:47:05,SELL,SUPREMEIND,3396.6,0.69,22,3500,-2.95
2026-07-24 09:47:06,SELL-CORE,SUPREMEIND,3396.6,0.69,22,3500,-2.95
2026-07-24 09:50:42,COIL,INFY,1039.1,1.15,64,1045,-0.56
2026-07-24 09:50:50,SELL-CORE,PFC,407.05,0.87,27,415,-1.92
2026-07-24 09:50:58,SELL,RECLTD,357.45,0.62,22,365,-2.07
2026-07-24 09:50:59,SELL-CORE,RECLTD,357.45,0.62,22,365,-2.07
2026-07-24 09:51:02,SELL,TECHM,1552.7,0.68,0,1580,-1.73
2026-07-24 09:51:03,SELL-CORE,TECHM,1552.7,0.68,0,1580,-1.73
2026-07-24 09:51:06,BUY-CORE,ADANIPORTS,1777.4,0.87,42,1820,-2.34
2026-07-24 09:51:13,SELL,CUMMINSIND,5581.5,0.61,22,5650,-1.21
2026-07-24 09:51:13,SELL-CORE,CUMMINSIND,5581.5,0.61,22,5650,-1.21
2026-07-24 09:51:20,SELL,OFSS,10778.0,0.59,22,11000,-2.02
2026-07-24 09:51:20,SELL-CORE,OFSS,10778.0,0.59,22,11000,-2.02
2026-07-24 09:51:30,SELL,MARICO,848.05,0.53,22,860,-1.39
2026-07-24 09:51:30,SELL-CORE,MARICO,848.05,0.53,22,860,-1.39
2026-07-24 09:51:31,SELL,NAUKRI,1161.3,0.65,22,1200,-3.23
2026-07-24 09:51:32,SELL-CORE,NAUKRI,1161.3,0.65,22,1200,-3.23
2026-07-24 09:51:39,SELL-CORE,JINDALSTEL,1025.7,0.95,0,1050,-2.31
2026-07-24 09:51:45,SELL-CORE,ZYDUSLIFE,1112.4,1.07,47,1130,-1.56
2026-07-24 09:51:53,SELL-CORE,INDHOTEL,717.85,0.98,0,730,-1.66
2026-07-24 09:51:57,SELL-CORE,PAGEIND,40025.0,0.99,0,40000,0.06
2026-07-24 09:51:58,BUY-CORE,IEX,122.0,0.74,53,122,0.0
2026-07-24 09:51:59,BUY-CORE,KPITTECH,551.0,0.4,44,590,-6.61
2026-07-24 09:52:05,BUY-CORE,COLPAL,2094.3,0.67,57,2100,-0.27
2026-07-24 09:55:34,SELL,ADANIENSOL,1689.6,0.42,22,1720,-1.77
2026-07-24 09:55:35,SELL-CORE,ADANIENSOL,1689.6,0.42,22,1720,-1.77
2026-07-24 09:56:09,SELL-CORE,TORNTPHARM,5001.0,0.92,0,4950,1.03
2026-07-24 09:56:10,BUY-CORE,VOLTAS,1308.2,0.78,42,1340,-2.37
2026-07-24 09:56:29,BUY-CORE,LTM,3954.4,0.82,42,4000,-1.14
2026-07-24 09:56:36,BUY,PETRONET,270.85,1.35,78,270,0.31
2026-07-24 09:56:36,BUY-CORE,PETRONET,270.85,1.35,78,270,0.31
2026-07-24 09:56:41,SELL-CORE,PIDILITIND,1552.4,1.29,27,1560,-0.49
2026-07-24 10:01:04,SELL,MCX,2713.5,0.85,0,2800,-3.09
2026-07-24 10:01:36,SELL,HDFCLIFE,551.0,0.82,27,565,-2.48
2026-07-24 10:01:37,SELL-CORE,HDFCLIFE,551.0,0.82,27,565,-2.48
2026-07-24 10:01:39,SELL,UNIONBANK,166.95,0.73,0,172.5,-3.22
2026-07-24 10:02:11,SELL,LTM,3949.1,0.81,27,4000,-1.27
2026-07-24 10:02:14,SELL-CORE,SONACOMS,708.25,0.9,0,710,-0.25
2026-07-24 10:02:15,SELL,JSWENERGY,548.5,0.62,0,565,-2.92
2026-07-24 10:02:16,BUY-CORE,HAVELLS,1213.9,0.59,57,1220,-0.5
2026-07-24 10:02:19,BUY,MPHASIS,2226.0,1.53,78,2238,-0.54
2026-07-24 10:02:20,COIL,MPHASIS,2226.0,1.53,78,2238,-0.54
2026-07-24 10:02:28,SELL,KPITTECH,550.4,0.4,36,590,-6.71
2026-07-24 10:02:29,SELL-CORE,KPITTECH,550.4,0.4,36,590,-6.71
2026-07-24 10:02:31,BUY-CORE,ASTRAL,1411.2,0.66,36,1440,-2.0
2026-07-24 10:02:35,SELL,SUPREMEIND,3395.9,0.68,22,3500,-2.97
2026-07-24 10:02:35,SELL-CORE,SUPREMEIND,3395.9,0.68,22,3500,-2.97
2026-07-24 10:05:41,SELL,TITAN,4656.4,0.75,27,4650,0.14
2026-07-24 10:06:06,SELL,CUMMINSIND,5589.5,0.61,22,5650,-1.07
2026-07-24 10:06:07,SELL-CORE,CUMMINSIND,5589.5,0.61,22,5650,-1.07
2026-07-24 10:06:17,SELL-CORE,VOLTAS,1306.0,0.79,42,1340,-2.54
2026-07-24 10:06:23,SELL,DMART,4028.6,0.56,22,4100,-1.74
2026-07-24 10:06:23,SELL-CORE,DMART,4028.6,0.56,22,4100,-1.74
2026-07-24 10:06:31,SELL-CORE,LICI,417.85,2.02,43,415,0.69
2026-07-24 10:06:36,SELL,EXIDEIND,439.4,0.68,22,445,-1.26
2026-07-24 10:06:37,SELL-CORE,EXIDEIND,439.4,0.68,22,445,-1.26
2026-07-24 10:06:53,SELL-CORE,TATAELXSI,3391.0,0.84,42,3500,-3.11
2026-07-24 10:06:57,SELL,GODREJCP,1055.3,0.77,27,1080,-2.29
2026-07-24 10:06:57,SELL-CORE,GODREJCP,1055.3,0.77,27,1080,-2.29
2026-07-24 10:10:50,SELL,SUNPHARMA,1951.1,0.42,22,1960,-0.45
2026-07-24 10:10:51,SELL-CORE,SUNPHARMA,1951.1,0.42,22,1960,-0.45
2026-07-24 10:10:52,BUY-CORE,CGPOWER,888.45,1.03,58,900,-1.28
2026-07-24 10:10:53,COIL,CGPOWER,888.45,1.03,58,900,-1.28
2026-07-24 10:11:10,BUY-CORE,CUMMINSIND,5596.5,0.61,44,5650,-0.95
2026-07-24 10:11:20,SELL,ABB,7490.0,0.62,0,7700,-2.73
2026-07-24 10:11:27,SELL,MAZDOCK,2282.3,0.85,0,2360,-3.29
2026-07-24 10:11:33,SELL,LODHA,1128.35,0.8,0,1120,0.75
2026-07-24 10:11:34,SELL-CORE,LODHA,1128.35,0.8,0,1120,0.75
2026-07-24 10:11:37,BUY-CORE,EXIDEIND,440.0,0.66,44,445,-1.12
2026-07-24 10:11:51,SELL,TATAELXSI,3381.0,0.83,0,3500,-3.4
2026-07-24 10:15:55,BUY,CGPOWER,887.65,1.02,73,900,-1.37
2026-07-24 10:16:06,SELL,FEDERALBNK,351.35,0.82,0,350,0.39
2026-07-24 10:16:20,SELL-CORE,TORNTPHARM,5005.7,0.92,27,4950,1.13
2026-07-24 10:16:36,SELL,EXIDEIND,439.05,0.66,22,445,-1.34
2026-07-24 10:16:37,SELL-CORE,EXIDEIND,439.05,0.66,22,445,-1.34
2026-07-24 10:16:38,SELL,TATACONSUM,1106.6,0.81,27,1110,-0.31
2026-07-24 10:16:38,SELL-CORE,TATACONSUM,1106.6,0.81,27,1110,-0.31
2026-07-24 10:16:47,COIL,MPHASIS,2225.1,1.41,71,2238,-0.58
2026-07-24 10:16:49,SELL-CORE,DABUR,420.5,1.14,27,425,-1.06
2026-07-24 10:16:49,BUY,PETRONET,271.0,1.36,78,270,0.37
2026-07-24 10:16:50,BUY-CORE,PETRONET,271.0,1.36,78,270,0.37
2026-07-24 10:16:51,SELL-CORE,CAMS,750.05,0.89,0,780,-3.84
2026-07-24 10:16:56,SELL-CORE,PAGEIND,39800.0,1.21,27,40000,-0.5
2026-07-24 10:21:07,BUY-CORE,CUMMINSIND,5591.0,0.6,57,5650,-1.04
2026-07-24 10:21:08,SELL,LAURUSLABS,1569.2,0.68,22,1580,-0.68
2026-07-24 10:21:09,SELL-CORE,LAURUSLABS,1569.2,0.68,22,1580,-0.68
2026-07-24 10:21:22,BUY-CORE,DMART,4021.7,0.61,36,4100,-1.91
2026-07-24 10:21:33,BUY-CORE,TATACONSUM,1109.4,0.8,53,1110,-0.05
2026-07-24 10:21:34,SELL,GLENMARK,2190.4,0.84,27,2240,-2.21
2026-07-24 10:21:38,BUY-CORE,LTM,3959.0,0.81,42,4000,-1.03
2026-07-24 10:25:53,SELL,BEL,402.7,0.75,27,415,-2.96
2026-07-24 10:25:54,BUY-CORE,ITC,282.2,0.66,44,290,-2.69
2026-07-24 10:25:57,SELL-CORE,CGPOWER,885.05,1.02,47,900,-1.66
2026-07-24 10:26:11,SELL,360ONE,1072.3,0.72,27,1120,-4.26
2026-07-24 10:26:15,SELL,HCLTECH,1240.0,0.65,0,1240,0.0
2026-07-24 10:26:15,SELL-CORE,HCLTECH,1240.0,0.65,0,1240,0.0
2026-07-24 10:26:44,BUY-CORE,EXIDEIND,439.2,0.63,36,445,-1.3
2026-07-24 10:26:45,SELL-CORE,TATACONSUM,1108.1,0.8,42,1110,-0.17
2026-07-24 10:26:50,SELL,LTM,3940.2,0.82,0,4000,-1.5
2026-07-24 10:27:00,SELL,BHARATFORG,2132.3,0.79,0,2180,-2.19
2026-07-24 10:27:06,SELL,ASTRAL,1407.7,0.76,27,1420,-0.87
2026-07-24 10:31:12,SELL,MCX,2714.4,0.85,27,2800,-3.06
2026-07-24 10:31:23,SELL,PFC,406.75,0.85,27,415,-1.99
2026-07-24 10:31:28,SELL,MARUTI,13262.0,0.77,0,13600,-2.49
2026-07-24 10:31:41,BUY-CORE,BAJAJ-AUTO,11265.0,1.12,58,11100,1.49
2026-07-24 10:31:54,SELL,VOLTAS,1303.4,0.78,27,1340,-2.73
2026-07-24 10:32:35,BUY-CORE,COLPAL,2081.8,0.84,42,2080,0.09
2026-07-24 10:32:35,SELL-CORE,COLPAL,2081.8,0.84,42,2080,0.09
2026-07-24 10:35:50,SELL,SAIL,158.36,0.85,0,165,-4.02
2026-07-24 10:35:59,SELL,ADANIPORTS,1770.3,0.83,27,1820,-2.73
2026-07-24 10:36:03,SELL,360ONE,1072.9,0.72,27,1120,-4.21
2026-07-24 10:36:40,SELL,SONACOMS,716.05,0.77,27,730,-1.91
2026-07-24 10:36:40,SELL-CORE,SONACOMS,716.05,0.77,27,730,-1.91
2026-07-24 10:36:45,SELL-CORE,MPHASIS,2201.8,1.34,56,2218,-0.73
2026-07-24 10:36:46,SELL,ICICIPRULI,497.9,0.85,27,505,-1.41
2026-07-24 10:37:01,SELL,COLPAL,2079.6,0.84,27,2080,-0.02
2026-07-24 10:40:40,SELL,MIDCPNIFTY,14260.9,0.85,0,14300,-0.27
2026-07-24 10:40:41,SELL-CORE,MIDCPNIFTY,14260.9,0.85,0,14300,-0.27
2026-07-24 10:40:44,BUY-CORE,ADANIENT,3012.0,0.68,44,3080,-2.21
2026-07-24 10:40:48,COIL,INFY,1022.8,1.54,71,1030,-0.7
2026-07-24 10:40:49,BUY-CORE,ADANIENSOL,1697.0,0.33,36,1760,-3.58
2026-07-24 10:40:50,SELL,ADANIENSOL,1697.0,0.33,36,1760,-3.58
2026-07-24 10:40:50,SELL-CORE,ADANIENSOL,1697.0,0.33,36,1760,-3.58
2026-07-24 10:40:52,BUY-CORE,ADANIPOWER,212.64,0.92,42,220,-3.35
2026-07-24 10:40:59,SELL,PFC,406.95,0.83,27,415,-1.94
2026-07-24 10:41:00,BUY-CORE,COALINDIA,427.35,0.83,42,435,-1.76
2026-07-24 10:41:14,BUY-CORE,ADANIPORTS,1773.1,0.84,42,1820,-2.58
2026-07-24 10:41:18,BUY,BAJAJ-AUTO,11285.0,1.12,73,11100,1.67
2026-07-24 10:41:21,BUY-CORE,HCLTECH,1245.3,0.53,36,1260,-1.17
2026-07-24 10:41:39,SELL,MARICO,845.2,0.65,0,855,-1.15
2026-07-24 10:41:40,SELL-CORE,MARICO,845.2,0.65,0,855,-1.15
2026-07-24 10:41:44,SELL-CORE,MAXHEALTH,1073.4,1.17,27,1090,-1.52
2026-07-24 10:41:49,SELL,PRESTIGE,1590.3,0.85,0,1640,-3.03
2026-07-24 10:41:51,BUY-CORE,EXIDEIND,439.0,0.61,36,445,-1.35
2026-07-24 10:41:53,SELL,GLENMARK,2190.1,0.81,0,2240,-2.23
2026-07-24 10:41:58,BUY-CORE,SONACOMS,721.95,0.77,53,730,-1.1
2026-07-24 10:41:59,SELL,PGEL,565.05,0.8,0,580,-2.58
2026-07-24 10:42:06,BUY,BLUESTARCO,1639.5,1.01,73,1640,-0.03
2026-07-24 10:42:06,BUY-CORE,BLUESTARCO,1639.5,1.01,73,1640,-0.03
2026-07-24 10:42:11,BUY-CORE,IEX,123.26,0.59,44,123,0.21
2026-07-24 10:42:14,BUY-CORE,ASTRAL,1415.5,0.68,36,1440,-1.7
2026-07-24 10:42:14,SELL,ASTRAL,1415.5,0.68,36,1440,-1.7
2026-07-24 10:42:15,SELL-CORE,ASTRAL,1415.5,0.68,36,1440,-1.7
2026-07-24 10:45:45,SELL-CORE,ADANIENT,3008.9,0.91,27,3000,0.3
2026-07-24 10:45:57,BUY-CORE,PFC,407.9,0.62,36,420,-2.88
2026-07-24 10:45:59,SELL,COALINDIA,426.4,0.83,27,435,-1.98
2026-07-24 10:46:04,SELL,SAIL,158.68,0.85,0,165,-3.83
2026-07-24 10:46:07,SELL,TRENT,2865.5,0.81,27,2900,-1.19
2026-07-24 10:46:20,BUY-CORE,HDFCLIFE,552.1,0.82,73,565,-2.28
2026-07-24 10:46:22,BUY-CORE,CUMMINSIND,5612.0,0.6,57,5700,-1.54
2026-07-24 10:46:31,BUY-CORE,VOLTAS,1313.0,0.72,53,1360,-3.46
2026-07-24 10:46:40,SELL,MAZDOCK,2284.0,0.85,0,2360,-3.22
2026-07-24 10:46:50,SELL-CORE,TATACONSUM,1106.7,0.79,42,1110,-0.3
2026-07-24 10:46:54,BUY-CORE,LTM,3972.5,0.82,53,4000,-0.69
2026-07-24 10:47:05,BUY-CORE,TATAELXSI,3396.6,0.81,53,3500,-2.95
2026-07-24 10:47:08,BUY-CORE,KPITTECH,553.85,0.41,44,590,-6.13
2026-07-24 10:47:12,SELL-CORE,SHREECEM,26570.0,0.89,0,26500,0.26
2026-07-24 10:50:39,BUY-CORE,RELIANCE,1273.3,0.76,42,1300,-2.05
2026-07-24 10:50:42,BUY,ADANIGREEN,1382.1,1.36,78,1400,-1.28
2026-07-24 10:50:42,BUY-CORE,ADANIGREEN,1382.1,1.36,78,1400,-1.28
2026-07-24 10:50:45,COIL,INFY,1023.8,1.51,71,1030,-0.6
2026-07-24 10:50:52,SELL,NATIONALUM,341.4,0.85,0,350,-2.46
2026-07-24 10:50:56,BUY-CORE,COALINDIA,427.3,0.83,42,435,-1.77
2026-07-24 10:51:04,BUY-CORE,TRENT,2870.2,0.82,53,2900,-1.03
2026-07-24 10:51:15,BUY-CORE,BAJAJFINSV,1882.4,0.58,36,1900,-0.93
2026-07-24 10:51:32,SELL,COCHINSHIP,1393.6,0.71,27,1440,-3.22
2026-07-24 10:51:32,SELL-CORE,COCHINSHIP,1393.6,0.71,27,1440,-3.22
2026-07-24 10:51:55,COIL,MPHASIS,2206.7,1.2,64,2238,-1.4
2026-07-24 10:51:58,SELL,CAMS,753.3,0.85,27,780,-3.42
2026-07-24 10:52:02,SELL-CORE,PAGEIND,40115.0,0.91,0,40000,0.29
2026-07-24 10:55:35,BUY-CORE,ADANIENT,3014.0,0.68,36,3080,-2.14
2026-07-24 10:55:36,SELL,ADANIENT,3014.0,0.68,36,3080,-2.14
2026-07-24 10:55:37,SELL-CORE,ADANIENT,3014.0,0.68,36,3080,-2.14
2026-07-24 10:55:41,BUY-CORE,ADANIENSOL,1697.2,0.32,44,1760,-3.57
2026-07-24 10:55:51,SELL,COALINDIA,426.4,0.83,27,435,-1.98
2026-07-24 10:56:06,SELL-CORE,FEDERALBNK,350.6,0.87,0,350,0.17
2026-07-24 10:56:22,SELL-CORE,VOLTAS,1307.5,0.79,42,1340,-2.43
2026-07-24 10:56:28,BUY-CORE,COCHINSHIP,1394.1,0.74,53,1440,-3.19
2026-07-24 10:56:41,SELL,EXIDEIND,439.55,0.6,36,445,-1.22
2026-07-24 10:56:42,SELL-CORE,EXIDEIND,439.55,0.6,36,445,-1.22
2026-07-24 10:56:57,SELL-CORE,TATAELXSI,3393.8,0.82,42,3500,-3.03
2026-07-24 10:57:00,SELL,IEX,122.3,0.73,27,122,0.25
2026-07-24 10:57:01,SELL-CORE,IEX,122.3,0.73,27,122,0.25
2026-07-24 11:00:54,SELL-CORE,RELIANCE,1273.4,0.77,42,1300,-2.05
2026-07-24 11:00:59,SELL,ADANIENSOL,1695.2,0.32,36,1760,-3.68
2026-07-24 11:01:00,SELL-CORE,ADANIENSOL,1695.2,0.32,36,1760,-3.68
2026-07-24 11:01:07,SELL,PFC,408.05,0.63,22,420,-2.85
2026-07-24 11:01:08,SELL-CORE,PFC,408.05,0.63,22,420,-2.85
2026-07-24 11:01:38,SELL,VOLTAS,1306.6,0.79,27,1340,-2.49
2026-07-24 11:01:40,SELL,ABB,7475.5,0.63,0,7700,-2.92
2026-07-24 11:01:43,SELL-CORE,COCHINSHIP,1384.9,0.99,27,1400,-1.08
2026-07-24 11:02:01,SELL,PGEL,565.45,0.81,0,580,-2.51
2026-07-24 11:02:05,BUY-CORE,BRITANNIA,5375.0,0.66,44,5400,-0.46
2026-07-24 11:02:06,SELL-CORE,MPHASIS,2195.4,1.19,47,2200,-0.21
2026-07-24 11:02:09,SELL-CORE,BLUESTARCO,1631.2,1.03,47,1640,-0.54
2026-07-24 11:02:10,COIL,BLUESTARCO,1631.2,1.03,47,1640,-0.54
2026-07-24 11:02:14,BUY-CORE,PAGEIND,40255.0,0.96,53,40500,-0.6
2026-07-24 11:02:19,BUY,NUVAMA,1942.0,1.02,73,1940,0.1
2026-07-24 11:05:47,BUY-CORE,TRENT,2881.0,0.8,53,2900,-0.66
2026-07-24 11:05:58,SELL,LUPIN,2357.1,0.85,0,2400,-1.79
2026-07-24 11:05:59,SELL,HCLTECH,1242.4,0.63,22,1240,0.19
2026-07-24 11:06:00,SELL-CORE,HCLTECH,1242.4,0.63,22,1240,0.19
2026-07-24 11:06:27,SELL,GLENMARK,2191.0,0.81,0,2240,-2.19
2026-07-24 11:06:43,BUY-CORE,IEX,122.9,0.58,44,125,-1.68
2026-07-24 11:06:44,SELL,GODREJCP,1054.6,0.82,0,1080,-2.35
2026-07-24 11:06:44,SELL-CORE,GODREJCP,1054.6,0.82,0,1080,-2.35
2026-07-24 11:06:49,SELL,SUPREMEIND,3391.2,0.66,0,3500,-3.11
2026-07-24 11:06:49,SELL-CORE,SUPREMEIND,3391.2,0.66,0,3500,-3.11
2026-07-24 11:15:44,SELL-CORE,ADANIGREEN,1376.5,1.37,43,1400,-1.68
2026-07-24 11:15:47,SELL-CORE,INFY,1020.1,2.09,56,1000,2.01
2026-07-24 11:15:51,SELL,BHEL,406.45,0.75,27,412.5,-1.47
2026-07-24 11:16:04,COIL,TMPV,321.5,1.14,47,330,-2.58
2026-07-24 11:16:17,BUY-CORE,HCLTECH,1243.8,0.63,44,1240,0.31
2026-07-24 11:16:19,SELL,HDFCLIFE,552.2,0.81,27,565,-2.27
2026-07-24 11:16:19,SELL-CORE,HDFCLIFE,552.2,0.81,27,565,-2.27
2026-07-24 11:16:30,BUY-CORE,VOLTAS,1314.8,0.73,53,1360,-3.32
2026-07-24 11:16:32,SELL,ABB,7487.0,0.63,0,7700,-2.77
2026-07-24 11:16:36,SELL,COCHINSHIP,1391.6,0.71,27,1440,-3.36
2026-07-24 11:16:39,SELL,MARICO,844.15,0.63,0,860,-1.84
2026-07-24 11:16:58,SELL,BRITANNIA,5369.0,0.64,0,5400,-0.57
2026-07-24 11:16:59,SELL-CORE,BRITANNIA,5369.0,0.64,0,5400,-0.57
2026-07-24 11:17:00,COIL,MPHASIS,2200.2,1.09,64,2238,-1.69
2026-07-24 11:17:07,SELL,BAJAJHLDNG,10613.0,0.52,22,11000,-3.52
2026-07-24 11:17:07,SELL-CORE,BAJAJHLDNG,10613.0,0.52,22,11000,-3.52
2026-07-24 11:17:08,SELL-CORE,PAGEIND,40270.0,0.95,42,40500,-0.57
2026-07-24 11:17:15,BUY-CORE,SUPREMEIND,3461.6,0.64,57,3500,-1.1
2026-07-24 11:25:30,SELL,MIDCPNIFTY,14322.6,0.84,0,14350,-0.19
2026-07-24 11:25:31,SELL,BSE,3559.0,0.7,22,3700,-3.81
2026-07-24 11:25:33,BUY-CORE,ADANIENT,3015.4,0.73,42,3060,-1.46
2026-07-24 11:25:39,BUY-CORE,ADANIPOWER,212.25,0.91,42,220,-3.52
2026-07-24 11:25:43,SELL,SHRIRAMFIN,1002.4,0.85,0,1030,-2.68
2026-07-24 11:25:45,BUY-CORE,PFC,410.1,0.63,44,420,-2.36
2026-07-24 11:25:48,COIL,ANGELONE,304.45,1.01,47,315,-3.35
2026-07-24 11:25:59,BUY-CORE,ADANIPORTS,1771.8,0.81,42,1820,-2.65
2026-07-24 11:26:01,BUY-CORE,RVNL,223.31,0.56,36,240,-6.95
2026-07-24 11:26:03,SELL-CORE,BAJAJ-AUTO,11280.0,1.05,58,11200,0.71
2026-07-24 11:26:06,SELL,HCLTECH,1243.4,0.62,22,1240,0.27
2026-07-24 11:26:06,SELL-CORE,HCLTECH,1243.4,0.62,22,1240,0.27
2026-07-24 11:26:07,BUY-CORE,HDFCLIFE,552.75,0.65,57,570,-3.03
2026-07-24 11:26:09,SELL,UNIONBANK,166.91,0.72,0,172.5,-3.24
2026-07-24 11:26:12,BUY-CORE,INDUSTOWER,392.7,0.77,42,405,-3.04
2026-07-24 11:26:15,BUY-CORE,POWERGRID,289.25,0.41,44,295,-1.95
2026-07-24 11:26:20,BUY-CORE,ABB,7569.0,0.46,44,7900,-4.19
2026-07-24 11:26:23,BUY,BPCL,311.2,1.11,100,310,0.39
2026-07-24 11:26:23,BUY-CORE,BPCL,311.2,1.11,100,310,0.39
2026-07-24 11:26:32,SELL,CROMPTON,246.7,0.75,0,255,-3.25
2026-07-24 11:26:32,BUY-CORE,SIEMENS,3687.4,0.6,57,3700,-0.34
2026-07-24 11:26:34,BUY-CORE,LODHA,1143.75,0.77,42,1140,0.33
2026-07-24 11:26:35,SELL,JINDALSTEL,1036.6,0.81,27,1060,-2.21
2026-07-24 11:26:37,BUY-CORE,EXIDEIND,439.2,0.63,44,445,-1.3
2026-07-24 11:26:45,SELL,NAM-INDIA,1098.7,0.79,27,1160,-5.28
2026-07-24 11:26:46,SELL,CONCOR,478.45,0.81,0,485,-1.35
2026-07-24 11:26:47,BUY-CORE,BRITANNIA,5390.5,0.61,36,5450,-1.09
2026-07-24 11:26:50,SELL,CAMS,755.85,0.61,22,800,-5.52
2026-07-24 11:26:51,BUY,BLUESTARCO,1642.7,1.05,100,1640,0.16
2026-07-24 11:26:52,BUY-CORE,BLUESTARCO,1642.7,1.05,100,1640,0.16
2026-07-24 11:26:53,BUY-CORE,INDHOTEL,722.95,0.68,36,730,-0.97
2026-07-24 11:26:53,SELL,INDHOTEL,722.95,0.68,36,730,-0.97
2026-07-24 11:26:59,SELL,IREDA,119.09,0.77,27,121,-1.58
2026-07-24 11:31:21,SELL-CORE,ADANIGREEN,1376.4,1.35,43,1400,-1.69
2026-07-24 11:31:24,SELL,TCS,2218.4,0.68,0,2240,-0.96
2026-07-24 11:31:25,SELL-CORE,TCS,2218.4,0.68,0,2240,-0.96
2026-07-24 11:31:26,SELL-CORE,INFY,1014.9,2.22,56,1000,1.49
2026-07-24 11:31:27,BUY-CORE,ADANIENSOL,1689.1,0.35,36,1740,-2.93
2026-07-24 11:31:32,BUY-CORE,TITAN,4665.1,0.75,42,4650,0.32
2026-07-24 11:31:34,SELL,NATIONALUM,341.65,0.85,27,350,-2.39
2026-07-24 11:31:49,COIL,ASHOKLEY,149.47,1.09,47,155,-3.57
2026-07-24 11:32:07,SELL,NESTLEIND,1448.0,0.49,22,1490,-2.82
2026-07-24 11:32:08,SELL-CORE,NESTLEIND,1448.0,0.49,22,1490,-2.82
2026-07-24 11:32:24,SELL,LODHA,1140.8,0.77,27,1140,0.07
2026-07-24 11:32:27,SELL,EXIDEIND,439.4,0.62,36,445,-1.26
2026-07-24 11:32:27,SELL-CORE,EXIDEIND,439.4,0.62,36,445,-1.26
2026-07-24 11:32:38,COIL,MPHASIS,2206.2,1.11,64,2238,-1.42
2026-07-24 11:32:41,SELL-CORE,BLUESTARCO,1626.0,1.27,58,1600,1.62
2026-07-24 11:32:45,SELL,BAJAJHLDNG,10620.0,0.49,22,11000,-3.45
2026-07-24 11:32:46,SELL-CORE,BAJAJHLDNG,10620.0,0.49,22,11000,-3.45
2026-07-24 11:32:50,COIL,TIINDIA,2784.7,1.83,56,2800,-0.55
2026-07-24 11:35:53,SELL,RECLTD,358.6,0.54,22,370,-3.08
2026-07-24 11:35:53,SELL-CORE,RECLTD,358.6,0.54,22,370,-3.08
2026-07-24 11:35:58,SELL,TECHM,1534.1,0.64,0,1560,-1.66
2026-07-24 11:36:04,BUY,BAJAJ-AUTO,11286.0,1.05,73,11200,0.77
2026-07-24 11:36:05,BUY-CORE,BAJAJ-AUTO,11286.0,1.05,73,11200,0.77
2026-07-24 11:36:10,BUY-CORE,LAURUSLABS,1569.2,0.64,44,1580,-0.68
2026-07-24 11:36:20,SELL,ABB,7525.0,0.65,22,7700,-2.27
2026-07-24 11:36:21,SELL-CORE,ABB,7525.0,0.65,22,7700,-2.27
2026-07-24 11:36:23,BUY,LICHSGFIN,535.2,1.2,73,540,-0.89
2026-07-24 11:36:24,BUY-CORE,LICHSGFIN,535.2,1.2,73,540,-0.89
2026-07-24 11:36:46,SELL,CONCOR,477.75,0.83,0,485,-1.49
2026-07-24 11:36:57,SELL,GODREJCP,1056.6,0.77,0,1080,-2.17
2026-07-24 11:36:57,SELL-CORE,GODREJCP,1056.6,0.77,0,1080,-2.17
2026-07-24 11:40:38,BUY,ADANIGREEN,1382.7,1.38,64,1400,-1.24
2026-07-24 11:40:39,BUY-CORE,ADANIGREEN,1382.7,1.38,64,1400,-1.24
2026-07-24 11:40:44,BUY-CORE,BHEL,410.6,0.74,53,415,-1.06
2026-07-24 11:40:54,BUY-CORE,NHPC,79.75,0.44,36,83,-3.92
2026-07-24 11:41:10,BUY-CORE,HCLTECH,1246.6,0.52,44,1250,-0.27
2026-07-24 11:41:20,BUY-CORE,NESTLEIND,1451.9,0.48,36,1490,-2.56
2026-07-24 11:41:22,BUY-CORE,ABB,7543.5,0.46,44,7900,-4.51
2026-07-24 11:41:40,COIL,TATAPOWER,373.4,1.04,47,380,-1.74
2026-07-24 11:41:49,SELL,CAMS,755.55,0.61,22,800,-5.56
2026-07-24 11:41:58,COIL,JUBLFOOD,412.65,1.45,56,420,-1.75
2026-07-24 11:45:41,BUY-CORE,ADANIENT,3018.0,0.72,42,3060,-1.37
2026-07-24 11:45:49,SELL,TITAN,4677.2,0.64,36,4650,0.58
2026-07-24 11:45:57,BUY-CORE,MARUTI,13398.0,0.71,42,13600,-1.49
2026-07-24 11:45:59,BUY-CORE,KOTAKBANK,383.75,0.78,42,385,-0.32
2026-07-24 11:46:00,BUY,NMDC,82.98,1.35,64,84,-1.21
2026-07-24 11:46:01,BUY-CORE,NMDC,82.98,1.35,64,84,-1.21
2026-07-24 11:46:07,BUY-CORE,ADANIPORTS,1776.0,0.8,42,1820,-2.42
2026-07-24 11:46:11,SELL-CORE,BAJAJ-AUTO,11240.0,1.18,47,11100,1.26
2026-07-24 11:46:22,SELL,DLF,638.3,0.59,0,660,-3.29
2026-07-24 11:46:50,BUY-CORE,IRFC,87.15,0.94,42,90,-3.17
2026-07-24 11:46:51,BUY-CORE,CAMS,758.8,0.61,36,800,-5.15
2026-07-24 11:46:59,BUY-CORE,GODFRYPHLP,2062.5,0.94,42,2100,-1.79
2026-07-24 11:50:42,COIL,INFY,1022.8,1.41,71,1030,-0.7
2026-07-24 11:50:54,BUY,CGPOWER,887.9,1.07,73,900,-1.34
2026-07-24 11:50:54,BUY-CORE,CGPOWER,887.9,1.07,73,900,-1.34
2026-07-24 11:50:55,BUY-CORE,NHPC,79.77,0.44,44,83,-3.89
2026-07-24 11:51:03,COIL,ASHOKLEY,149.89,1.09,47,155,-3.3
2026-07-24 11:51:17,SELL,IDFCFIRSTB,79.59,0.72,0,81,-1.74
2026-07-24 11:51:36,BUY-CORE,LODHA,1149.0,0.74,42,1140,0.79
2026-07-24 11:51:37,SELL,JINDALSTEL,1035.4,0.81,27,1060,-2.32
2026-07-24 11:51:41,SELL,GODREJPROP,2034.3,0.79,27,2040,-0.28
2026-07-24 11:51:52,BUY-CORE,BLUESTARCO,1635.8,1.08,58,1640,-0.26
2026-07-24 11:51:55,BUY-CORE,PIDILITIND,1559.1,0.89,42,1580,-1.32
2026-07-24 11:52:00,COIL,JUBLFOOD,412.55,1.44,71,420,-1.77
2026-07-24 11:52:03,BUY-CORE,DALBHARAT,1850.8,0.58,36,1860,-0.49
2026-07-24 11:55:35,SELL,BSE,3555.0,0.7,22,3700,-3.92
2026-07-24 11:55:38,BUY,ADANIGREEN,1392.5,1.15,100,1400,-0.54
2026-07-24 11:55:52,SELL-CORE,CGPOWER,884.9,1.25,47,890,-0.57
2026-07-24 11:55:54,SELL,NHPC,79.66,0.45,22,83,-4.02
2026-07-24 11:55:54,SELL-CORE,NHPC,79.66,0.45,22,83,-4.02
2026-07-24 11:55:56,BUY-CORE,SAIL,160.38,0.7,36,165,-2.8
2026-07-24 11:56:00,BUY-CORE,CHOLAFIN,1714.6,1.0,58,1780,-3.67
2026-07-24 11:56:01,COIL,CHOLAFIN,1714.6,1.0,58,1780,-3.67
2026-07-24 11:56:12,SELL,KAYNES,3163.1,0.85,27,3250,-2.67
2026-07-24 11:56:23,SELL,NESTLEIND,1447.6,0.47,22,1490,-2.85
2026-07-24 11:56:24,SELL-CORE,NESTLEIND,1447.6,0.47,22,1490,-2.85
2026-07-24 11:56:51,SELL,BRITANNIA,5392.0,0.6,36,5450,-1.06
2026-07-24 11:56:51,SELL-CORE,BRITANNIA,5392.0,0.6,36,5450,-1.06
2026-07-24 11:56:53,COIL,MPHASIS,2223.6,1.02,64,2238,-0.64
2026-07-24 11:56:54,BUY-CORE,ICICIPRULI,500.65,0.85,42,505,-0.86
2026-07-24 12:01:04,SELL-CORE,INFY,1019.2,1.97,56,1000,1.92
2026-07-24 12:01:09,SELL-CORE,BANKBARODA,242.85,1.28,47,245,-0.88
2026-07-24 12:01:21,BUY-CORE,RECLTD,358.55,0.55,44,370,-3.09
2026-07-24 12:01:32,SELL-CORE,BAJAJ-AUTO,11219.0,1.18,47,11100,1.07
2026-07-24 12:01:35,SELL,LUPIN,2367.5,0.85,0,2400,-1.35
2026-07-24 12:01:40,SELL-CORE,INDUSTOWER,391.5,0.93,42,400,-2.12
2026-07-24 12:01:48,SELL,ABB,7526.5,0.47,36,7800,-3.51
2026-07-24 12:01:49,SELL-CORE,ABB,7526.5,0.47,36,7800,-3.51
2026-07-24 12:02:03,BUY-CORE,LODHA,1147.2,0.75,53,1140,0.63
2026-07-24 12:02:04,SELL,JINDALSTEL,1035.1,0.81,27,1060,-2.35
2026-07-24 12:02:17,SELL-CORE,DABUR,422.45,1.15,27,425,-0.6
2026-07-24 12:02:23,BUY-CORE,BAJAJHLDNG,10685.0,0.46,57,11000,-2.86
2026-07-24 12:05:27,SELL,BSE,3552.0,0.7,22,3700,-4.0
2026-07-24 12:05:36,BUY-CORE,BANKBARODA,244.75,0.85,53,250,-2.1
2026-07-24 12:05:38,SELL,NATIONALUM,342.7,0.77,27,350,-2.09
2026-07-24 12:05:40,COIL,LT,3788.0,1.05,47,3850,-1.61
2026-07-24 12:05:45,BUY-CORE,NHPC,79.72,0.45,36,83,-3.95
2026-07-24 12:05:47,SELL,KOTAKBANK,383.2,0.79,27,385,-0.47
2026-07-24 12:05:48,SELL-CORE,KOTAKBANK,383.2,0.79,27,385,-0.47
2026-07-24 12:05:49,SELL,TMPV,322.65,0.82,27,340,-5.1
2026-07-24 12:05:54,SELL,AMBUJACEM,422.9,0.47,0,440,-3.89
2026-07-24 12:05:55,SELL-CORE,AMBUJACEM,422.9,0.47,0,440,-3.89
2026-07-24 12:06:00,SELL,PNB,109.85,0.81,27,110,-0.14
2026-07-24 12:06:12,BUY-CORE,NESTLEIND,1449.7,0.46,36,1490,-2.7
2026-07-24 12:06:23,BUY-CORE,SBILIFE,1852.6,0.53,44,1880,-1.46
2026-07-24 12:06:24,COIL,LICI,421.55,1.09,47,427.5,-1.39
2026-07-24 12:06:27,SELL,LODHA,1142.25,0.74,27,1140,0.2
2026-07-24 12:06:27,SELL-CORE,LODHA,1142.25,0.74,27,1140,0.2
2026-07-24 12:06:34,BUY-CORE,LTM,3985.7,0.81,53,4000,-0.36
2026-07-24 12:06:44,BUY-CORE,PIDILITIND,1567.1,0.5,44,1600,-2.06
2026-07-24 12:06:49,BUY-CORE,GODFRYPHLP,2066.9,0.95,42,2100,-1.58
2026-07-24 12:10:42,BUY,ADANIGREEN,1386.3,1.2,100,1400,-0.98
2026-07-24 12:10:50,BUY,BANKBARODA,244.1,1.25,73,245,-0.37
2026-07-24 12:11:01,COIL,TMPV,322.2,1.16,47,330,-2.36
2026-07-24 12:11:04,BUY-CORE,NTPC,349.05,0.41,36,355,-1.68
2026-07-24 12:12:09,BUY-CORE,DALBHARAT,1851.8,0.62,36,1840,0.64
2026-07-24 12:16:04,SELL,AXISBANK,1223.2,0.84,27,1250,-2.14
2026-07-24 12:16:09,SELL,TITAN,4678.4,0.64,36,4650,0.61
2026-07-24 12:16:13,BUY-CORE,COALINDIA,426.55,0.82,42,435,-1.94
2026-07-24 12:16:28,SELL,PNB,109.57,0.81,0,110,-0.39
2026-07-24 12:16:31,SELL,KAYNES,3161.2,0.85,27,3250,-2.73
2026-07-24 12:16:40,BUY,AUBANK,976.8,1.14,73,1000,-2.32
2026-07-24 12:16:41,BUY-CORE,AUBANK,976.8,1.14,73,1000,-2.32
2026-07-24 12:16:41,COIL,AUBANK,976.8,1.14,73,1000,-2.32
2026-07-24 12:16:43,SELL,NESTLEIND,1446.7,0.45,22,1490,-2.91
2026-07-24 12:16:43,SELL-CORE,NESTLEIND,1446.7,0.45,22,1490,-2.91
2026-07-24 12:16:58,SELL,JINDALSTEL,1035.2,0.81,27,1060,-2.34
2026-07-24 12:17:01,SELL,TATACONSUM,1100.5,0.85,0,1110,-0.86
2026-07-24 12:17:09,BUY-CORE,CONCOR,481.25,0.8,53,490,-1.79
2026-07-24 12:17:20,COIL,JUBLFOOD,412.6,1.47,71,420,-1.76
2026-07-24 12:20:54,COIL,INFY,1024.3,1.4,71,1030,-0.55
2026-07-24 12:21:08,SELL,SAIL,161.35,0.67,36,170,-5.09
2026-07-24 12:21:10,SELL,TMPV,322.7,0.82,27,340,-5.09
2026-07-24 12:21:21,BUY-CORE,360ONE,1093.0,0.57,36,1140,-4.12
2026-07-24 12:21:29,SELL,LTF,301.2,0.85,0,310,-2.84
2026-07-24 12:21:46,BUY,CDSL,1326.7,1.01,73,1360,-2.45
2026-07-24 12:21:47,BUY-CORE,CDSL,1326.7,1.01,73,1360,-2.45
2026-07-24 12:21:51,COIL,LICI,421.5,1.1,47,425,-0.82
2026-07-24 12:21:56,SELL,EXIDEIND,439.75,0.61,36,445,-1.18
2026-07-24 12:21:56,SELL-CORE,EXIDEIND,439.75,0.61,36,445,-1.18
2026-07-24 12:21:58,SELL,GODREJPROP,2030.7,0.79,27,2040,-0.46
2026-07-24 12:22:01,SELL,PNBHOUSING,1055.5,0.8,27,1080,-2.27
2026-07-24 12:22:19,SELL,SHREECEM,26735.0,0.69,0,27000,-0.98
2026-07-24 12:25:36,SELL,MIDCPNIFTY,14342.75,0.76,0,14375,-0.22
2026-07-24 12:25:38,SELL,BSE,3550.6,0.7,22,3700,-4.04
2026-07-24 12:25:42,BUY-CORE,TCS,2247.7,0.66,44,2240,0.34
2026-07-24 12:26:00,BUY-CORE,RECLTD,359.5,0.55,44,370,-2.84
2026-07-24 12:26:05,BUY-CORE,AMBUJACEM,425.4,0.48,57,440,-3.32
2026-07-24 12:26:07,SELL,EICHERMOT,7629.5,0.75,0,7600,0.39
2026-07-24 12:26:17,SELL,GRASIM,3091.5,0.7,22,3120,-0.91
2026-07-24 12:26:20,BUY-CORE,IDFCFIRSTB,79.97,0.71,42,81,-1.27
2026-07-24 12:26:23,BUY-CORE,DLF,643.8,0.59,36,660,-2.45
2026-07-24 12:26:31,BUY-CORE,COCHINSHIP,1396.1,0.71,42,1440,-3.05
2026-07-24 12:26:36,SELL,RBLBANK,351.05,0.85,27,360,-2.49
2026-07-24 12:26:57,BUY-CORE,BLUESTARCO,1637.0,1.07,58,1640,-0.18
2026-07-24 12:31:12,BUY-CORE,BANKNIFTY,56692.05,0.88,73,56700,-0.01
2026-07-24 12:31:14,SELL,FINNIFTY,25960.9,0.8,0,26000,-0.15
2026-07-24 12:31:17,BUY-CORE,SBIN,1015.8,0.83,53,1040,-2.33
2026-07-24 12:31:20,BUY-CORE,ICICIBANK,1437.9,0.69,36,1450,-0.83
2026-07-24 12:31:22,BUY-CORE,AXISBANK,1230.0,0.96,73,1250,-1.6
2026-07-24 12:31:28,SELL,TITAN,4678.5,0.64,36,4650,0.61
2026-07-24 12:31:30,BUY-CORE,LT,3796.0,0.94,53,3850,-1.4
2026-07-24 12:31:33,BUY-CORE,BEL,405.0,0.75,73,415,-2.41
2026-07-24 12:31:39,BUY-CORE,KOTAKBANK,386.15,0.82,73,385,0.3
2026-07-24 12:31:50,BUY-CORE,RVNL,224.7,0.56,44,240,-6.38
2026-07-24 12:31:51,BUY-CORE,PNB,110.25,0.81,53,110,0.23
2026-07-24 12:31:53,BUY-CORE,POLYCAB,8945.5,1.16,58,9000,-0.61
2026-07-24 12:31:53,COIL,POLYCAB,8945.5,1.16,58,9000,-0.61
2026-07-24 12:31:57,BUY-CORE,PATANJALI,338.7,0.86,42,350,-3.23
2026-07-24 12:31:59,BUY-CORE,UNIONBANK,168.62,0.71,42,172.5,-2.25
2026-07-24 12:32:17,SELL,ABCAPITAL,392.65,0.84,27,400,-1.84
2026-07-24 12:32:20,BUY-CORE,SBILIFE,1851.7,0.53,44,1880,-1.51
2026-07-24 12:32:38,SELL-CORE,IRFC,87.56,0.89,42,90,-2.71
2026-07-24 12:32:45,BUY-CORE,IREDA,119.85,0.9,53,122,-1.76
2026-07-24 12:32:47,BUY-CORE,GODFRYPHLP,2065.7,0.97,42,2100,-1.63
2026-07-24 12:32:49,SELL,SHREECEM,26780.0,0.7,22,26750,0.11
2026-07-24 12:32:49,SELL-CORE,SHREECEM,26780.0,0.7,22,26750,0.11
2026-07-24 12:35:29,BUY,BANKNIFTY,56628.65,1.02,100,56500,0.23
2026-07-24 12:35:45,COIL,ANGELONE,307.15,1.02,47,310,-0.92
2026-07-24 12:35:49,BUY-CORE,HINDUNILVR,2143.8,0.79,42,2180,-1.66
2026-07-24 12:35:52,BUY-CORE,NTPC,348.7,0.45,36,355,-1.77
2026-07-24 12:35:56,BUY-CORE,NBCC,93.39,0.67,44,100,-6.61
2026-07-24 12:36:01,SELL-CORE,PNB,110.0,0.82,42,110,0.0
2026-07-24 12:36:03,SELL,KAYNES,3169.3,0.85,27,3250,-2.48
2026-07-24 12:36:15,SELL,ABB,7486.0,0.66,22,7700,-2.78
2026-07-24 12:36:16,SELL-CORE,ABB,7486.0,0.66,22,7700,-2.78
2026-07-24 12:36:19,SELL-CORE,COCHINSHIP,1395.3,0.71,42,1440,-3.1
2026-07-24 12:36:24,COIL,ABCAPITAL,391.9,1.0,47,400,-2.03
2026-07-24 12:36:33,SELL,GODREJPROP,2030.2,0.78,27,2040,-0.48
2026-07-24 12:36:52,SELL,MOTILALOFS,866.6,0.85,27,880,-1.52
2026-07-24 12:36:53,BUY-CORE,SUPREMEIND,3475.6,0.5,44,3550,-2.1
2026-07-24 12:36:55,SELL,COLPAL,2090.4,0.66,22,2100,-0.46
2026-07-24 12:36:56,SELL-CORE,COLPAL,2090.4,0.66,22,2100,-0.46
2026-07-24 12:40:35,BUY-CORE,NIFTYNXT50,71780.0,0.14,44,72000,-0.31
2026-07-24 12:40:39,SELL-CORE,ICICIBANK,1433.4,0.74,42,1440,-0.46
2026-07-24 12:40:41,BUY-CORE,AXISBANK,1229.1,0.96,73,1250,-1.67
2026-07-24 12:40:53,SELL,ASIANPAINT,2651.6,0.85,0,2700,-1.79
2026-07-24 12:41:03,SELL-CORE,INDIANB,825.85,1.12,47,821.75,0.5
2026-07-24 12:41:06,SELL,PNB,110.03,0.82,27,110,0.03
2026-07-24 12:41:16,SELL,MOTHERSON,145.68,0.63,22,148,-1.57
2026-07-24 12:41:19,SELL,APLAPOLLO,1827.8,0.54,22,1840,-0.66
2026-07-24 12:41:20,SELL-CORE,APLAPOLLO,1827.8,0.54,22,1840,-0.66
2026-07-24 12:41:31,BUY-CORE,SBILIFE,1852.1,0.53,44,1880,-1.48
2026-07-24 12:41:55,BUY-CORE,SHREECEM,26895.0,0.7,44,27000,-0.39
2026-07-24 12:45:40,SELL,ICICIBANK,1435.2,0.68,22,1450,-1.02
2026-07-24 12:45:49,BUY-CORE,LT,3796.9,0.94,53,3850,-1.38
2026-07-24 12:45:51,SELL,COALINDIA,427.6,0.64,36,440,-2.82
2026-07-24 12:45:53,BUY-CORE,DIXON,13783.0,0.66,36,14200,-2.94
2026-07-24 12:45:54,SELL,DIXON,13783.0,0.66,36,14200,-2.94
2026-07-24 12:45:58,BUY,NMDC,83.51,1.18,73,85,-1.75
2026-07-24 12:46:08,BUY-CORE,PNB,110.15,0.82,42,110,0.14
2026-07-24 12:46:09,BUY-CORE,POLYCAB,8944.0,1.15,58,9000,-0.62
2026-07-24 12:46:11,SELL,LUPIN,2363.3,0.85,0,2400,-1.53
2026-07-24 12:46:14,SELL,GRASIM,3090.9,0.7,22,3120,-0.93
2026-07-24 12:46:19,BUY-CORE,MOTHERSON,145.95,0.63,36,148,-1.39
2026-07-24 12:46:23,SELL-CORE,BANKINDIA,142.0,0.95,27,142.85,-0.6
2026-07-24 12:46:34,BUY,LICI,422.65,1.08,73,427.5,-1.13
2026-07-24 12:46:34,BUY-CORE,LICI,422.65,1.08,73,427.5,-1.13
2026-07-24 12:46:48,BUY-CORE,MPHASIS,2252.5,0.63,44,2288,-1.55
2026-07-24 12:46:51,BUY-CORE,ALKEM,5633.5,0.68,36,5650,-0.29
2026-07-24 12:50:34,BUY-CORE,BANKNIFTY,56759.3,0.81,73,56800,-0.07
2026-07-24 12:50:40,BUY-CORE,ICICIBANK,1437.0,0.69,44,1450,-0.9
2026-07-24 12:50:52,BUY-CORE,ANGELONE,308.2,0.95,53,320,-3.69
2026-07-24 12:50:53,BUY,CGPOWER,887.3,1.15,73,900,-1.41
2026-07-24 12:50:53,BUY-CORE,CGPOWER,887.3,1.15,73,900,-1.41
2026-07-24 12:50:59,COIL,CHOLAFIN,1727.0,1.0,58,1780,-2.98
2026-07-24 12:51:06,BUY,HDFCAMC,2526.5,3.15,78,2500,1.06
2026-07-24 12:51:07,BUY-CORE,HDFCAMC,2526.5,3.15,78,2500,1.06
2026-07-24 12:51:19,BUY-CORE,DLF,645.25,0.61,44,660,-2.23
2026-07-24 12:51:32,BUY-CORE,SBILIFE,1852.5,0.53,44,1880,-1.46
2026-07-24 12:51:39,SELL,GODREJPROP,2031.5,0.76,27,2060,-1.38
2026-07-24 12:51:57,BUY,JUBLFOOD,414.95,1.52,78,415,-0.01
2026-07-24 12:51:57,BUY-CORE,JUBLFOOD,414.95,1.52,78,415,-0.01
2026-07-24 12:55:35,SELL,FINNIFTY,25975.4,0.77,27,26000,-0.09
2026-07-24 12:55:36,SELL-CORE,FINNIFTY,25975.4,0.77,27,26000,-0.09
2026-07-24 12:55:40,BUY,ADANIGREEN,1390.0,1.19,100,1400,-0.71
2026-07-24 12:55:54,SELL,DIXON,13789.0,0.66,22,14200,-2.89
2026-07-24 12:55:55,SELL-CORE,DIXON,13789.0,0.66,22,14200,-2.89
2026-07-24 12:55:59,BUY-CORE,KOTAKBANK,386.05,0.86,73,385,0.27
2026-07-24 12:56:11,BUY,POLYCAB,8948.5,1.16,73,9000,-0.57
2026-07-24 12:56:11,COIL,POLYCAB,8948.5,1.16,73,9000,-0.57
2026-07-24 12:56:38,SELL,BANDHANBNK,165.18,0.71,27,175,-5.61
2026-07-24 12:56:38,SELL-CORE,BANDHANBNK,165.18,0.71,27,175,-5.61
2026-07-24 12:56:40,BUY-CORE,LODHA,1151.2,0.75,53,1160,-0.76
2026-07-24 12:56:59,BUY-CORE,KPITTECH,571.5,0.36,57,600,-4.75
2026-07-24 12:57:03,BUY-CORE,SHREECEM,26980.0,0.69,44,27000,-0.07
2026-07-24 12:57:05,BUY-CORE,DALBHARAT,1854.2,0.62,36,1840,0.77
2026-07-24 12:57:08,SELL,COLPAL,2085.8,0.85,27,2080,0.28
2026-07-24 12:57:08,SELL-CORE,COLPAL,2085.8,0.85,27,2080,0.28
2026-07-24 13:00:54,SELL,MIDCPNIFTY,14411.35,0.79,27,14400,0.08
2026-07-24 13:00:55,SELL-CORE,MIDCPNIFTY,14411.35,0.79,27,14400,0.08
2026-07-24 13:01:05,SELL,TITAN,4687.4,0.64,36,4650,0.8
2026-07-24 13:01:06,SELL-CORE,TITAN,4687.4,0.64,36,4650,0.8
2026-07-24 13:01:12,SELL,ASIANPAINT,2652.4,0.85,0,2700,-1.76
2026-07-24 13:01:18,SELL-CORE,INDIGO,4979.5,1.38,56,5000,-0.41
2026-07-24 13:01:20,BUY-CORE,ASHOKLEY,151.2,1.09,58,155,-2.45
2026-07-24 13:01:55,BUY,KFINTECH,870.35,1.08,73,870,0.04
2026-07-24 13:01:56,BUY-CORE,KFINTECH,870.35,1.08,73,870,0.04
2026-07-24 13:02:05,BUY-CORE,BLUESTARCO,1636.0,1.05,58,1640,-0.24
2026-07-24 13:02:07,BUY-CORE,ALKEM,5620.5,0.8,42,5650,-0.52
2026-07-24 13:02:13,COIL,JUBLFOOD,415.3,1.5,78,420,-1.12
2026-07-24 13:05:29,SELL-CORE,FINNIFTY,25932.0,0.93,0,26000,-0.26
2026-07-24 13:05:33,BUY,ADANIGREEN,1393.0,1.2,100,1400,-0.5
2026-07-24 13:05:34,SELL,ICICIBANK,1433.6,0.75,27,1440,-0.44
2026-07-24 13:05:35,SELL-CORE,ICICIBANK,1433.6,0.75,27,1440,-0.44
2026-07-24 13:05:40,BUY,CANBK,125.82,1.0,100,125,0.66
2026-07-24 13:05:41,BUY-CORE,CANBK,125.82,1.0,100,125,0.66
2026-07-24 13:05:44,BUY,LT,3790.0,1.07,73,3850,-1.56
2026-07-24 13:05:45,COIL,LT,3790.0,1.07,73,3850,-1.56
2026-07-24 13:05:49,BUY-CORE,DIXON,13750.0,0.97,42,14000,-1.79
2026-07-24 13:05:50,COIL,CGPOWER,888.8,1.15,73,900,-1.24
2026-07-24 13:05:55,BUY,CHOLAFIN,1727.4,1.01,73,1780,-2.96
2026-07-24 13:05:56,COIL,INDIGO,4948.5,1.68,56,5000,-1.03
2026-07-24 13:06:02,SELL-CORE,HDFCAMC,2526.4,3.15,56,2500,1.06
2026-07-24 13:06:05,BUY,POLYCAB,8941.5,1.14,73,9000,-0.65
2026-07-24 13:06:05,COIL,POLYCAB,8941.5,1.14,73,9000,-0.65
2026-07-24 13:06:07,SELL,LUPIN,2361.1,0.85,0,2400,-1.62
2026-07-24 13:06:16,SELL-CORE,TORNTPHARM,4974.2,0.92,0,4950,0.49
2026-07-24 13:06:26,COIL,ABCAPITAL,392.3,1.01,64,400,-1.92
2026-07-24 13:06:35,SELL-CORE,KFINTECH,868.25,1.08,47,870,-0.2
2026-07-24 13:06:36,COIL,TATAPOWER,374.45,1.02,47,380,-1.46
2026-07-24 13:06:42,SELL,CONCOR,480.7,0.76,27,490,-1.9
2026-07-24 13:06:42,SELL-CORE,CONCOR,480.7,0.76,27,490,-1.9
2026-07-24 13:06:46,BUY,BLUESTARCO,1645.9,1.06,73,1640,0.36
2026-07-24 13:06:54,BUY-CORE,SHREECEM,26905.0,0.69,44,27000,-0.35
2026-07-24 13:10:35,SELL,BSE,3554.9,0.68,22,3750,-5.2
2026-07-24 13:10:46,SELL-CORE,LT,3789.9,1.08,47,3850,-1.56
2026-07-24 13:11:15,BUY,AUBANK,994.3,1.04,100,1000,-0.57
2026-07-24 13:11:18,SELL,APLAPOLLO,1824.8,0.56,22,1840,-0.83
2026-07-24 13:11:18,SELL-CORE,APLAPOLLO,1824.8,0.56,22,1840,-0.83
2026-07-24 13:11:32,SELL,PRESTIGE,1613.0,0.76,27,1660,-2.83
2026-07-24 13:11:38,COIL,ZYDUSLIFE,1109.6,1.03,47,1130,-1.81
2026-07-24 13:11:42,SELL,NAM-INDIA,1106.0,0.85,27,1160,-4.66
2026-07-24 13:11:42,SELL-CORE,NAM-INDIA,1106.0,0.85,27,1160,-4.66
2026-07-24 13:11:43,BUY-CORE,CONCOR,480.45,0.82,42,485,-0.94
2026-07-24 13:15:43,BUY-CORE,ICICIBANK,1437.7,0.7,44,1450,-0.85
2026-07-24 13:15:49,BUY-CORE,CANBK,126.02,0.84,73,126.8,-0.62
2026-07-24 13:15:52,BUY-CORE,TITAN,4684.6,0.64,36,4650,0.74
2026-07-24 13:15:57,BUY-CORE,BEL,404.7,0.76,73,415,-2.48
2026-07-24 13:16:02,SELL,HINDUNILVR,2143.0,0.79,27,2180,-1.7
2026-07-24 13:16:15,SELL-CORE,POLYCAB,8940.0,1.16,47,9000,-0.67
2026-07-24 13:16:30,SELL,ABB,7484.5,0.61,22,7700,-2.8
2026-07-24 13:16:34,SELL-CORE,COCHINSHIP,1392.1,0.71,42,1440,-3.33
2026-07-24 13:16:42,SELL,SBILIFE,1850.0,0.61,22,1860,-0.54
2026-07-24 13:16:43,SELL-CORE,SBILIFE,1850.0,0.61,22,1860,-0.54
2026-07-24 13:16:49,SELL,TATACONSUM,1098.2,0.85,27,1110,-1.06
2026-07-24 13:17:06,BUY-CORE,PIDILITIND,1573.0,0.5,44,1600,-1.69
2026-07-24 13:17:09,BUY-CORE,IREDA,120.15,0.88,73,122,-1.52
2026-07-24 13:20:38,BUY,ADANIGREEN,1391.0,1.24,100,1400,-0.64
2026-07-24 13:20:47,BUY-CORE,LT,3793.4,0.94,53,3850,-1.47
2026-07-24 13:20:52,SELL,DIXON,13790.0,0.66,22,14200,-2.89
2026-07-24 13:20:53,SELL,ASIANPAINT,2650.3,0.85,0,2700,-1.84
2026-07-24 13:21:05,SELL,RVNL,224.78,0.56,36,240,-6.34
2026-07-24 13:21:06,SELL-CORE,RVNL,224.78,0.56,36,240,-6.34
2026-07-24 13:21:09,SELL,LUPIN,2364.0,0.85,0,2400,-1.5
2026-07-24 13:21:18,BUY-CORE,DLF,646.1,0.6,44,660,-2.11
2026-07-24 13:21:30,BUY-CORE,CDSL,1337.9,0.84,73,1380,-3.05
2026-07-24 13:21:39,SELL,GODREJPROP,2030.6,0.75,27,2060,-1.43
2026-07-24 13:21:46,SELL,CONCOR,480.75,0.82,27,485,-0.88
2026-07-24 13:21:47,SELL-CORE,CONCOR,480.75,0.82,27,485,-0.88
2026-07-24 13:21:50,SELL-CORE,IRFC,87.58,0.9,42,90,-2.69
2026-07-24 13:21:53,SELL,ALKEM,5625.5,0.68,36,5650,-0.43
2026-07-24 13:22:02,BUY-CORE,DALBHARAT,1866.0,0.71,53,1840,1.41
2026-07-24 13:25:46,SELL,COALINDIA,426.45,0.81,27,435,-1.97
2026-07-24 13:25:46,SELL-CORE,COALINDIA,426.45,0.81,27,435,-1.97
2026-07-24 13:25:49,BUY-CORE,DIXON,13808.0,0.67,44,14200,-2.76
2026-07-24 13:25:50,COIL,CGPOWER,890.55,1.15,73,900,-1.05
2026-07-24 13:26:50,SELL-CORE,DALBHARAT,1842.5,0.91,42,1840,0.14
2026-07-24 13:31:13,SELL-CORE,FINNIFTY,25955.75,0.92,27,26000,-0.17
2026-07-24 13:31:29,SELL,DIXON,13784.0,0.67,36,14200,-2.93
2026-07-24 13:31:30,SELL-CORE,DIXON,13784.0,0.67,36,14200,-2.93
2026-07-24 13:31:47,BUY-CORE,CUMMINSIND,5598.5,0.58,44,5700,-1.78
2026-07-24 13:31:50,BUY-CORE,HAL,4578.5,0.51,44,4600,-0.47
2026-07-24 13:32:23,BUY,BLUESTARCO,1648.5,1.11,73,1620,1.76
2026-07-24 13:32:30,COIL,TIINDIA,2785.7,1.48,56,2800,-0.51
2026-07-24 13:35:30,BUY,BANKNIFTY,56661.55,1.06,100,56700,-0.07
2026-07-24 13:35:31,BUY-CORE,BANKNIFTY,56661.55,1.06,100,56700,-0.07
2026-07-24 13:35:45,SELL-CORE,LT,3787.5,1.07,47,3850,-1.62
2026-07-24 13:35:45,COIL,LT,3787.5,1.07,47,3850,-1.62
2026-07-24 13:36:02,SELL-CORE,INDIANB,823.45,1.11,47,821.75,0.21
2026-07-24 13:36:14,SELL,POWERGRID,288.2,0.45,36,295,-2.31
2026-07-24 13:36:15,SELL-CORE,POWERGRID,288.2,0.45,36,295,-2.31
2026-07-24 13:36:28,SELL-CORE,ABCAPITAL,391.45,0.98,27,400,-2.14
2026-07-24 13:36:31,SELL,SBILIFE,1846.1,0.61,22,1860,-0.75
2026-07-24 13:36:32,SELL-CORE,SBILIFE,1846.1,0.61,22,1860,-0.75
2026-07-24 13:36:47,SELL,BRITANNIA,5379.5,0.57,36,5450,-1.29
2026-07-24 13:36:47,SELL-CORE,BRITANNIA,5379.5,0.57,36,5450,-1.29
2026-07-24 13:37:01,SELL,DALBHARAT,1801.6,0.85,0,1820,-1.01
2026-07-24 13:37:03,SELL,COLPAL,2086.3,0.84,27,2080,0.3
2026-07-24 13:37:04,SELL-CORE,COLPAL,2086.3,0.84,27,2080,0.3
2026-07-24 13:40:45,BUY,CANBK,125.72,1.0,100,125,0.58
2026-07-24 13:40:46,BUY-CORE,CANBK,125.72,1.0,100,125,0.58
2026-07-24 13:40:57,SELL,TMPV,324.2,0.84,27,340,-4.65
2026-07-24 13:40:57,SELL-CORE,TMPV,324.2,0.84,27,340,-4.65
2026-07-24 13:41:04,SELL,EICHERMOT,7627.5,0.72,0,7650,-0.29
2026-07-24 13:41:18,BUY,MOTHERSON,145.32,1.18,73,144,0.92
2026-07-24 13:41:50,SELL,ALKEM,5606.5,0.82,27,5650,-0.77
2026-07-24 13:41:56,COIL,TIINDIA,2778.4,1.43,56,2800,-0.77
2026-07-24 13:41:58,SELL,SHREECEM,26805.0,0.7,36,26750,0.21
2026-07-24 13:41:59,SELL-CORE,SHREECEM,26805.0,0.7,36,26750,0.21
2026-07-24 13:45:45,COIL,HDFCBANK,746.1,1.0,47,750,-0.52
2026-07-24 13:45:47,SELL-CORE,ICICIBANK,1434.6,0.75,42,1440,-0.38
2026-07-24 13:46:00,SELL-CORE,CGPOWER,885.2,1.16,47,900,-1.64
2026-07-24 13:46:28,SELL,APLAPOLLO,1820.0,0.59,22,1840,-1.09
2026-07-24 13:46:28,SELL-CORE,APLAPOLLO,1820.0,0.59,22,1840,-1.09
2026-07-24 13:50:34,BUY,BANKNIFTY,56672.65,1.07,100,56700,-0.05
2026-07-24 13:50:35,BUY-CORE,BANKNIFTY,56672.65,1.07,100,56700,-0.05
2026-07-24 13:50:47,BUY-CORE,SHRIRAMFIN,1036.4,0.51,44,1050,-1.3
2026-07-24 13:50:52,SELL,DIXON,13784.0,0.65,22,14200,-2.93
2026-07-24 13:51:12,BUY-CORE,HAL,4582.9,0.51,44,4600,-0.37
2026-07-24 13:51:16,BUY-CORE,DLF,646.8,0.6,44,660,-2.0
2026-07-24 13:51:17,COIL,AUBANK,990.6,1.06,73,1000,-0.94
2026-07-24 13:51:27,SELL,RBLBANK,352.7,0.72,27,370,-4.68
2026-07-24 13:55:31,SELL,FINNIFTY,25998.7,0.73,27,26000,-0.0
2026-07-24 13:55:31,SELL-CORE,FINNIFTY,25998.7,0.73,27,26000,-0.0
2026-07-24 13:55:42,BUY,BANKBARODA,246.15,1.02,100,250,-1.54
2026-07-24 13:55:50,BUY,CGPOWER,888.65,1.17,73,900,-1.26
2026-07-24 13:55:51,BUY-CORE,CGPOWER,888.65,1.17,73,900,-1.26
2026-07-24 13:55:57,SELL-CORE,CHOLAFIN,1737.5,0.89,42,1780,-2.39
2026-07-24 13:55:58,COIL,INDIGO,4934.0,1.59,56,5000,-1.32
2026-07-24 13:56:02,SELL,EICHERMOT,7626.5,0.7,0,7650,-0.31
2026-07-24 13:56:16,BUY-CORE,MOTHERSON,145.72,0.64,44,148,-1.54
2026-07-24 13:56:29,BUY-CORE,ABCAPITAL,393.45,0.84,53,400,-1.64
2026-07-24 13:56:55,SELL,GODREJCP,1065.2,0.6,22,1100,-3.16
2026-07-24 13:56:55,SELL-CORE,GODREJCP,1065.2,0.6,22,1100,-3.16
2026-07-24 14:00:56,BUY-CORE,NIFTYNXT50,71877.05,0.13,44,72000,-0.17
2026-07-24 14:01:01,BUY-CORE,ICICIBANK,1436.0,0.7,44,1450,-0.97
2026-07-24 14:01:03,BUY-CORE,AXISBANK,1228.3,0.99,73,1250,-1.74
2026-07-24 14:01:11,BUY-CORE,LT,3796.5,0.95,53,3850,-1.39
2026-07-24 14:01:27,SELL,ADANIPORTS,1770.1,0.8,27,1820,-2.74
2026-07-24 14:01:30,SELL,RVNL,225.4,0.56,36,240,-6.08
2026-07-24 14:01:30,SELL-CORE,RVNL,225.4,0.56,36,240,-6.08
2026-07-24 14:01:33,SELL,POLYCAB,8957.5,0.83,27,9200,-2.64
2026-07-24 14:01:55,BUY-CORE,RBLBANK,353.85,0.74,42,370,-4.36
2026-07-24 14:01:58,BUY-CORE,SBILIFE,1849.5,0.61,36,1860,-0.56
2026-07-24 14:02:17,SELL,INDHOTEL,723.55,0.63,0,735,-1.56
2026-07-24 14:02:18,BUY-CORE,ALKEM,5620.5,0.81,42,5650,-0.52
2026-07-24 14:05:29,SELL,BSE,3556.5,0.67,22,3750,-5.16
2026-07-24 14:05:31,BUY-CORE,HDFCBANK,747.65,0.92,42,750,-0.31
2026-07-24 14:05:34,SELL,BAJFINANCE,1015.4,0.85,0,1030,-1.42
2026-07-24 14:05:43,BUY-CORE,COALINDIA,427.25,0.8,42,435,-1.78
2026-07-24 14:05:45,BUY,ANGELONE,310.5,1.0,73,315,-1.43
2026-07-24 14:05:46,COIL,ANGELONE,310.5,1.0,73,315,-1.43
2026-07-24 14:05:47,BUY-CORE,DIXON,13812.0,0.66,44,14200,-2.73
2026-07-24 14:05:48,BUY,CGPOWER,888.3,1.17,73,900,-1.3
2026-07-24 14:05:48,BUY-CORE,CGPOWER,888.3,1.17,73,900,-1.3
2026-07-24 14:05:58,BUY-CORE,ASHOKLEY,151.15,1.12,58,155,-2.48
2026-07-24 14:06:01,BUY-CORE,INDIANB,828.7,0.97,53,831.75,-0.37
2026-07-24 14:06:17,BUY-CORE,BANKINDIA,143.1,0.75,42,145,-1.31
2026-07-24 14:06:20,BUY,BPCL,310.7,1.12,73,310,0.23
2026-07-24 14:06:21,BUY-CORE,BPCL,310.7,1.12,73,310,0.23
2026-07-24 14:06:25,BUY-CORE,NAUKRI,1165.9,0.65,36,1200,-2.84
2026-07-24 14:06:30,BUY-CORE,CROMPTON,250.7,0.88,42,255,-1.69
2026-07-24 14:06:37,BUY-CORE,PNBHOUSING,1063.5,0.68,36,1080,-1.53
2026-07-24 14:06:38,COIL,ZYDUSLIFE,1112.2,1.02,47,1130,-1.58
2026-07-24 14:06:43,BUY-CORE,BRITANNIA,5379.0,0.57,36,5450,-1.3
2026-07-24 14:06:47,SELL,ALKEM,5626.5,0.69,36,5650,-0.42
2026-07-24 14:06:52,SELL,GODREJCP,1065.4,0.6,22,1100,-3.15
2026-07-24 14:06:52,SELL-CORE,GODREJCP,1065.4,0.6,22,1100,-3.15
2026-07-24 14:06:56,SELL,MOTILALOFS,867.5,0.71,27,890,-2.53
2026-07-24 14:10:43,BUY-CORE,CANBK,126.75,0.85,73,127,-0.2
2026-07-24 14:10:50,SELL,DIXON,13788.0,0.66,36,14200,-2.9
2026-07-24 14:10:50,SELL-CORE,DIXON,13788.0,0.66,36,14200,-2.9
2026-07-24 14:10:51,COIL,CGPOWER,890.1,1.17,73,900,-1.1
2026-07-24 14:11:01,BUY-CORE,ADANIPORTS,1773.2,0.81,42,1820,-2.57
2026-07-24 14:11:06,BUY-CORE,POLYCAB,8959.5,0.82,42,9200,-2.61
2026-07-24 14:11:14,BUY-CORE,POWERGRID,288.45,0.45,36,295,-2.22
2026-07-24 14:11:29,SELL,SBILIFE,1850.0,0.6,36,1860,-0.54
2026-07-24 14:11:29,SELL-CORE,SBILIFE,1850.0,0.6,36,1860,-0.54
2026-07-24 14:11:41,BUY-CORE,NAM-INDIA,1115.4,0.72,53,1180,-5.47
2026-07-24 14:15:57,BUY-CORE,ICICIBANK,1437.1,0.69,44,1450,-0.89
2026-07-24 14:16:05,SELL,TITAN,4690.1,0.64,36,4650,0.86
2026-07-24 14:16:05,SELL-CORE,TITAN,4690.1,0.64,36,4650,0.86
2026-07-24 14:16:07,SELL,SHRIRAMFIN,1018.8,0.61,22,1050,-2.97
2026-07-24 14:16:08,SELL-CORE,SHRIRAMFIN,1018.8,0.61,22,1050,-2.97
2026-07-24 14:16:11,SELL-CORE,COALINDIA,427.5,0.81,42,435,-1.72
2026-07-24 14:16:34,SELL,GRASIM,3091.8,0.7,22,3120,-0.9
2026-07-24 14:16:57,SELL-CORE,LODHA,1153.4,0.88,42,1140,1.18
2026-07-24 14:17:04,BUY-CORE,LTM,4078.2,0.66,57,4100,-0.53
2026-07-24 14:20:41,BUY,BANKNIFTY,56737.55,1.09,100,56700,0.07
2026-07-24 14:20:46,COIL,HDFCBANK,745.6,1.0,47,750,-0.59
2026-07-24 14:20:49,BUY,AXISBANK,1232.1,1.0,100,1250,-1.43
2026-07-24 14:21:01,BUY-CORE,DIXON,13800.0,0.67,36,14200,-2.82
2026-07-24 14:21:12,SELL,EICHERMOT,7626.0,0.7,0,7650,-0.31
2026-07-24 14:21:48,SELL,KEI,4873.0,0.8,27,5000,-2.54
2026-07-24 14:25:42,BUY-CORE,SHRIRAMFIN,1013.8,0.65,36,1040,-2.52
2026-07-24 14:25:48,SELL-CORE,CGPOWER,862.95,2.4,43,850,1.52
2026-07-24 14:25:51,BUY-CORE,KOTAKBANK,385.2,0.87,73,385,0.05
2026-07-24 14:26:03,SELL,BAJAJFINSV,1873.1,0.58,22,1900,-1.42
2026-07-24 14:26:03,SELL-CORE,BAJAJFINSV,1873.1,0.58,22,1900,-1.42
2026-07-24 14:26:14,SELL-CORE,TORNTPHARM,4966.0,0.87,0,4950,0.32
2026-07-24 14:26:29,SELL,LODHA,1147.9,0.85,27,1140,0.69
2026-07-24 14:26:44,SELL,ALKEM,5610.5,0.68,36,5650,-0.7
2026-07-24 14:31:15,SELL-CORE,FINNIFTY,25917.55,1.07,47,26000,-0.32
2026-07-24 14:31:20,BUY-CORE,ICICIBANK,1437.4,0.69,44,1450,-0.87
2026-07-24 14:31:27,BUY,CANBK,125.89,1.01,100,125,0.71
2026-07-24 14:31:28,BUY-CORE,HINDZINC,528.3,0.65,36,550,-3.95
2026-07-24 14:31:33,SELL,COALINDIA,427.7,0.64,36,440,-2.8
2026-07-24 14:31:34,SELL-CORE,COALINDIA,427.7,0.64,36,440,-2.8
2026-07-24 14:31:42,SELL,NTPC,347.45,0.45,22,355,-2.13
2026-07-24 14:31:43,SELL-CORE,NTPC,347.45,0.45,22,355,-2.13
2026-07-24 14:31:56,BUY-CORE,CUMMINSIND,5593.0,0.59,44,5700,-1.88
2026-07-24 14:31:59,SELL,GRASIM,3092.2,0.71,27,3120,-0.89
2026-07-24 14:32:09,SELL,ABB,7370.5,0.78,0,7600,-3.02
2026-07-24 14:32:23,BUY-CORE,LODHA,1146.6,0.84,42,1140,0.58
2026-07-24 14:32:49,SELL-CORE,OBEROIRLTY,1819.5,1.31,56,1820,-0.03
2026-07-24 14:35:47,SELL,SHRIRAMFIN,1005.5,0.65,36,1040,-3.32
2026-07-24 14:36:04,COIL,INDIANB,825.7,1.07,64,830,-0.52
2026-07-24 14:36:06,SELL,RVNL,224.5,0.55,36,240,-6.46
2026-07-24 14:36:07,SELL-CORE,RVNL,224.5,0.55,36,240,-6.46
2026-07-24 14:36:20,BUY,AUBANK,995.0,1.01,100,1000,-0.5
2026-07-24 14:36:22,SELL-CORE,TORNTPHARM,4958.4,0.88,0,4950,0.17
2026-07-24 14:36:32,SELL,RBLBANK,352.55,0.74,27,370,-4.72
2026-07-24 14:36:39,SELL,LODHA,1143.75,0.84,27,1140,0.33
2026-07-24 14:36:51,SELL,MPHASIS,2299.8,0.4,36,2338,-1.63
2026-07-24 14:36:52,SELL-CORE,MPHASIS,2299.8,0.4,36,2338,-1.63
2026-07-24 14:36:57,BUY-CORE,MANAPPURAM,350.75,0.75,42,350,0.21
2026-07-24 14:40:40,COIL,INFY,1033.8,1.03,64,1045,-1.07
2026-07-24 14:40:45,BUY,CANBK,125.67,1.01,100,125,0.54
2026-07-24 14:40:52,BUY,ANGELONE,307.15,1.04,73,310,-0.92
2026-07-24 14:40:52,COIL,ANGELONE,307.15,1.04,73,310,-0.92
2026-07-24 14:41:01,SELL,TECHM,1563.0,0.62,0,1580,-1.08
2026-07-24 14:41:02,SELL-CORE,TECHM,1563.0,0.62,0,1580,-1.08
2026-07-24 14:41:17,BUY,MOTHERSON,145.23,1.2,73,144,0.85
2026-07-24 14:41:25,SELL,COCHINSHIP,1391.0,0.71,27,1440,-3.4
2026-07-24 14:41:30,COIL,ABCAPITAL,392.2,1.05,64,400,-1.95
2026-07-24 14:41:46,BUY-CORE,BRITANNIA,5384.0,0.56,36,5450,-1.21
2026-07-24 14:41:57,SELL,SHREECEM,26795.0,0.7,36,26750,0.17
2026-07-24 14:41:57,SELL-CORE,SHREECEM,26795.0,0.7,36,26750,0.17
2026-07-24 14:45:38,SELL-CORE,FINNIFTY,25913.3,1.04,47,26000,-0.33
2026-07-24 14:46:05,BUY-CORE,TECHM,1559.5,0.61,44,1580,-1.3
2026-07-24 14:46:31,SELL,FORTIS,945.5,0.78,27,970,-2.53
2026-07-24 14:46:34,SELL,RBLBANK,352.6,0.74,27,370,-4.7
2026-07-24 14:46:38,BUY-CORE,SBILIFE,1858.7,0.6,57,1880,-1.13
2026-07-24 14:46:44,SELL,TATACONSUM,1086.6,0.77,0,1100,-1.22
2026-07-24 14:46:58,SELL,MANAPPURAM,350.15,0.75,27,350,0.04
2026-07-24 14:50:50,SELL,COALINDIA,428.2,0.64,36,440,-2.68
2026-07-24 14:50:51,SELL-CORE,COALINDIA,428.2,0.64,36,440,-2.68
2026-07-24 14:50:54,SELL,DIXON,13790.0,0.65,22,14200,-2.89
2026-07-24 14:50:58,SELL,TMPV,324.35,0.83,27,340,-4.6
2026-07-24 14:50:59,SELL-CORE,TMPV,324.35,0.83,27,340,-4.6
2026-07-24 14:51:04,SELL,TECHM,1562.3,0.62,0,1580,-1.12
2026-07-24 14:51:04,SELL-CORE,TECHM,1562.3,0.62,0,1580,-1.12
2026-07-24 14:51:16,SELL,GRASIM,3090.1,0.71,0,3120,-0.96
2026-07-24 14:51:40,SELL,PRESTIGE,1590.3,0.8,0,1640,-3.03
2026-07-24 14:51:54,SELL,CAMS,759.0,0.63,22,800,-5.12
2026-07-24 14:51:54,SELL-CORE,CAMS,759.0,0.63,22,800,-5.12
2026-07-24 14:51:57,SELL,BHARATFORG,2151.0,0.78,0,2180,-1.33
2026-07-24 14:52:07,SELL-CORE,OBEROIRLTY,1816.7,1.3,56,1820,-0.18
2026-07-24 14:55:29,SELL-CORE,SBIN,1015.3,0.84,42,1040,-2.38
2026-07-24 14:55:33,COIL,INFY,1036.8,1.05,64,1045,-0.78
2026-07-24 14:55:34,BUY,AXISBANK,1230.1,1.0,100,1250,-1.59
2026-07-24 14:55:34,BUY-CORE,AXISBANK,1230.1,1.0,100,1250,-1.59
2026-07-24 14:55:52,BUY-CORE,TECHM,1559.9,0.62,44,1580,-1.27
2026-07-24 14:55:53,BUY,ASHOKLEY,151.14,1.15,73,155,-2.49
2026-07-24 14:55:58,BUY-CORE,RVNL,224.68,0.55,36,240,-6.38
2026-07-24 14:56:12,SELL,APLAPOLLO,1820.5,0.62,22,1840,-1.06
2026-07-24 14:56:12,SELL-CORE,APLAPOLLO,1820.5,0.62,22,1840,-1.06
2026-07-24 14:56:21,BUY-CORE,ABCAPITAL,394.0,0.89,53,400,-1.5
2026-07-24 14:56:29,SELL,GLENMARK,2190.8,0.81,0,2240,-2.2
2026-07-24 14:56:33,COIL,ZYDUSLIFE,1109.1,1.01,47,1130,-1.85
2026-07-24 14:56:42,BUY-CORE,ALKEM,5634.5,0.55,36,5700,-1.15
2026-07-24 14:56:48,BUY,GODFRYPHLP,2107.9,1.03,73,2100,0.38
2026-07-24 15:01:04,SELL-CORE,ICICIBANK,1433.7,0.75,42,1440,-0.44
2026-07-24 15:01:13,SELL-CORE,LT,3786.0,1.09,47,3850,-1.66
2026-07-24 15:01:14,COIL,LT,3786.0,1.09,47,3850,-1.66
2026-07-24 15:01:18,BUY-CORE,ANGELONE,307.6,0.99,53,315,-2.35
2026-07-24 15:01:28,SELL,AMBUJACEM,423.5,0.47,36,440,-3.75
2026-07-24 15:01:29,SELL-CORE,AMBUJACEM,423.5,0.47,36,440,-3.75
2026-07-24 15:01:41,BUY-CORE,HAL,4574.8,0.56,44,4600,-0.55
2026-07-24 15:02:15,BUY-CORE,IRFC,87.45,0.94,53,90,-2.83
2026-07-24 15:02:16,BUY-CORE,CAMS,760.35,0.63,44,800,-4.96
2026-07-24 15:02:29,SELL,COLPAL,2085.1,0.85,27,2080,0.25
2026-07-24 15:05:27,SELL-CORE,FINNIFTY,25897.85,0.99,0,26000,-0.39
2026-07-24 15:05:30,BUY,SBIN,1014.6,1.01,73,1030,-1.5
2026-07-24 15:05:31,COIL,SBIN,1014.6,1.01,73,1030,-1.5
2026-07-24 15:05:33,SELL,ICICIBANK,1431.1,0.75,27,1440,-0.62
2026-07-24 15:06:00,SELL,LUPIN,2365.0,0.85,27,2400,-1.46
2026-07-24 15:06:18,SELL-CORE,MAZDOCK,2288.9,0.93,27,2350,-2.6
2026-07-24 15:06:19,SELL,RBLBANK,352.85,0.74,27,370,-4.64
2026-07-24 15:06:28,SELL,GLENMARK,2191.1,0.82,0,2240,-2.18
2026-07-24 15:06:35,SELL,CONCOR,477.7,0.84,27,485,-1.51
2026-07-24 15:06:37,SELL,MPHASIS,2293.7,0.59,36,2300,-0.27
2026-07-24 15:06:37,SELL-CORE,MPHASIS,2293.7,0.59,36,2300,-0.27
2026-07-24 15:06:44,BUY-CORE,PAGEIND,40290.0,0.93,53,40500,-0.52
2026-07-24 15:06:50,SELL,DALBHARAT,1798.4,0.85,0,1840,-2.26
2026-07-24 15:10:44,BUY-CORE,HINDZINC,531.85,0.61,36,550,-3.3
2026-07-24 15:10:55,SELL,TMPV,323.5,0.85,27,340,-4.85
2026-07-24 15:10:56,SELL-CORE,TMPV,323.5,0.85,27,340,-4.85
2026-07-24 15:11:13,SELL,GRASIM,3090.2,0.71,27,3120,-0.96
2026-07-24 15:11:28,SELL,FORTIS,945.4,0.79,27,970,-2.54
2026-07-24 15:11:28,SELL-CORE,FORTIS,945.4,0.79,27,970,-2.54
2026-07-24 15:11:36,SELL-CORE,LICI,421.0,1.22,47,425,-0.94
2026-07-24 15:12:03,BUY-CORE,SUPREMEIND,3460.1,0.63,57,3500,-1.14
2026-07-24 15:15:40,BUY,BANKNIFTY,56719.2,1.07,100,56700,0.03
2026-07-24 15:15:41,BUY-CORE,BANKNIFTY,56719.2,1.07,100,56700,0.03
2026-07-24 15:15:42,BUY-CORE,MIDCPNIFTY,14444.35,0.73,53,14425,0.13
2026-07-24 15:15:44,SELL,BSE,3553.0,0.68,22,3750,-5.25
2026-07-24 15:15:51,BUY-CORE,WIPRO,177.35,0.5,57,180,-1.47
2026-07-24 15:15:55,BUY-CORE,TITAN,4680.6,0.62,36,4650,0.66
2026-07-24 15:16:02,BUY-CORE,DIXON,13870.0,0.62,44,14200,-2.32
2026-07-24 15:16:13,SELL,EICHERMOT,7631.5,0.69,0,7650,-0.24
2026-07-24 15:16:14,SELL,ADANIPORTS,1770.6,0.82,27,1820,-2.71
2026-07-24 15:16:17,SELL-CORE,HDFCAMC,2506.1,1.89,56,2500,0.24
2026-07-24 15:16:18,BUY-CORE,RVNL,224.6,0.55,36,240,-6.42
2026-07-24 15:16:20,COIL,POLYCAB,8914.5,1.15,47,9000,-0.95
2026-07-24 15:16:22,SELL,LUPIN,2374.0,0.82,27,2400,-1.08
2026-07-24 15:16:42,BUY-CORE,NAUKRI,1165.9,0.64,36,1200,-2.84
2026-07-24 15:16:50,SELL,PRESTIGE,1593.2,0.78,27,1640,-2.85
2026-07-24 15:16:53,SELL,GLENMARK,2190.2,0.82,0,2240,-2.22
2026-07-24 15:17:06,SELL,BHARATFORG,2151.6,0.79,0,2180,-1.3
2026-07-24 15:20:38,BUY-CORE,ADANIENT,3025.0,0.74,53,3060,-1.14
2026-07-24 15:20:48,COIL,LT,3786.5,1.05,47,3850,-1.65
2026-07-24 15:21:00,SELL,TECHM,1558.9,0.62,36,1580,-1.34
2026-07-24 15:21:01,SELL-CORE,TECHM,1558.9,0.62,36,1580,-1.34
2026-07-24 15:21:02,BUY,ASHOKLEY,151.25,1.14,73,155,-2.42
2026-07-24 15:21:25,BUY-CORE,FORTIS,950.4,0.78,53,970,-2.02
2026-07-24 15:21:37,SELL,KEI,4874.0,0.75,27,5000,-2.52
2026-07-24 15:21:43,SELL,CONCOR,478.25,0.84,27,485,-1.39
2026-07-24 15:21:47,BUY-CORE,IRFC,87.63,0.89,53,90,-2.63
2026-07-24 15:21:48,BUY-CORE,INDHOTEL,727.65,0.51,57,750,-2.98
2026-07-24 15:21:50,BUY-CORE,MANAPPURAM,352.5,0.75,53,350,0.71
2026-07-24 15:21:57,SELL,SHREECEM,26745.0,0.7,36,26750,-0.02
2026-07-24 15:21:57,SELL-CORE,SHREECEM,26745.0,0.7,36,26750,-0.02
2026-07-24 15:25:30,SELL,BSE,3552.1,0.69,22,3750,-5.28
2026-07-24 15:25:44,SELL,COALINDIA,427.6,0.65,36,440,-2.82
2026-07-24 15:25:45,SELL-CORE,COALINDIA,427.6,0.65,36,440,-2.82
2026-07-24 15:25:50,SELL-CORE,SAIL,161.47,0.74,42,170,-5.02
2026-07-24 15:26:00,SELL,ADANIPORTS,1770.3,0.83,27,1820,-2.73
2026-07-24 15:26:01,SELL-CORE,INDIANB,825.5,1.05,47,830,-0.54
2026-07-24 15:26:05,SELL,BAJAJFINSV,1877.9,0.57,22,1900,-1.16
2026-07-24 15:26:06,SELL-CORE,BAJAJFINSV,1877.9,0.57,22,1900,-1.16
2026-07-24 15:26:16,BUY-CORE,DLF,645.9,0.64,57,660,-2.14
2026-07-24 15:26:22,SELL-CORE,VBL,457.4,0.99,0,470,-2.68
2026-07-24 15:26:41,COIL,ZYDUSLIFE,1110.0,1.03,47,1130,-1.77
2026-07-24 15:27:02,SELL,COLPAL,2090.9,0.67,22,2100,-0.43
2026-07-24 15:31:19,BUY-CORE,ADANIENT,3026.4,0.73,53,3060,-1.1
2026-07-24 15:31:22,BUY-CORE,ICICIBANK,1432.9,0.75,42,1440,-0.49
2026-07-24 15:31:35,BUY,ANGELONE,307.95,1.0,73,315,-2.24
2026-07-24 15:31:36,COIL,ANGELONE,307.95,1.0,73,315,-2.24
2026-07-24 15:31:37,COIL,CGPOWER,867.7,1.23,64,880,-1.4
2026-07-24 15:31:54,SELL,KAYNES,3176.2,0.8,27,3250,-2.27
2026-07-24 15:31:57,BUY-CORE,CUMMINSIND,5600.5,0.61,44,5700,-1.75
2026-07-24 15:32:03,BUY-CORE,POWERGRID,288.2,0.45,44,295,-2.31
2026-07-24 15:32:13,SELL-CORE,FORTIS,948.7,0.77,42,970,-2.2
2026-07-24 15:32:16,SELL,RBLBANK,352.9,0.75,27,370,-4.62
2026-07-24 15:32:21,COIL,LICI,421.3,1.12,64,425,-0.87
2026-07-24 15:32:26,SELL,EXIDEIND,443.0,0.37,0,450,-1.56
2026-07-24 15:32:27,SELL-CORE,EXIDEIND,443.0,0.37,0,450,-1.56
2026-07-27 09:15:37,BUY-CORE,NIFTY,23949.05,0.55,57,24000,-0.21
2026-07-27 09:15:40,BUY-CORE,BSE,3578.5,0.92,73,3700,-3.28
2026-07-27 09:15:43,BUY-CORE,HDFCBANK,746.15,0.97,73,750,-0.51
2026-07-27 09:15:44,BUY-CORE,MCX,2756.0,0.52,57,2900,-4.97
2026-07-27 09:15:47,BUY-CORE,INFY,1059.3,0.6,57,1065,-0.54
2026-07-27 09:15:48,BUY-CORE,AXISBANK,1234.8,0.99,53,1250,-1.22
2026-07-27 09:15:50,BUY-CORE,WIPRO,176.69,0.5,44,180,-1.84
2026-07-27 09:15:54,COIL,BANKBARODA,246.6,1.08,64,250,-1.36
2026-07-27 09:15:56,BUY-CORE,NATIONALUM,345.65,0.76,73,350,-1.24
2026-07-27 09:15:58,BUY-CORE,M&M,3189.9,0.57,57,3200,-0.32
2026-07-27 09:15:59,BUY-CORE,LT,3826.0,0.87,73,3850,-0.62
2026-07-27 09:16:06,BUY-CORE,ASIANPAINT,2687.5,0.62,57,2700,-0.46
2026-07-27 09:16:07,BUY-CORE,NHPC,79.61,0.44,57,83,-4.08
2026-07-27 09:16:09,BUY-CORE,HINDUNILVR,2167.5,0.73,73,2180,-0.57
2026-07-27 09:16:11,BUY-CORE,TMPV,327.4,0.88,53,340,-3.71
2026-07-27 09:16:13,BUY-CORE,NTPC,350.9,0.41,57,355,-1.15
2026-07-27 09:16:16,BUY-CORE,INDIGO,5130.5,0.84,73,5200,-1.34
2026-07-27 09:16:17,BUY-CORE,YESBANK,23.14,0.36,57,27,-14.3
2026-07-27 09:16:18,BUY,AMBER,7304.5,1.56,78,7200,1.45
2026-07-27 09:16:19,BUY-CORE,AMBER,7304.5,1.56,78,7200,1.45
2026-07-27 09:16:21,BUY-CORE,HEROMOTOCO,5053.9,0.52,57,5100,-0.9
2026-07-27 09:16:23,BUY-CORE,EICHERMOT,7708.5,0.35,57,7900,-2.42
2026-07-27 09:16:24,BUY-CORE,ADANIPORTS,1780.8,0.86,73,1800,-1.07
2026-07-27 09:16:27,BUY,HDFCAMC,2533.0,2.81,100,2500,1.32
2026-07-27 09:16:27,BUY-CORE,HDFCAMC,2533.0,2.81,100,2500,1.32
2026-07-27 09:16:30,BUY-CORE,BAJAJ-AUTO,11199.0,0.98,53,11200,-0.01
2026-07-27 09:16:31,BUY-CORE,BAJAJFINSV,1896.3,0.55,57,1900,-0.19
2026-07-27 09:16:37,BUY-CORE,LTF,308.25,0.65,44,320,-3.67
2026-07-27 09:16:38,BUY-CORE,HAL,4588.6,0.5,44,4600,-0.25
2026-07-27 09:16:39,SELL,INDUSTOWER,394.2,0.77,27,405,-2.67
2026-07-27 09:16:40,SELL-CORE,INDUSTOWER,394.2,0.77,27,405,-2.67
2026-07-27 09:16:46,BUY-CORE,TORNTPHARM,4989.6,0.9,53,5000,-0.21
2026-07-27 09:16:47,BUY-CORE,VOLTAS,1336.2,0.72,73,1360,-1.75
2026-07-27 09:16:49,BUY-CORE,BANKINDIA,143.62,0.73,53,145,-0.95
2026-07-27 09:16:50,BUY-CORE,MUTHOOTFIN,3044.4,0.64,44,3100,-1.79
2026-07-27 09:16:51,BUY-CORE,INDUSINDBK,1008.4,0.9,73,1020,-1.14
2026-07-27 09:16:53,BUY-CORE,VBL,459.6,1.06,58,470,-2.21
2026-07-27 09:16:53,SELL-CORE,VBL,459.6,1.06,58,470,-2.21
2026-07-27 09:16:56,BUY-CORE,APOLLOHOSP,8813.0,0.65,44,8900,-0.98
2026-07-27 09:16:57,BUY-CORE,DMART,4028.0,0.55,44,4150,-2.94
2026-07-27 09:16:59,BUY-CORE,IOC,140.59,0.73,73,143,-1.69
2026-07-27 09:17:02,BUY-CORE,CDSL,1344.0,0.8,53,1380,-2.61
2026-07-27 09:17:08,BUY-CORE,BANDHANBNK,167.19,0.67,57,175,-4.46
2026-07-27 09:17:09,BUY-CORE,LODHA,1171.95,0.81,53,1160,1.03
2026-07-27 09:17:10,BUY-CORE,JINDALSTEL,1047.7,0.76,53,1070,-2.08
2026-07-27 09:17:12,BUY-CORE,PRESTIGE,1630.0,0.71,73,1660,-1.81
2026-07-27 09:17:14,BUY-CORE,TATACONSUM,1115.8,0.57,44,1120,-0.38
2026-07-27 09:17:16,BUY-CORE,GODREJPROP,2047.5,0.75,73,2060,-0.61
2026-07-27 09:17:17,BUY,KFINTECH,875.0,1.02,100,870,0.57
2026-07-27 09:17:18,BUY-CORE,KFINTECH,875.0,1.02,100,870,0.57
2026-07-27 09:17:19,BUY-CORE,BIOCON,436.5,0.58,57,440,-0.8
2026-07-27 09:17:22,BUY-CORE,ZYDUSLIFE,1115.9,0.82,73,1140,-2.11
2026-07-27 09:17:24,BUY-CORE,PGEL,579.4,0.74,73,590,-1.8
2026-07-27 09:17:27,BUY-CORE,CONCOR,477.95,0.87,53,480,-0.43
2026-07-27 09:17:28,BUY-CORE,BRITANNIA,5416.5,0.57,57,5450,-0.61
2026-07-27 09:17:33,BUY-CORE,INDHOTEL,732.9,0.52,57,750,-2.28
2026-07-27 09:17:34,BUY-CORE,BHARATFORG,2170.0,0.82,73,2180,-0.46
2026-07-27 09:17:35,BUY-CORE,MANAPPURAM,356.75,0.66,57,355,0.49
2026-07-27 09:17:48,BUY-CORE,COLPAL,2112.6,0.5,57,2140,-1.28
2026-07-27 09:20:35,BUY-CORE,FINNIFTY,26073.6,0.62,44,26100,-0.1
2026-07-27 09:20:39,BUY-CORE,ADANIGREEN,1411.2,0.89,53,1420,-0.62
2026-07-27 09:20:41,BUY-CORE,BAJFINANCE,1034.3,0.72,73,1040,-0.55
2026-07-27 09:20:44,BUY-CORE,TATASTEEL,184.45,0.67,57,190,-2.92
2026-07-27 09:20:45,BUY-CORE,ADANIPOWER,215.43,0.67,44,225,-4.25
2026-07-27 09:20:46,BUY-CORE,BHARTIARTL,1902.5,0.44,44,1960,-2.93
2026-07-27 09:20:48,BUY-CORE,CANBK,127.0,0.83,73,127.5,-0.39
2026-07-27 09:20:50,BUY-CORE,TITAN,4700.4,0.63,44,4650,1.08
2026-07-27 09:20:51,BUY-CORE,SHRIRAMFIN,1014.1,0.57,44,1050,-3.42
2026-07-27 09:20:54,SELL,ULTRACEMCO,11836.0,0.45,0,12000,-1.37
2026-07-27 09:20:54,SELL-CORE,ULTRACEMCO,11836.0,0.45,0,12000,-1.37
2026-07-27 09:20:55,SELL,COALINDIA,426.35,0.83,0,435,-1.99
2026-07-27 09:20:56,SELL-CORE,COALINDIA,426.35,0.83,0,435,-1.99
2026-07-27 09:20:57,BUY-CORE,SUNPHARMA,1944.5,0.39,57,1960,-0.79
2026-07-27 09:20:58,BUY,ANGELONE,309.7,1.02,100,315,-1.68
2026-07-27 09:20:59,BUY-CORE,ANGELONE,309.7,1.02,100,315,-1.68
2026-07-27 09:21:00,BUY-CORE,DIXON,13939.0,0.62,44,14250,-2.18
2026-07-27 09:21:01,BUY-CORE,CGPOWER,881.95,0.95,53,900,-2.01
2026-07-27 09:21:05,BUY-CORE,RECLTD,363.55,0.56,44,370,-1.74
2026-07-27 09:21:09,BUY-CORE,TECHM,1580.2,0.52,57,1600,-1.24
2026-07-27 09:21:10,BUY-CORE,ASHOKLEY,153.18,0.95,73,157.5,-2.74
2026-07-27 09:21:12,BUY-CORE,NBCC,95.04,0.61,57,100,-4.96
2026-07-27 09:21:14,BUY-CORE,INDIANB,833.9,0.8,73,841.75,-0.93
2026-07-27 09:21:15,BUY-CORE,FEDERALBNK,356.4,0.67,44,355,0.39
2026-07-27 09:21:16,BUY-CORE,TVSMOTOR,3874.7,0.44,44,3950,-1.91
2026-07-27 09:21:18,BUY-CORE,360ONE,1113.9,0.51,57,1140,-2.29
2026-07-27 09:21:19,SELL-CORE,BAJAJ-AUTO,11131.0,1.18,47,11100,0.28
2026-07-27 09:21:20,BUY-CORE,POLYCAB,9025.0,0.87,73,9100,-0.82
2026-07-27 09:21:22,BUY-CORE,LUPIN,2403.4,0.69,57,2440,-1.5
2026-07-27 09:21:25,BUY-CORE,GRASIM,3096.5,0.72,73,3120,-0.75
2026-07-27 09:21:28,BUY-CORE,INDUSTOWER,396.35,0.78,53,405,-2.14
2026-07-27 09:21:30,BUY-CORE,POWERGRID,289.7,0.41,44,295,-1.8
2026-07-27 09:21:32,BUY-CORE,OFSS,10890.0,0.6,57,11000,-1.0
2026-07-27 09:21:34,BUY-CORE,AUROPHARMA,1543.0,0.48,57,1600,-3.56
2026-07-27 09:21:35,BUY-CORE,NESTLEIND,1455.7,0.34,57,1500,-2.95
2026-07-27 09:21:39,COIL,VBL,456.45,1.07,64,470,-2.88
2026-07-27 09:21:40,BUY-CORE,LICHSGFIN,544.4,0.96,73,550,-1.02
2026-07-27 09:21:41,BUY-CORE,UPL,606.05,0.58,57,615,-1.46
2026-07-27 09:21:41,BUY,BPCL,316.25,1.0,100,310,2.02
2026-07-27 09:21:45,BUY-CORE,MARICO,861.3,0.44,57,870,-1.0
2026-07-27 09:21:46,BUY-CORE,NAUKRI,1176.75,0.56,44,1220,-3.55
2026-07-27 09:21:48,BUY-CORE,RBLBANK,358.25,0.68,44,370,-3.18
2026-07-27 09:21:50,BUY-CORE,GAIL,171.58,0.83,73,173,-0.82
2026-07-27 09:21:51,BUY-CORE,DIVISLAB,7278.0,0.58,57,7400,-1.65
2026-07-27 09:21:51,SELL-CORE,ICICIGI,1654.0,0.94,0,1660,-0.36
2026-07-27 09:21:52,BUY-CORE,MAXHEALTH,1099.8,0.42,57,1140,-3.53
2026-07-27 09:21:57,BUY,HINDPETRO,390.5,1.04,100,390,0.13
2026-07-27 09:21:58,BUY-CORE,HINDPETRO,390.5,1.04,100,390,0.13
2026-07-27 09:21:59,SELL,EXIDEIND,439.1,0.72,27,445,-1.33
2026-07-27 09:22:00,SELL-CORE,EXIDEIND,439.1,0.72,27,445,-1.33
2026-07-27 09:22:02,SELL,GODREJPROP,2028.7,0.79,27,2040,-0.55
2026-07-27 09:22:02,SELL-CORE,GODREJPROP,2028.7,0.79,27,2040,-0.55
2026-07-27 09:22:04,BUY,TATAPOWER,376.55,1.03,73,380,-0.91
2026-07-27 09:22:04,BUY-CORE,TATAPOWER,376.55,1.03,73,380,-0.91
2026-07-27 09:22:06,BUY-CORE,PNBHOUSING,1070.0,0.62,57,1090,-1.83
2026-07-27 09:22:07,BUY,ZYDUSLIFE,1114.3,1.04,100,1130,-1.39
2026-07-27 09:22:09,SELL-CORE,DRREDDY,1150.4,1.25,27,1150,0.03
2026-07-27 09:22:11,BUY-CORE,NAM-INDIA,1133.0,0.57,57,1200,-5.58
2026-07-27 09:22:12,SELL-CORE,CONCOR,474.75,0.98,27,480,-1.09
2026-07-27 09:22:15,BUY-CORE,DABUR,428.15,0.58,57,445,-3.79
2026-07-27 09:22:16,BUY,PETRONET,274.95,1.1,100,275,-0.02
2026-07-27 09:22:16,BUY-CORE,PETRONET,274.95,1.1,100,275,-0.02
2026-07-27 09:22:17,BUY-CORE,IRFC,88.19,0.88,73,90,-2.01
2026-07-27 09:22:20,BUY-CORE,ALKEM,5681.0,0.54,57,5700,-0.33
2026-07-27 09:22:25,BUY-CORE,IREDA,121.32,0.69,57,123,-1.37
2026-07-27 09:22:27,BUY,TIINDIA,2827.0,1.13,100,2840,-0.46
2026-07-27 09:22:27,BUY-CORE,TIINDIA,2827.0,1.13,100,2840,-0.46
2026-07-27 09:22:29,SELL,NUVAMA,1976.6,0.64,0,2020,-2.15
2026-07-27 09:22:30,SELL-CORE,NUVAMA,1976.6,0.64,0,2020,-2.15
2026-07-27 09:22:31,SELL,MOTILALOFS,867.4,0.51,22,900,-3.62
2026-07-27 09:22:31,SELL-CORE,MOTILALOFS,867.4,0.51,22,900,-3.62
2026-07-27 09:22:32,BUY-CORE,SUPREMEIND,3485.3,0.53,44,3550,-1.82
2026-07-27 09:22:34,BUY-CORE,MANKIND,2535.5,0.61,57,2600,-2.48
2026-07-27 09:25:32,BUY-CORE,ICICIBANK,1430.4,0.7,44,1440,-0.67
2026-07-27 09:25:35,BUY-CORE,AXISBANK,1232.2,0.97,53,1250,-1.42
2026-07-27 09:25:39,SELL-CORE,BANKBARODA,244.25,1.62,56,245,-0.31
2026-07-27 09:25:41,BUY-CORE,NATIONALUM,345.1,0.77,73,350,-1.4
2026-07-27 09:25:42,BUY-CORE,M&M,3185.1,0.55,44,3200,-0.47
2026-07-27 09:25:44,BUY-CORE,PFC,415.05,0.58,57,430,-3.48
2026-07-27 09:25:48,BUY,CGPOWER,871.3,1.16,73,880,-0.99
2026-07-27 09:25:49,COIL,CGPOWER,871.3,1.16,73,880,-0.99
2026-07-27 09:25:51,BUY-CORE,SAIL,162.92,0.74,53,170,-4.16
2026-07-27 09:25:52,BUY-CORE,KOTAKBANK,387.5,0.6,57,390,-0.64
2026-07-27 09:25:53,BUY-CORE,TMPV,326.75,0.88,73,340,-3.9
2026-07-27 09:25:54,BUY,NMDC,84.05,1.15,100,85,-1.12
2026-07-27 09:25:55,BUY-CORE,NMDC,84.05,1.15,100,85,-1.12
2026-07-27 09:26:00,BUY-CORE,AMBUJACEM,427.0,0.47,57,440,-2.95
2026-07-27 09:26:07,BUY-CORE,KAYNES,3199.3,0.8,53,3250,-1.56
2026-07-27 09:26:09,BUY-CORE,HDFCLIFE,555.4,0.64,36,570,-2.56
2026-07-27 09:26:09,SELL,HDFCLIFE,555.4,0.64,36,570,-2.56
2026-07-27 09:26:10,SELL-CORE,HDFCLIFE,555.4,0.64,36,570,-2.56
2026-07-27 09:26:21,SELL,ABB,7335.5,0.78,0,7500,-2.19
2026-07-27 09:26:21,SELL-CORE,ABB,7335.5,0.78,0,7500,-2.19
2026-07-27 09:26:23,SELL-CORE,VBL,456.25,1.06,47,470,-2.93
2026-07-27 09:26:25,BUY-CORE,COCHINSHIP,1401.4,0.69,44,1440,-2.68
2026-07-27 09:26:28,BUY,IOC,140.32,1.0,73,140,0.23
2026-07-27 09:26:40,BUY-CORE,KEI,4913.0,0.85,53,5000,-1.74
2026-07-27 09:26:45,BUY-CORE,JSWENERGY,556.0,0.66,57,570,-2.46
2026-07-27 09:26:47,BUY,PHOENIXLTD,2041.0,1.05,100,2040,0.05
2026-07-27 09:26:48,BUY-CORE,PHOENIXLTD,2041.0,1.05,100,2040,0.05
2026-07-27 09:26:51,BUY-CORE,CAMS,771.25,0.55,57,800,-3.59
2026-07-27 09:26:52,BUY-CORE,BLUESTARCO,1657.0,0.91,73,1680,-1.37
2026-07-27 09:26:55,SELL,TATAELXSI,3537.1,0.67,22,3650,-3.09
2026-07-27 09:26:55,SELL-CORE,TATAELXSI,3537.1,0.67,22,3650,-3.09
2026-07-27 09:26:56,BUY-CORE,PIDILITIND,1595.1,0.28,57,1640,-2.74
2026-07-27 09:27:04,BUY-CORE,DALBHARAT,1811.3,0.76,73,1840,-1.56
2026-07-27 09:27:06,BUY-CORE,COLPAL,2118.0,0.5,57,2140,-1.03
2026-07-27 09:32:51,SELL,ICICIBANK,1431.5,0.69,36,1440,-0.59
2026-07-27 09:32:52,SELL-CORE,ICICIBANK,1431.5,0.69,36,1440,-0.59
2026-07-27 09:32:58,COIL,BANKBARODA,247.3,1.16,64,250,-1.08
2026-07-27 09:33:00,BUY-CORE,TITAN,4691.0,0.63,44,4650,0.88
2026-07-27 09:33:03,BUY-CORE,HINDALCO,947.5,0.58,44,980,-3.32
2026-07-27 09:33:15,BUY,AMBER,7340.5,1.58,78,7200,1.95
2026-07-27 09:33:16,BUY-CORE,AMBER,7340.5,1.58,78,7200,1.95
2026-07-27 09:33:21,BUY,HDFCAMC,2538.6,1.35,100,2550,-0.45
2026-07-27 09:33:22,BUY-CORE,HDFCAMC,2538.6,1.35,100,2550,-0.45
2026-07-27 09:33:23,BUY-CORE,RVNL,227.0,0.53,57,240,-5.42
2026-07-27 09:33:29,BUY-CORE,CUMMINSIND,5623.0,0.56,44,5700,-1.35
2026-07-27 09:33:35,BUY-CORE,MOTHERSON,147.59,0.56,57,150,-1.61
2026-07-27 09:33:38,BUY-CORE,TORNTPHARM,5033.4,0.91,73,5000,0.67
2026-07-27 09:33:40,BUY-CORE,VOLTAS,1333.4,0.71,73,1360,-1.96
2026-07-27 09:33:41,BUY-CORE,APLAPOLLO,1838.0,0.45,57,1860,-1.18
2026-07-27 09:33:45,BUY-CORE,LICHSGFIN,543.1,0.95,73,550,-1.25
2026-07-27 09:33:46,BUY,BPCL,314.55,1.0,100,310,1.47
2026-07-27 09:33:49,BUY-CORE,FORTIS,955.25,0.7,57,980,-2.53
2026-07-27 09:33:53,BUY-CORE,ABCAPITAL,397.05,0.79,73,405,-1.96
2026-07-27 09:33:56,BUY-CORE,MAXHEALTH,1104.4,0.41,57,1140,-3.12
2026-07-27 09:33:58,BUY-CORE,SIEMENS,3709.7,0.69,57,3700,0.26
2026-07-27 09:33:59,BUY-CORE,BANDHANBNK,169.5,0.67,57,180,-5.83
2026-07-27 09:34:03,BUY-CORE,UNOMINDA,1140.6,0.58,57,1180,-3.34
2026-07-27 09:34:04,BUY-CORE,EXIDEIND,442.1,0.37,44,450,-1.76
2026-07-27 09:34:10,BUY-CORE,BOSCHLTD,41710.0,0.73,42,42000,-0.69
2026-07-27 09:34:10,SELL-CORE,BOSCHLTD,41710.0,0.73,42,42000,-0.69
2026-07-27 09:34:12,BUY-CORE,SONACOMS,721.65,0.84,53,720,0.23
2026-07-27 09:34:17,BUY-CORE,DABUR,427.7,0.58,57,445,-3.89
2026-07-27 09:34:23,BUY-CORE,PAGEIND,40405.0,0.62,57,41250,-2.05
2026-07-27 09:36:36,BUY-CORE,NIFTYNXT50,72372.1,0.12,57,72500,-0.18
2026-07-27 09:36:50,BUY-CORE,ULTRACEMCO,11859.0,0.35,44,12200,-2.8
2026-07-27 09:36:51,BUY-CORE,BEL,406.8,0.74,53,415,-1.98
2026-07-27 09:37:05,SELL,TVSMOTOR,3863.5,0.51,0,3940,-1.94
2026-07-27 09:37:06,SELL-CORE,TVSMOTOR,3863.5,0.51,0,3940,-1.94
2026-07-27 09:37:11,BUY-CORE,HDFCLIFE,556.6,0.65,36,570,-2.35
2026-07-27 09:37:14,BUY-CORE,GRASIM,3099.7,0.73,53,3120,-0.65
2026-07-27 09:37:24,BUY,VBL,459.25,1.07,100,470,-2.29
2026-07-27 09:37:25,BUY-CORE,VBL,459.25,1.07,100,470,-2.29
2026-07-27 09:37:28,SELL,DMART,4030.0,0.57,36,4150,-2.89
2026-07-27 09:37:29,SELL-CORE,DMART,4030.0,0.57,36,4150,-2.89
2026-07-27 09:37:34,SELL-CORE,ICICIGI,1659.7,0.94,0,1660,-0.02
2026-07-27 09:37:41,BUY-CORE,GODREJPROP,2039.7,0.71,53,2060,-0.99
2026-07-27 09:37:50,BUY-CORE,ICICIPRULI,506.7,0.63,57,520,-2.56
2026-07-27 09:37:58,BUY-CORE,GODREJCP,1069.0,0.61,57,1100,-2.82
2026-07-27 09:38:04,BUY-CORE,MANKIND,2542.2,0.63,57,2600,-2.22
2026-07-27 09:43:03,SELL-CORE,BSE,3542.4,1.0,47,3600,-1.6
2026-07-27 09:43:03,COIL,BSE,3542.4,1.0,47,3600,-1.6
2026-07-27 09:43:11,SELL,BHARTIARTL,1897.2,0.43,0,1960,-3.2
2026-07-27 09:43:12,SELL-CORE,BHARTIARTL,1897.2,0.43,0,1960,-3.2
2026-07-27 09:43:19,SELL,COALINDIA,427.6,0.67,22,440,-2.82
2026-07-27 09:43:20,SELL-CORE,COALINDIA,427.6,0.67,22,440,-2.82
2026-07-27 09:43:23,SELL-CORE,CGPOWER,869.6,1.12,47,880,-1.18
2026-07-27 09:43:46,BUY-CORE,JSWSTEEL,1246.2,0.6,57,1260,-1.1
2026-07-27 09:43:52,BUY-CORE,APLAPOLLO,1842.0,0.45,57,1860,-0.97
2026-07-27 09:43:53,SELL-CORE,BANKINDIA,141.3,1.36,56,140.35,0.68
2026-07-27 09:43:56,COIL,VBL,459.3,1.06,64,470,-2.28
2026-07-27 09:43:58,BUY-CORE,COCHINSHIP,1401.1,0.69,44,1440,-2.7
2026-07-27 09:44:07,SELL-CORE,CROMPTON,250.9,0.87,27,255,-1.61
2026-07-27 09:44:10,BUY-CORE,LODHA,1175.4,0.75,53,1160,1.33
2026-07-27 09:44:14,BUY-CORE,GLENMARK,2207.0,0.83,53,2240,-1.47
2026-07-27 09:44:19,SELL,BOSCHLTD,41630.0,0.72,27,42000,-0.88
2026-07-27 09:44:19,SELL-CORE,BOSCHLTD,41630.0,0.72,27,42000,-0.88
2026-07-27 09:44:26,BUY,PETRONET,275.15,1.09,73,275,0.05
2026-07-27 09:44:26,BUY-CORE,PETRONET,275.15,1.09,73,275,0.05
2026-07-27 09:44:37,BUY-CORE,NUVAMA,1983.0,0.65,44,2000,-0.85
2026-07-27 09:44:39,BUY-CORE,DALBHARAT,1808.0,0.86,73,1820,-0.66
2026-07-27 09:44:41,BUY,OBEROIRLTY,1826.9,1.32,78,1820,0.38
2026-07-27 09:44:42,BUY-CORE,OBEROIRLTY,1826.9,1.32,78,1820,0.38
2026-07-27 09:44:44,BUY-CORE,PIIND,2762.0,0.49,44,2820,-2.06
2026-07-27 09:46:54,SELL-CORE,HDFCBANK,743.5,0.91,27,750,-0.87
2026-07-27 09:46:55,BUY-CORE,MCX,2736.6,0.51,44,2900,-5.63
2026-07-27 09:47:00,BUY-CORE,TATASTEEL,184.3,0.65,57,190,-3.0
2026-07-27 09:47:10,BUY,CGPOWER,873.65,1.11,73,880,-0.72
2026-07-27 09:47:11,BUY-CORE,CGPOWER,873.65,1.11,73,880,-0.72
2026-07-27 09:47:49,BUY,GAIL,171.49,1.17,100,170,0.88
2026-07-27 09:47:58,BUY-CORE,KEI,4922.0,0.86,73,5000,-1.56
2026-07-27 09:52:04,SELL,ICICIBANK,1433.9,0.7,36,1440,-0.42
2026-07-27 09:52:04,SELL-CORE,ICICIBANK,1433.9,0.7,36,1440,-0.42
2026-07-27 09:52:07,BUY-CORE,ADANIENSOL,1709.0,0.31,44,1760,-2.9
2026-07-27 09:52:12,SELL-CORE,NATIONALUM,344.1,0.76,42,350,-1.69
2026-07-27 09:52:16,SELL,BEL,405.3,0.74,27,415,-2.34
2026-07-27 09:52:16,SELL-CORE,BEL,405.3,0.74,27,415,-2.34
2026-07-27 09:52:28,SELL-CORE,ADANIPORTS,1773.4,0.86,27,1800,-1.48
2026-07-27 09:52:47,BUY-CORE,UPL,606.8,0.58,44,615,-1.33
2026-07-27 09:52:49,BUY-CORE,APOLLOHOSP,8811.0,0.65,44,8900,-1.0
2026-07-27 09:52:54,BUY-CORE,ABCAPITAL,397.35,0.8,73,405,-1.89
2026-07-27 09:52:56,BUY-CORE,ICICIGI,1669.7,0.94,73,1660,0.58
2026-07-27 09:52:57,BUY,LICI,425.15,1.06,100,427.5,-0.55
2026-07-27 09:52:58,BUY-CORE,LICI,425.15,1.06,100,427.5,-0.55
2026-07-27 09:53:08,BUY-CORE,SONACOMS,718.3,0.86,53,720,-0.24
2026-07-27 09:53:24,SELL,SUPREMEIND,3493.4,0.52,36,3550,-1.59
2026-07-27 09:53:24,SELL-CORE,SUPREMEIND,3493.4,0.52,36,3550,-1.59
2026-07-27 09:56:44,COIL,HDFCBANK,741.9,1.03,47,750,-1.08
2026-07-27 09:56:52,COIL,BANKBARODA,245.9,1.21,64,250,-1.64
2026-07-27 09:56:58,SELL,COALINDIA,427.7,0.66,22,440,-2.8
2026-07-27 09:56:58,SELL-CORE,COALINDIA,427.7,0.66,22,440,-2.8
2026-07-27 09:57:01,COIL,ANGELONE,310.7,1.01,73,315,-1.37
2026-07-27 09:57:03,BUY,CGPOWER,873.75,1.09,73,880,-0.71
2026-07-27 09:57:07,BUY-CORE,TMPV,327.45,0.88,53,340,-3.69
2026-07-27 09:57:08,BUY,NMDC,84.26,1.14,73,85,-0.87
2026-07-27 09:57:08,BUY-CORE,NMDC,84.26,1.14,73,85,-0.87
2026-07-27 09:57:20,BUY,BAJAJ-AUTO,11137.5,1.18,73,11100,0.34
2026-07-27 09:57:21,BUY-CORE,BAJAJ-AUTO,11137.5,1.18,73,11100,0.34
2026-07-27 09:57:28,BUY-CORE,INDUSTOWER,394.2,0.77,42,405,-2.67
2026-07-27 09:57:29,SELL-CORE,INDUSTOWER,394.2,0.77,42,405,-2.67
2026-07-27 09:57:32,SELL,POWERGRID,287.6,0.45,22,295,-2.51
2026-07-27 09:57:33,SELL-CORE,POWERGRID,287.6,0.45,22,295,-2.51
2026-07-27 09:57:44,SELL,CIPLA,1409.3,0.71,27,1440,-2.13
2026-07-27 09:57:45,SELL-CORE,CIPLA,1409.3,0.71,27,1440,-2.13
2026-07-27 09:57:47,BUY-CORE,MAZDOCK,2321.5,0.93,73,2360,-1.63
2026-07-27 09:57:53,BUY-CORE,SIEMENS,3722.2,0.69,57,3700,0.6
2026-07-27 09:57:57,BUY-CORE,UNOMINDA,1143.8,0.59,57,1180,-3.07
2026-07-27 09:58:03,BUY-CORE,BOSCHLTD,42045.0,0.65,44,42000,0.11
2026-07-27 09:58:06,SELL,JSWENERGY,551.8,0.57,22,570,-3.19
2026-07-27 09:58:06,SELL-CORE,JSWENERGY,551.8,0.57,22,570,-3.19
2026-07-27 09:58:09,BUY-CORE,CONCOR,503.05,0.4,57,505,-0.39
2026-07-27 09:58:16,BUY-CORE,TATAELXSI,3550.0,0.65,36,3650,-2.74
2026-07-27 09:58:20,SELL,KPITTECH,581.05,0.47,0,600,-3.16
2026-07-27 09:58:20,SELL-CORE,KPITTECH,581.05,0.47,0,600,-3.16
2026-07-27 09:58:21,BUY-CORE,GODREJCP,1066.3,0.61,57,1100,-3.06
2026-07-27 10:02:03,BUY,FINNIFTY,26024.8,1.05,73,26000,0.1
2026-07-27 10:02:10,SELL-CORE,AXISBANK,1231.7,0.94,27,1250,-1.46
2026-07-27 10:02:12,BUY-CORE,ADANIENSOL,1702.4,0.3,36,1760,-3.27
2026-07-27 10:02:13,SELL,ADANIENSOL,1702.4,0.3,36,1760,-3.27
2026-07-27 10:02:13,SELL-CORE,ADANIENSOL,1702.4,0.3,36,1760,-3.27
2026-07-27 10:02:16,SELL,BHEL,417.85,0.59,22,420,-0.51
2026-07-27 10:02:17,SELL-CORE,BHEL,417.85,0.59,22,420,-0.51
2026-07-27 10:02:23,BUY-CORE,HINDALCO,946.0,0.57,44,970,-2.47
2026-07-27 10:02:29,SELL,NHPC,79.18,0.61,22,81,-2.25
2026-07-27 10:02:29,SELL-CORE,NHPC,79.18,0.61,22,81,-2.25
2026-07-27 10:02:51,SELL,INDUSTOWER,393.95,0.76,27,405,-2.73
2026-07-27 10:02:57,BUY-CORE,NESTLEIND,1443.9,0.65,36,1450,-0.42
2026-07-27 10:02:58,SELL,NESTLEIND,1443.9,0.65,36,1450,-0.42
2026-07-27 10:02:59,SELL-CORE,NESTLEIND,1443.9,0.65,36,1450,-0.42
2026-07-27 10:03:00,BUY-CORE,APLAPOLLO,1855.9,0.46,57,1860,-0.22
2026-07-27 10:03:03,SELL-CORE,VBL,455.9,1.06,47,470,-3.0
2026-07-27 10:03:08,BUY-CORE,CIPLA,1415.0,0.7,44,1440,-1.74
2026-07-27 10:03:20,SELL,EXIDEIND,442.0,0.37,36,450,-1.78
2026-07-27 10:03:21,SELL-CORE,EXIDEIND,442.0,0.37,36,450,-1.78
2026-07-27 10:03:34,BUY-CORE,CAMS,789.05,0.41,57,810,-2.59
2026-07-27 10:05:40,BUY-CORE,BHEL,417.55,0.6,36,420,-0.58
2026-07-27 10:06:05,SELL-CORE,BAJAJ-AUTO,11133.5,1.18,58,11100,0.3
2026-07-27 10:06:08,SELL,HDFCLIFE,555.35,0.65,36,570,-2.57
2026-07-27 10:06:09,SELL-CORE,HDFCLIFE,555.35,0.65,36,570,-2.57
2026-07-27 10:06:13,BUY-CORE,INDUSTOWER,393.85,0.76,42,405,-2.75
2026-07-27 10:06:30,BUY-CORE,ABCAPITAL,397.2,0.8,73,405,-1.93
2026-07-27 10:10:41,BUY-CORE,AXISBANK,1231.4,0.95,42,1250,-1.49
2026-07-27 10:10:47,BUY-CORE,NATIONALUM,345.0,0.76,53,350,-1.43
2026-07-27 10:10:51,BUY-CORE,COALINDIA,430.1,0.65,57,440,-2.25
2026-07-27 10:10:54,SELL-CORE,CGPOWER,870.7,1.06,47,890,-2.17
2026-07-27 10:11:00,BUY-CORE,NTPC,349.7,0.41,44,355,-1.49
2026-07-27 10:11:08,SELL,TVSMOTOR,3858.9,0.5,0,3950,-2.31
2026-07-27 10:11:09,SELL-CORE,TVSMOTOR,3858.9,0.5,0,3950,-2.31
2026-07-27 10:11:25,SELL,NESTLEIND,1444.6,0.66,22,1450,-0.37
2026-07-27 10:11:25,SELL-CORE,NESTLEIND,1444.6,0.66,22,1450,-0.37
2026-07-27 10:11:26,SELL-CORE,VOLTAS,1325.6,0.8,42,1340,-1.07
2026-07-27 10:11:39,SELL,SBILIFE,1844.3,0.59,0,1880,-1.9
2026-07-27 10:11:39,SELL-CORE,SBILIFE,1844.3,0.59,0,1880,-1.9
2026-07-27 10:12:02,SELL-CORE,PAGEIND,40180.0,0.93,0,40500,-0.79
2026-07-27 10:12:04,BUY-CORE,KPITTECH,586.6,0.42,57,600,-2.23
2026-07-27 10:15:43,BUY-CORE,ADANIGREEN,1402.0,0.9,53,1420,-1.27
2026-07-27 10:15:47,SELL,ADANIENSOL,1702.9,0.3,36,1760,-3.24
2026-07-27 10:15:48,SELL-CORE,ADANIENSOL,1702.9,0.3,36,1760,-3.24
2026-07-27 10:15:51,BUY-CORE,VEDL,267.5,0.57,57,280,-4.46
2026-07-27 10:16:37,BUY-CORE,MAZDOCK,2329.5,0.96,73,2360,-1.29
2026-07-27 10:16:40,BUY,ICICIGI,1680.2,1.0,100,1660,1.22
2026-07-27 10:16:48,BUY-CORE,GLENMARK,2209.0,0.83,53,2240,-1.38
2026-07-27 10:16:49,BUY-CORE,KEI,4932.0,0.72,53,5000,-1.36
2026-07-27 10:16:52,SELL,PNBHOUSING,1064.8,0.68,36,1080,-1.41
2026-07-27 10:16:53,SELL-CORE,PNBHOUSING,1064.8,0.68,36,1080,-1.41
2026-07-27 10:16:56,BUY-CORE,PGEL,582.55,0.74,73,590,-1.26
2026-07-27 10:17:11,BUY-CORE,SHREECEM,26910.0,0.7,57,27000,-0.33
2026-07-27 10:17:14,BUY-CORE,SRF,2674.0,0.74,53,2700,-0.96
2026-07-27 10:20:32,BUY,FINNIFTY,26020.65,1.09,73,26000,0.08
2026-07-27 10:20:37,BUY-CORE,ICICIBANK,1432.5,0.7,36,1440,-0.52
2026-07-27 10:20:47,BUY-CORE,ULTRACEMCO,11882.0,0.35,44,12200,-2.61
2026-07-27 10:21:02,BUY,HDFCAMC,2553.3,1.51,100,2560,-0.26
2026-07-27 10:21:03,BUY-CORE,HDFCAMC,2553.3,1.51,100,2560,-0.26
2026-07-27 10:21:23,BUY-CORE,FORTIS,948.75,0.84,73,970,-2.19
2026-07-27 10:21:24,BUY,IOC,140.46,1.03,100,140,0.33
2026-07-27 10:21:25,SELL,CIPLA,1403.5,0.84,27,1420,-1.16
2026-07-27 10:21:25,SELL-CORE,CIPLA,1403.5,0.84,27,1420,-1.16
2026-07-27 10:21:29,BUY,GAIL,171.49,1.17,100,170,0.88
2026-07-27 10:21:40,BUY,ZYDUSLIFE,1113.9,1.06,100,1130,-1.42
2026-07-27 10:25:34,SELL,MCX,2750.0,0.48,36,2950,-6.78
2026-07-27 10:25:35,SELL-CORE,MCX,2750.0,0.48,36,2950,-6.78
2026-07-27 10:25:44,SELL-CORE,NATIONALUM,344.8,0.79,42,350,-1.49
2026-07-27 10:25:46,BUY-CORE,HINDALCO,946.6,0.56,44,980,-3.41
2026-07-27 10:25:50,SELL-CORE,ANGELONE,307.9,0.99,27,315,-2.25
2026-07-27 10:26:14,SELL,INDUSTOWER,393.95,0.75,27,405,-2.73
2026-07-27 10:26:16,SELL,VMM,107.82,0.72,27,112.5,-4.16
2026-07-27 10:26:17,SELL-CORE,VMM,107.82,0.72,27,112.5,-4.16
2026-07-27 10:26:23,SELL-CORE,VOLTAS,1323.4,0.8,42,1340,-1.24
2026-07-27 10:26:28,SELL,COCHINSHIP,1399.9,0.71,27,1440,-2.78
2026-07-27 10:26:29,SELL-CORE,COCHINSHIP,1399.9,0.71,27,1440,-2.78
2026-07-27 10:26:47,COIL,ZYDUSLIFE,1114.6,1.05,73,1130,-1.36
2026-07-27 10:26:58,BUY-CORE,BHARATFORG,2162.0,0.81,53,2180,-0.83
2026-07-27 10:27:07,SELL,MOTILALOFS,867.45,0.51,22,900,-3.62
2026-07-27 10:27:07,SELL-CORE,MOTILALOFS,867.45,0.51,22,900,-3.62
2026-07-27 10:27:10,BUY,OBEROIRLTY,1842.9,1.13,100,1840,0.16
2026-07-27 10:27:11,BUY-CORE,OBEROIRLTY,1842.9,1.13,100,1840,0.16
2026-07-27 10:31:12,BUY-CORE,ICICIBANK,1435.9,0.66,36,1450,-0.97
2026-07-27 10:31:16,SELL,ADANIPOWER,213.83,0.67,22,225,-4.96
2026-07-27 10:31:17,SELL-CORE,ADANIPOWER,213.83,0.67,22,225,-4.96
2026-07-27 10:31:43,BUY-CORE,BAJAJ-AUTO,11161.0,0.97,53,11200,-0.35
2026-07-27 10:32:01,BUY,LICHSGFIN,542.5,1.2,100,540,0.46
2026-07-27 10:32:17,BUY-CORE,GODREJPROP,2054.5,0.59,57,2080,-1.23
2026-07-27 10:32:19,SELL-CORE,TATAPOWER,374.9,1.03,47,380,-1.34
2026-07-27 10:35:35,SELL,ADANIENT,3021.0,0.68,22,3080,-1.92
2026-07-27 10:35:35,SELL-CORE,ADANIENT,3021.0,0.68,22,3080,-1.92
2026-07-27 10:35:46,SELL,NATIONALUM,344.35,0.79,27,350,-1.61
2026-07-27 10:35:46,SELL-CORE,NATIONALUM,344.35,0.79,27,350,-1.61
2026-07-27 10:36:10,SELL,KAYNES,3180.9,0.81,27,3250,-2.13
2026-07-27 10:36:10,SELL-CORE,KAYNES,3180.9,0.81,27,3250,-2.13
2026-07-27 10:36:36,SELL,SBILIFE,1842.2,0.59,0,1880,-2.01
2026-07-27 10:36:37,SELL-CORE,SBILIFE,1842.2,0.59,0,1880,-2.01
2026-07-27 10:36:43,SELL,EXIDEIND,441.55,0.37,36,450,-1.88
2026-07-27 10:36:43,SELL-CORE,EXIDEIND,441.55,0.37,36,450,-1.88
2026-07-27 10:40:52,BUY-CORE,SHRIRAMFIN,1010.5,0.57,44,1050,-3.76
2026-07-27 10:40:55,BUY-CORE,PFC,413.1,0.61,44,430,-3.93
2026-07-27 10:40:58,COIL,ANGELONE,307.5,1.02,47,310,-0.81
2026-07-27 10:41:25,BUY-CORE,JSWSTEEL,1244.0,0.61,44,1260,-1.27
2026-07-27 10:41:32,SELL-CORE,VOLTAS,1326.0,0.81,42,1340,-1.04
2026-07-27 10:41:38,SELL,APOLLOHOSP,8782.0,0.62,22,8900,-1.33
2026-07-27 10:41:39,SELL-CORE,APOLLOHOSP,8782.0,0.62,22,8900,-1.33
2026-07-27 10:41:44,SELL,CDSL,1334.6,0.79,27,1380,-3.29
2026-07-27 10:41:45,SELL-CORE,CDSL,1334.6,0.79,27,1380,-3.29
2026-07-27 10:41:50,SELL,SIEMENS,3698.3,0.68,36,3700,-0.05
2026-07-27 10:41:51,SELL-CORE,SIEMENS,3698.3,0.68,36,3700,-0.05
2026-07-27 10:41:53,BUY-CORE,JINDALSTEL,1061.2,0.75,53,1080,-1.74
2026-07-27 10:42:13,SELL,TATAELXSI,3546.9,0.68,36,3650,-2.82
2026-07-27 10:42:13,SELL-CORE,TATAELXSI,3546.9,0.68,36,3650,-2.82
2026-07-27 10:42:15,SELL,BAJAJHLDNG,10718.0,0.42,22,11000,-2.56
2026-07-27 10:42:15,SELL-CORE,BAJAJHLDNG,10718.0,0.42,22,11000,-2.56
2026-07-27 10:42:17,SELL-CORE,PAGEIND,40235.0,0.92,0,40500,-0.65
2026-07-27 10:42:19,SELL,KPITTECH,582.7,0.48,22,600,-2.88
2026-07-27 10:42:19,SELL-CORE,KPITTECH,582.7,0.48,22,600,-2.88
2026-07-27 10:42:20,BUY-CORE,GODREJCP,1065.0,0.77,73,1090,-2.29
2026-07-27 10:46:50,BUY-CORE,FINNIFTY,26006.8,0.92,53,26050,-0.17
2026-07-27 10:46:59,SELL,ADANIPOWER,213.81,0.66,22,225,-4.97
2026-07-27 10:47:04,BUY-CORE,NATIONALUM,344.95,0.79,53,350,-1.44
2026-07-27 10:47:11,BUY-CORE,CGPOWER,873.0,1.1,58,880,-0.8
2026-07-27 10:47:17,BUY-CORE,NTPC,349.4,0.39,44,355,-1.58
2026-07-27 10:47:41,SELL,NESTLEIND,1439.6,0.66,22,1450,-0.72
2026-07-27 10:47:42,SELL-CORE,NESTLEIND,1439.6,0.66,22,1450,-0.72
2026-07-27 10:47:50,BUY-CORE,CIPLA,1412.0,0.68,44,1440,-1.94
2026-07-27 10:48:26,BUY-CORE,OBEROIRLTY,1851.3,0.78,73,1900,-2.56
2026-07-27 10:55:34,SELL,ADANIENT,3017.5,0.66,22,3080,-2.03
2026-07-27 10:55:35,SELL-CORE,ADANIENT,3017.5,0.66,22,3080,-2.03
2026-07-27 10:55:45,BUY-CORE,HINDZINC,532.6,0.65,44,550,-3.16
2026-07-27 10:55:52,BUY-CORE,ANGELONE,308.3,0.99,42,315,-2.13
2026-07-27 10:56:11,BUY,BAJAJ-AUTO,11171.5,1.0,73,11200,-0.25
2026-07-27 10:56:19,SELL,INDUSTOWER,392.6,0.74,27,405,-3.06
2026-07-27 10:56:31,SELL,COCHINSHIP,1390.6,0.7,0,1440,-3.43
2026-07-27 10:56:32,SELL-CORE,COCHINSHIP,1390.6,0.7,0,1440,-3.43
2026-07-27 10:57:05,SELL-CORE,IREDA,119.93,0.88,0,122,-1.7
2026-07-27 10:57:11,BUY,OBEROIRLTY,1845.6,1.17,100,1840,0.3
2026-07-27 11:02:15,SELL,ICICIBANK,1435.1,0.66,36,1450,-1.03
2026-07-27 11:02:15,SELL-CORE,ICICIBANK,1435.1,0.66,36,1450,-1.03
2026-07-27 11:02:19,BUY-CORE,BHARTIARTL,1899.7,0.43,36,1960,-3.08
2026-07-27 11:03:14,BUY-CORE,SONACOMS,717.85,0.85,73,720,-0.3
2026-07-27 11:03:23,SELL,BAJAJHLDNG,10690.0,0.45,22,11000,-2.82
2026-07-27 11:03:23,SELL-CORE,BAJAJHLDNG,10690.0,0.45,22,11000,-2.82
2026-07-27 11:03:26,BUY-CORE,KPITTECH,584.2,0.48,36,600,-2.63
2026-07-27 11:06:50,SELL,NATIONALUM,343.4,0.79,0,350,-1.89
2026-07-27 11:06:50,SELL-CORE,NATIONALUM,343.4,0.79,0,350,-1.89
2026-07-27 11:07:28,BUY-CORE,VBL,457.35,1.06,58,470,-2.69
2026-07-27 11:07:31,SELL,COCHINSHIP,1392.0,0.69,0,1440,-3.33
2026-07-27 11:07:39,SELL,SBILIFE,1837.4,0.59,0,1880,-2.27
2026-07-27 11:07:40,SELL-CORE,SBILIFE,1837.4,0.59,0,1880,-2.27
2026-07-27 11:07:41,SELL,CROMPTON,248.65,0.85,0,255,-2.49
2026-07-27 11:07:48,BUY-CORE,KEI,4907.0,0.81,53,5000,-1.86
2026-07-27 11:07:52,SELL-CORE,ZYDUSLIFE,1106.9,1.11,58,1130,-2.04
2026-07-27 11:07:57,SELL,BRITANNIA,5379.5,0.56,22,5500,-2.19
2026-07-27 11:07:58,SELL-CORE,BRITANNIA,5379.5,0.56,22,5500,-2.19
2026-07-27 11:10:35,SELL-CORE,ADANIGREEN,1392.7,1.02,27,1400,-0.52
2026-07-27 11:10:37,SELL,ICICIBANK,1435.1,0.66,36,1450,-1.03
2026-07-27 11:10:37,SELL-CORE,ICICIBANK,1435.1,0.66,36,1450,-1.03
2026-07-27 11:10:44,SELL,HINDZINC,531.4,0.64,36,550,-3.38
2026-07-27 11:10:44,SELL-CORE,HINDZINC,531.4,0.64,36,550,-3.38
2026-07-27 11:11:03,BUY,BAJAJ-AUTO,11177.0,1.0,73,11200,-0.21
2026-07-27 11:11:15,SELL,VOLTAS,1320.1,0.8,27,1340,-1.49
2026-07-27 11:11:30,BUY,HINDPETRO,392.15,1.11,100,390,0.55
2026-07-27 11:11:36,BUY,ZYDUSLIFE,1107.1,1.11,73,1130,-2.03
2026-07-27 11:11:46,SELL,BAJAJHLDNG,10682.0,0.44,22,11000,-2.89
2026-07-27 11:11:47,SELL-CORE,BAJAJHLDNG,10682.0,0.44,22,11000,-2.89
2026-07-27 11:16:43,BUY-CORE,SHRIRAMFIN,1012.0,0.56,44,1050,-3.62
2026-07-27 11:16:48,SELL,DIXON,13850.0,0.66,22,14200,-2.46
2026-07-27 11:16:49,SELL-CORE,DIXON,13850.0,0.66,22,14200,-2.46
2026-07-27 11:16:53,BUY-CORE,RECLTD,365.6,0.55,44,370,-1.19
2026-07-27 11:17:04,BUY-CORE,BAJAJFINSV,1903.4,0.56,57,1900,0.18
2026-07-27 11:17:10,SELL,INDUSTOWER,392.6,0.74,27,405,-3.06
2026-07-27 11:17:11,SELL,JSWSTEEL,1241.9,0.62,22,1260,-1.44
2026-07-27 11:17:11,SELL-CORE,JSWSTEEL,1241.9,0.62,22,1260,-1.44
2026-07-27 11:17:35,BUY-CORE,PNBHOUSING,1068.0,0.64,36,1090,-2.02
2026-07-27 11:17:41,BUY-CORE,BRITANNIA,5400.0,0.55,44,5500,-1.82
2026-07-27 11:17:49,BUY-CORE,GODREJCP,1065.0,0.76,73,1090,-2.29
2026-07-27 11:21:32,SELL,SIEMENS,3696.0,0.68,36,3700,-0.11
2026-07-27 11:21:32,SELL-CORE,SIEMENS,3696.0,0.68,36,3700,-0.11
2026-07-27 11:21:36,SELL,EXIDEIND,440.25,0.73,27,445,-1.07
2026-07-27 11:21:43,SELL,SONACOMS,715.9,0.84,0,720,-0.57
2026-07-27 11:21:43,SELL-CORE,SONACOMS,715.9,0.84,0,720,-0.57
2026-07-27 11:27:14,BUY-CORE,KAYNES,3194.6,0.8,42,3250,-1.7
2026-07-27 11:27:19,SELL,INDUSTOWER,393.0,0.74,27,405,-2.96
2026-07-27 11:27:20,SELL-CORE,INDUSTOWER,393.0,0.74,27,405,-2.96
2026-07-27 11:27:39,BUY-CORE,BANDHANBNK,169.22,0.67,44,180,-5.99
2026-07-27 11:28:01,SELL,IREDA,120.75,0.69,0,123,-1.83
2026-07-27 11:28:03,BUY-CORE,JUBLFOOD,425.25,0.89,73,435,-2.24
2026-07-27 11:28:07,BUY-CORE,MANKIND,2535.5,0.69,57,2600,-2.48
2026-07-27 11:32:48,BUY-CORE,BEL,406.2,0.67,36,420,-3.29
2026-07-27 11:32:50,BUY-CORE,ANGELONE,307.75,0.97,42,315,-2.3
2026-07-27 11:32:51,BUY-CORE,DIXON,13902.0,0.58,44,14250,-2.44
2026-07-27 11:32:54,BUY-CORE,KOTAKBANK,385.2,0.96,73,385,0.05
2026-07-27 11:33:03,BUY-CORE,TVSMOTOR,3878.0,0.43,44,3950,-1.82
2026-07-27 11:33:33,BUY-CORE,EXIDEIND,440.3,0.73,42,445,-1.06
2026-07-27 11:33:37,BUY-CORE,ZYDUSLIFE,1110.0,1.12,58,1120,-0.89
2026-07-27 11:33:38,SELL-CORE,ZYDUSLIFE,1110.0,1.12,58,1120,-0.89
2026-07-27 11:33:40,BUY-CORE,SONACOMS,720.55,0.86,53,710,1.49
2026-07-27 11:33:44,BUY-CORE,ICICIPRULI,507.9,0.51,57,520,-2.33
2026-07-27 11:33:55,BUY-CORE,SUPREMEIND,3472.3,0.54,44,3550,-2.19
2026-07-27 11:35:34,SELL,AXISBANK,1223.7,0.82,27,1250,-2.1
2026-07-27 11:35:42,BUY-CORE,ULTRACEMCO,11837.0,0.46,44,12000,-1.36
2026-07-27 11:36:00,SELL-CORE,POLYCAB,9025.0,0.8,42,9200,-1.9
2026-07-27 11:36:28,BUY,HINDPETRO,392.3,1.11,100,390,0.59
2026-07-27 11:36:45,SELL,PAGEIND,40085.0,0.83,0,40500,-1.02
2026-07-27 11:36:45,SELL-CORE,PAGEIND,40085.0,0.83,0,40500,-1.02
2026-07-27 11:40:42,SELL,MCX,2753.0,0.49,36,2950,-6.68
2026-07-27 11:40:42,SELL-CORE,MCX,2753.0,0.49,36,2950,-6.68
2026-07-27 11:40:47,SELL,ADANIPOWER,214.17,0.67,22,225,-4.81
2026-07-27 11:40:51,SELL,NATIONALUM,342.8,0.79,0,350,-2.06
2026-07-27 11:40:52,BUY-CORE,SHRIRAMFIN,1022.6,0.51,44,1050,-2.61
2026-07-27 11:40:55,SELL,ULTRACEMCO,11810.0,0.45,22,12000,-1.58
2026-07-27 11:40:56,SELL-CORE,ULTRACEMCO,11810.0,0.45,22,12000,-1.58
2026-07-27 11:40:57,BUY-CORE,COALINDIA,430.0,0.62,57,440,-2.27
2026-07-27 11:41:01,BUY-CORE,CGPOWER,874.4,1.04,58,880,-0.64
2026-07-27 11:41:22,SELL-CORE,INDUSTOWER,391.75,0.9,27,400,-2.06
2026-07-27 11:41:24,SELL,VMM,107.59,0.76,27,112.5,-4.36
2026-07-27 11:41:25,SELL-CORE,VMM,107.59,0.76,27,112.5,-4.36
2026-07-27 11:41:33,BUY-CORE,VBL,457.9,1.05,58,470,-2.57
2026-07-27 11:41:53,BUY,ZYDUSLIFE,1109.6,1.12,73,1120,-0.93
2026-07-27 11:47:19,BUY-CORE,TVSMOTOR,3876.7,0.43,44,3950,-1.86
2026-07-27 11:47:29,SELL,JSWSTEEL,1240.1,0.61,22,1260,-1.58
2026-07-27 11:47:30,SELL-CORE,JSWSTEEL,1240.1,0.61,22,1260,-1.58
2026-07-27 11:47:33,BUY-CORE,POWERGRID,289.55,0.41,57,295,-1.85
2026-07-27 11:47:38,COIL,BANKINDIA,139.27,1.46,56,140,-0.52
2026-07-27 11:47:40,BUY,VBL,457.8,1.05,73,470,-2.6
2026-07-27 11:47:55,SELL,EXIDEIND,440.4,0.73,27,445,-1.03
2026-07-27 11:48:01,SELL,BOSCHLTD,41650.0,0.69,36,42000,-0.83
2026-07-27 11:48:01,SELL-CORE,BOSCHLTD,41650.0,0.69,36,42000,-0.83
2026-07-27 11:48:06,SELL,BRITANNIA,5376.5,0.54,22,5500,-2.25
2026-07-27 11:48:07,SELL-CORE,BRITANNIA,5376.5,0.54,22,5500,-2.25
2026-07-27 11:48:10,BUY-CORE,IRFC,88.37,0.84,73,90,-1.81
2026-07-27 11:51:55,SELL,NATIONALUM,342.75,0.79,0,350,-2.07
2026-07-27 11:51:56,BUY-CORE,SHRIRAMFIN,1021.9,0.53,57,1050,-2.68
2026-07-27 11:52:05,BUY,NMDC,84.0,1.11,100,85,-1.18
2026-07-27 11:52:05,BUY-CORE,NMDC,84.0,1.11,100,85,-1.18
2026-07-27 11:52:20,SELL,CUMMINSIND,5598.0,0.58,22,5700,-1.79
2026-07-27 11:52:20,SELL-CORE,CUMMINSIND,5598.0,0.58,22,5700,-1.79
2026-07-27 11:52:24,SELL-CORE,INDUSTOWER,392.35,0.89,27,400,-1.91
2026-07-27 11:56:12,SELL-CORE,VBL,457.3,1.04,58,470,-2.7
2026-07-27 11:56:13,COIL,VBL,457.3,1.04,58,470,-2.7
2026-07-27 11:56:31,SELL-CORE,ZYDUSLIFE,1107.4,1.12,47,1130,-2.0
2026-07-27 12:01:52,SELL,AXISBANK,1224.9,0.76,27,1250,-2.01
2026-07-27 12:02:01,BUY-CORE,BEL,405.5,0.67,36,420,-3.45
2026-07-27 12:02:04,BUY-CORE,CGPOWER,875.7,0.83,42,900,-2.7
2026-07-27 12:02:05,SELL-CORE,CGPOWER,875.7,0.83,42,900,-2.7
2026-07-27 12:02:21,BUY-CORE,BAJAJFINSV,1909.4,0.57,57,1900,0.49
2026-07-27 12:02:25,BUY-CORE,GRASIM,3094.0,0.73,53,3120,-0.83
2026-07-27 12:02:30,SELL,POWERGRID,288.65,0.46,36,295,-2.15
2026-07-27 12:02:31,SELL-CORE,POWERGRID,288.65,0.46,36,295,-2.15
2026-07-27 12:02:44,SELL,CDSL,1333.3,0.78,27,1380,-3.38
2026-07-27 12:02:45,SELL-CORE,CDSL,1333.3,0.78,27,1380,-3.38
2026-07-27 12:02:57,SELL,PNBHOUSING,1084.0,0.57,22,1100,-1.45
2026-07-27 12:02:58,SELL-CORE,PNBHOUSING,1084.0,0.57,22,1100,-1.45
2026-07-27 12:05:45,BUY,CGPOWER,874.2,1.04,73,880,-0.66
2026-07-27 12:06:01,SELL,KAYNES,3186.9,0.75,27,3300,-3.43
2026-07-27 12:06:16,BUY,VBL,458.15,1.05,73,470,-2.52
2026-07-27 12:06:26,SELL,CROMPTON,248.65,0.83,0,255,-2.49
2026-07-27 12:06:31,BUY-CORE,EXIDEIND,439.2,0.72,42,445,-1.3
2026-07-27 12:06:33,BUY-CORE,KEI,4917.0,0.81,53,5000,-1.66
2026-07-27 12:10:43,SELL,HDFCBANK,738.5,0.85,0,750,-1.53
2026-07-27 12:10:53,SELL,NATIONALUM,342.6,0.79,0,350,-2.11
2026-07-27 12:10:59,SELL-CORE,CGPOWER,874.75,1.03,47,880,-0.6
2026-07-27 12:11:01,BUY-CORE,NHPC,79.77,0.48,57,83,-3.89
2026-07-27 12:11:24,SELL,POWERGRID,289.0,0.42,36,295,-2.03
2026-07-27 12:11:25,SELL-CORE,POWERGRID,289.0,0.42,36,295,-2.03
2026-07-27 12:17:19,SELL,RELIANCE,1280.5,0.57,22,1310,-2.25
2026-07-27 12:17:20,SELL-CORE,RELIANCE,1280.5,0.57,22,1310,-2.25
2026-07-27 12:17:29,BUY-CORE,CANBK,128.41,0.42,57,130,-1.22
2026-07-27 12:17:32,BUY-CORE,SHRIRAMFIN,1028.5,0.49,57,1050,-2.05
2026-07-27 12:17:53,BUY-CORE,KAYNES,3188.8,0.74,42,3300,-3.37
2026-07-27 12:18:27,SELL-CORE,ZYDUSLIFE,1107.7,1.11,27,1130,-1.97
2026-07-27 12:18:46,SELL-CORE,SRF,2651.6,0.91,27,2700,-1.79
2026-07-27 12:20:53,BUY-CORE,BEL,405.5,0.66,36,420,-3.45
2026-07-27 12:21:09,SELL,RVNL,224.51,0.52,36,240,-6.45
2026-07-27 12:21:09,SELL-CORE,RVNL,224.51,0.52,36,240,-6.45
2026-07-27 12:21:42,SELL,EXIDEIND,438.0,0.67,22,445,-1.57
2026-07-27 12:21:43,BUY-CORE,GLENMARK,2204.1,0.84,53,2240,-1.6
2026-07-27 12:25:49,SELL,NATIONALUM,342.75,0.78,0,350,-2.07
2026-07-27 12:26:11,SELL,KAYNES,3186.9,0.74,0,3300,-3.43
2026-07-27 12:26:50,SELL,BRITANNIA,5377.0,0.52,22,5500,-2.24
2026-07-27 12:26:50,SELL-CORE,BRITANNIA,5377.0,0.52,22,5500,-2.24
2026-07-27 12:27:05,SELL,SRF,2655.9,0.76,27,2700,-1.63
2026-07-27 12:31:49,SELL,HDFCBANK,739.15,0.85,0,750,-1.45
2026-07-27 12:32:12,SELL-CORE,AMBER,7257.0,1.48,56,7300,-0.59
2026-07-27 12:32:12,COIL,AMBER,7257.0,1.48,56,7300,-0.59
2026-07-27 12:32:21,BUY-CORE,BAJAJFINSV,1912.0,0.52,57,1900,0.63
2026-07-27 12:32:28,SELL-CORE,INDUSTOWER,391.25,0.9,0,400,-2.19
2026-07-27 12:32:37,BUY,VBL,462.0,1.01,100,470,-1.7
2026-07-27 12:32:43,BUY-CORE,MAZDOCK,2318.9,0.84,73,2360,-1.74
2026-07-27 12:32:56,BUY,TATAPOWER,375.15,1.07,73,380,-1.28
2026-07-27 12:32:56,BUY-CORE,TATAPOWER,375.15,1.07,73,380,-1.28
2026-07-27 12:33:08,BUY-CORE,BHARATFORG,2159.9,0.85,53,2160,-0.0
2026-07-27 12:33:24,COIL,OBEROIRLTY,1838.0,1.11,73,1860,-1.18
2026-07-27 12:35:50,BUY-CORE,CGPOWER,875.65,0.82,42,900,-2.71
2026-07-27 12:35:59,BUY,AMBER,7287.5,1.5,64,7200,1.22
2026-07-27 12:35:59,BUY-CORE,AMBER,7287.5,1.5,64,7200,1.22
2026-07-27 12:36:17,SELL,POWERGRID,289.05,0.42,36,295,-2.02
2026-07-27 12:36:17,SELL-CORE,POWERGRID,289.05,0.42,36,295,-2.02
2026-07-27 12:36:28,BUY,IOC,140.49,1.17,100,140,0.35
2026-07-27 12:36:54,SELL,ALKEM,5628.0,0.67,22,5700,-1.26
2026-07-27 12:36:54,SELL-CORE,ALKEM,5628.0,0.67,22,5700,-1.26
2026-07-27 12:37:01,SELL,ASTRAL,1460.5,0.65,36,1480,-1.32
2026-07-27 12:37:01,SELL-CORE,ASTRAL,1460.5,0.65,36,1480,-1.32
2026-07-27 12:37:06,SELL,SRF,2657.2,0.75,27,2700,-1.59
2026-07-27 12:40:47,COIL,BANKBARODA,243.65,1.47,71,245,-0.55
2026-07-27 12:41:31,SELL,CIPLA,1406.5,0.7,36,1440,-2.33
2026-07-27 12:41:31,SELL-CORE,CIPLA,1406.5,0.7,36,1440,-2.33
2026-07-27 12:41:52,SELL,BRITANNIA,5355.5,0.56,0,5450,-1.73
2026-07-27 12:41:52,SELL-CORE,BRITANNIA,5355.5,0.56,0,5450,-1.73
2026-07-27 12:42:03,SELL,IREDA,119.85,0.84,27,122,-1.76
2026-07-27 12:42:04,SELL-CORE,IREDA,119.85,0.84,27,122,-1.76
2026-07-27 12:45:50,SELL-CORE,BANKBARODA,243.85,1.45,56,245,-0.47
2026-07-27 12:45:52,SELL,NATIONALUM,342.6,0.78,0,350,-2.11
2026-07-27 12:46:11,BUY-CORE,TVSMOTOR,3869.0,0.49,44,3940,-1.8
2026-07-27 12:46:38,BUY,GAIL,171.24,1.2,100,170,0.73
2026-07-27 12:46:42,BUY-CORE,SIEMENS,3713.8,0.68,36,3700,0.37
2026-07-27 12:47:10,SELL,SRF,2658.8,0.73,27,2700,-1.53
2026-07-27 12:50:48,COIL,BANKBARODA,243.7,1.43,56,245,-0.53
2026-07-27 12:51:25,COIL,BANKINDIA,138.74,1.41,56,140,-0.9
2026-07-27 12:51:26,SELL,ABB,7283.5,0.62,22,7500,-2.89
2026-07-27 12:51:56,SELL-CORE,BLUESTARCO,1647.3,1.05,58,1640,0.45
2026-07-27 12:51:58,BUY-CORE,BHARATFORG,2160.3,0.87,53,2160,0.01
2026-07-27 12:55:44,BUY,CGPOWER,874.25,1.06,73,880,-0.65
2026-07-27 12:56:17,SELL,CDSL,1330.2,0.78,27,1380,-3.61
2026-07-27 13:01:18,BUY,KOTAKBANK,384.4,1.01,73,385,-0.16
2026-07-27 13:01:20,BUY-CORE,KOTAKBANK,384.4,1.01,73,385,-0.16
2026-07-27 13:01:42,BUY-CORE,VMM,108.7,0.78,42,112.5,-3.38
2026-07-27 13:02:22,BUY-CORE,ALKEM,5640.0,0.67,44,5700,-1.05
2026-07-27 13:05:40,SELL,NATIONALUM,343.0,0.77,0,350,-2.0
2026-07-27 13:05:50,BUY-CORE,RECLTD,367.4,0.53,57,370,-0.7
2026-07-27 13:06:07,SELL-CORE,INDUSTOWER,392.15,0.95,27,400,-1.96
2026-07-27 13:06:12,BUY,TORNTPHARM,5024.7,1.0,73,4950,1.51
2026-07-27 13:06:15,SELL,ABB,7289.5,0.62,22,7500,-2.81
2026-07-27 13:06:44,BUY-CORE,BHARATFORG,2167.2,0.89,73,2160,0.33
2026-07-27 13:06:52,SELL,MOTILALOFS,869.75,0.47,22,900,-3.36
2026-07-27 13:06:52,SELL-CORE,MOTILALOFS,869.75,0.47,22,900,-3.36
2026-07-27 13:10:46,SELL,ADANIPOWER,213.78,0.66,22,225,-4.99
2026-07-27 13:10:46,SELL-CORE,ADANIPOWER,213.78,0.66,22,225,-4.99
2026-07-27 13:10:50,BUY-CORE,SHRIRAMFIN,1031.5,0.51,57,1050,-1.76
2026-07-27 13:10:54,SELL,BEL,406.25,0.65,36,420,-3.27
2026-07-27 13:10:54,SELL-CORE,BEL,406.25,0.65,36,420,-3.27
2026-07-27 13:10:57,BUY,CGPOWER,874.65,1.05,73,880,-0.61
2026-07-27 13:10:57,BUY-CORE,CGPOWER,874.65,1.05,73,880,-0.61
2026-07-27 13:11:09,BUY-CORE,TVSMOTOR,3873.3,0.42,44,3950,-1.94
2026-07-27 13:11:29,BUY,IOC,140.48,1.18,100,140,0.34
2026-07-27 13:12:00,BUY-CORE,SRF,2666.3,0.75,53,2700,-1.25
2026-07-27 13:16:12,BUY-CORE,FEDERALBNK,356.1,0.61,44,360,-1.08
2026-07-27 13:16:16,SELL-CORE,POLYCAB,9024.5,0.79,42,9200,-1.91
2026-07-27 13:16:23,BUY-CORE,JSWSTEEL,1243.0,0.61,36,1260,-1.35
2026-07-27 13:16:35,SELL,FORTIS,945.45,0.81,27,970,-2.53
2026-07-27 13:16:36,SELL-CORE,FORTIS,945.45,0.81,27,970,-2.53
2026-07-27 13:16:50,SELL,KEI,4902.0,0.81,27,5000,-1.96
2026-07-27 13:16:50,SELL-CORE,KEI,4902.0,0.81,27,5000,-1.96
2026-07-27 13:17:03,BUY-CORE,BHARATFORG,2185.0,0.81,73,2180,0.23
2026-07-27 13:20:36,BUY,FINNIFTY,26074.3,1.01,73,26050,0.09
2026-07-27 13:20:41,BUY-CORE,ADANIGREEN,1396.5,0.76,53,1420,-1.65
2026-07-27 13:20:56,SELL-CORE,CGPOWER,876.8,0.83,42,900,-2.58
2026-07-27 13:21:18,SELL-CORE,INDUSTOWER,389.8,0.96,27,400,-2.55
2026-07-27 13:21:27,BUY,VBL,462.35,1.03,73,470,-1.63
2026-07-27 13:25:44,BUY-CORE,CANBK,127.42,0.87,53,127.5,-0.06
2026-07-27 13:26:20,BUY,TORNTPHARM,5014.2,1.0,73,4950,1.3
2026-07-27 13:26:28,SELL,CIPLA,1399.8,0.84,27,1420,-1.42
2026-07-27 13:26:30,BUY-CORE,MAZDOCK,2331.5,0.94,73,2360,-1.21
2026-07-27 13:26:32,SELL,CDSL,1330.5,0.78,27,1380,-3.59
2026-07-27 13:26:39,BUY-CORE,JINDALSTEL,1065.5,0.55,44,1090,-2.25
2026-07-27 13:26:55,SELL,ALKEM,5620.5,0.77,27,5650,-0.52
2026-07-27 13:26:55,SELL-CORE,ALKEM,5620.5,0.77,27,5650,-0.52
2026-07-27 13:31:07,SELL,RELIANCE,1279.7,0.56,22,1310,-2.31
2026-07-27 13:31:08,SELL-CORE,RELIANCE,1279.7,0.56,22,1310,-2.31
2026-07-27 13:31:49,BUY-CORE,MUTHOOTFIN,3056.5,0.62,44,3100,-1.4
2026-07-27 13:31:53,SELL,APOLLOHOSP,8794.0,0.6,22,9000,-2.29
2026-07-27 13:31:53,SELL-CORE,APOLLOHOSP,8794.0,0.6,22,9000,-2.29
2026-07-27 13:32:17,BUY-CORE,ALKEM,5634.5,0.66,44,5700,-1.15
2026-07-27 13:35:29,BUY,FINNIFTY,26053.65,1.01,73,26050,0.01
2026-07-27 13:35:37,BUY-CORE,TATASTEEL,184.42,0.67,57,190,-2.94
2026-07-27 13:35:45,SELL,BEL,406.3,0.65,36,420,-3.26
2026-07-27 13:35:45,SELL-CORE,BEL,406.3,0.65,36,420,-3.26
2026-07-27 13:35:47,SELL,DIXON,13850.0,0.63,36,14000,-1.07
2026-07-27 13:35:48,SELL-CORE,DIXON,13850.0,0.63,36,14000,-1.07
2026-07-27 13:35:49,BUY,CGPOWER,874.65,1.03,73,880,-0.61
2026-07-27 13:35:53,BUY,NMDC,83.89,1.09,100,85,-1.31
2026-07-27 13:35:53,BUY-CORE,NMDC,83.89,1.09,100,85,-1.31
2026-07-27 13:36:04,SELL-CORE,POLYCAB,9021.5,0.81,42,9200,-1.94
2026-07-27 13:36:11,SELL,JSWSTEEL,1239.2,0.62,36,1260,-1.65
2026-07-27 13:36:12,SELL-CORE,JSWSTEEL,1239.2,0.62,36,1260,-1.65
2026-07-27 13:36:38,SELL-CORE,DRREDDY,1152.8,1.08,27,1160,-0.62
2026-07-27 13:40:53,SELL-CORE,CGPOWER,875.05,0.83,42,900,-2.77
2026-07-27 13:41:27,SELL,CDSL,1331.7,0.78,27,1380,-3.5
2026-07-27 13:41:47,BUY-CORE,BHARATFORG,2173.4,0.77,73,2180,-0.3
2026-07-27 13:41:51,SELL,KPITTECH,585.65,0.44,36,600,-2.39
2026-07-27 13:41:51,SELL-CORE,KPITTECH,585.65,0.44,36,600,-2.39
2026-07-27 13:41:54,BUY,TIINDIA,2844.2,1.04,100,2860,-0.55
2026-07-27 13:45:40,BUY,FINNIFTY,26068.6,1.0,73,26050,0.07
2026-07-27 13:45:49,SELL-CORE,ADANIPOWER,213.55,0.94,27,220,-2.93
2026-07-27 13:46:04,BUY-CORE,RECLTD,366.8,0.53,44,370,-0.86
2026-07-27 13:46:12,BUY-CORE,FEDERALBNK,355.4,0.61,44,360,-1.28
2026-07-27 13:46:51,SELL,BOSCHLTD,41395.0,0.68,22,42000,-1.44
2026-07-27 13:47:09,SELL-CORE,DALBHARAT,1804.4,0.81,42,1840,-1.93
2026-07-27 13:50:48,SELL,COALINDIA,429.25,0.6,22,440,-2.44
2026-07-27 13:50:48,SELL-CORE,COALINDIA,429.25,0.6,22,440,-2.44
2026-07-27 13:50:51,SELL,ANGELONE,305.0,0.85,0,315,-3.17
2026-07-27 13:50:52,BUY,CGPOWER,875.0,1.02,73,880,-0.57
2026-07-27 13:51:38,BUY-CORE,SONACOMS,722.7,0.92,73,710,1.79
2026-07-27 13:55:54,BUY-CORE,TATASTEEL,184.45,0.66,57,190,-2.92
2026-07-27 13:56:05,SELL,DIXON,13840.0,0.63,36,14000,-1.14
2026-07-27 13:56:05,SELL-CORE,DIXON,13840.0,0.63,36,14000,-1.14
2026-07-27 13:56:06,SELL-CORE,CGPOWER,878.0,0.81,42,900,-2.44
2026-07-27 13:56:11,BUY-CORE,RECLTD,367.45,0.53,57,370,-0.69
2026-07-27 13:56:27,BUY-CORE,GRASIM,3096.4,0.75,53,3120,-0.76
2026-07-27 14:02:10,BUY-CORE,TATAELXSI,3555.5,0.63,44,3700,-3.91
2026-07-27 14:02:18,SELL-CORE,SRF,2649.2,0.9,27,2680,-1.15
2026-07-27 14:05:41,SELL,COALINDIA,429.0,0.59,22,440,-2.5
2026-07-27 14:05:41,SELL-CORE,COALINDIA,429.0,0.59,22,440,-2.5
2026-07-27 14:05:42,SELL,BEL,406.05,0.64,36,420,-3.32
2026-07-27 14:05:43,SELL-CORE,BEL,406.05,0.64,36,420,-3.32
2026-07-27 14:06:00,BUY-CORE,KAYNES,3189.3,0.74,53,3300,-3.35
2026-07-27 14:06:10,BUY,TORNTPHARM,4986.4,1.0,73,4950,0.74
2026-07-27 14:06:12,SELL,ABB,7282.0,0.63,22,7500,-2.91
2026-07-27 14:06:20,SELL,CDSL,1330.7,0.79,27,1380,-3.57
2026-07-27 14:06:29,BUY-CORE,KEI,4905.0,0.83,53,5000,-1.9
2026-07-27 14:06:39,SELL-CORE,BLUESTARCO,1645.3,1.08,58,1640,0.32
2026-07-27 14:06:49,SELL,SUPREMEIND,3358.0,0.77,0,3450,-2.67
2026-07-27 14:06:49,SELL-CORE,SUPREMEIND,3358.0,0.77,0,3450,-2.67
2026-07-27 14:10:58,BUY,KOTAKBANK,385.45,1.04,73,385,0.12
2026-07-27 14:10:59,BUY-CORE,KOTAKBANK,385.45,1.04,73,385,0.12
2026-07-27 14:11:22,BUY-CORE,NESTLEIND,1444.7,0.59,44,1450,-0.37
2026-07-27 14:11:29,SELL-CORE,FORTIS,941.6,0.87,27,960,-1.92
2026-07-27 14:11:52,SELL,ALKEM,5619.0,0.75,27,5650,-0.55
2026-07-27 14:11:53,SELL-CORE,ALKEM,5619.0,0.75,27,5650,-0.55
2026-07-27 14:11:59,BUY,TIINDIA,2855.8,1.16,100,2900,-1.52
2026-07-27 14:15:46,SELL,HDFCBANK,741.55,0.84,27,750,-1.13
2026-07-27 14:16:38,BUY-CORE,ABCAPITAL,399.5,0.73,73,405,-1.36
2026-07-27 14:20:38,BUY,NIFTY,23990.3,1.02,73,24000,-0.04
2026-07-27 14:20:40,BUY,FINNIFTY,26116.0,1.06,73,26050,0.25
2026-07-27 14:21:13,BUY-CORE,KAYNES,3195.0,0.74,53,3300,-3.18
2026-07-27 14:21:30,BUY-CORE,APOLLOHOSP,8829.0,0.55,44,9000,-1.9
2026-07-27 14:21:43,BUY-CORE,GODREJPROP,2069.3,0.64,57,2080,-0.51
2026-07-27 14:21:51,BUY-CORE,PHOENIXLTD,2031.3,0.93,53,2060,-1.39
2026-07-27 14:25:52,BUY-CORE,CANBK,128.08,0.49,44,130,-1.48
2026-07-27 14:26:52,SELL,BOSCHLTD,41450.0,0.67,22,42000,-1.31
2026-07-27 14:26:53,SELL-CORE,DRREDDY,1153.2,1.06,47,1160,-0.59
2026-07-27 14:26:55,BUY-CORE,PGEL,579.7,0.74,73,590,-1.75
2026-07-27 14:31:09,BUY-CORE,ADANIENT,3035.8,0.58,44,3100,-2.07
2026-07-27 14:31:12,BUY-CORE,AXISBANK,1229.7,0.78,42,1260,-2.4
2026-07-27 14:31:24,BUY-CORE,NHPC,79.74,0.48,44,83,-3.93
2026-07-27 14:31:29,BUY-CORE,NTPC,351.3,0.35,44,357.5,-1.73
2026-07-27 14:31:38,SELL-CORE,POLYCAB,9010.0,0.78,42,9200,-2.07
2026-07-27 14:32:17,SELL,ALKEM,5616.0,0.73,27,5650,-0.6
2026-07-27 14:32:18,SELL-CORE,ALKEM,5616.0,0.73,27,5650,-0.6
2026-07-27 14:32:19,BUY-CORE,BHARATFORG,2170.0,0.91,73,2160,0.46
2026-07-27 14:35:39,SELL,AXISBANK,1228.8,0.8,0,1260,-2.48
2026-07-27 14:36:07,BUY-CORE,KAYNES,3198.0,0.76,53,3300,-3.09
2026-07-27 14:36:19,BUY,TORNTPHARM,4991.4,1.0,73,4950,0.84
2026-07-27 14:36:50,SELL-CORE,PETRONET,273.45,1.38,56,270,1.28
2026-07-27 14:40:35,BUY,FINNIFTY,26123.85,1.05,73,26050,0.28
2026-07-27 14:40:37,COIL,BSE,3536.3,1.0,47,3600,-1.77
2026-07-27 14:45:52,SELL,COALINDIA,429.45,0.56,22,440,-2.4
2026-07-27 14:45:53,SELL-CORE,COALINDIA,429.45,0.56,22,440,-2.4
2026-07-27 14:46:12,BUY-CORE,PATANJALI,346.7,0.68,57,350,-0.94
2026-07-27 14:46:37,BUY-CORE,UNOMINDA,1156.0,0.61,44,1180,-2.03
2026-07-27 14:46:51,BUY-CORE,TATAELXSI,3555.0,0.61,44,3700,-3.92
2026-07-27 14:46:53,SELL,PAGEIND,39830.0,0.84,0,40500,-1.65
2026-07-27 14:46:58,SELL-CORE,NUVAMA,1952.5,1.02,47,1960,-0.38
2026-07-27 14:50:51,BUY-CORE,ADANIPOWER,213.73,0.96,53,220,-2.85
2026-07-27 14:50:55,SELL,NATIONALUM,338.75,0.81,27,350,-3.21
2026-07-27 14:50:56,SELL-CORE,NATIONALUM,338.75,0.81,27,350,-3.21
2026-07-27 14:51:50,BUY,TATAPOWER,376.4,1.02,73,380,-0.95
2026-07-27 14:51:50,BUY-CORE,TATAPOWER,376.4,1.02,73,380,-0.95
2026-07-27 14:56:25,SELL-CORE,FORTIS,943.1,0.86,27,960,-1.76
2026-07-27 14:56:46,SELL,BRITANNIA,5378.0,0.56,22,5500,-2.22
2026-07-27 14:56:47,SELL-CORE,BRITANNIA,5378.0,0.56,22,5500,-2.22
2026-07-27 14:56:49,SELL-CORE,PETRONET,272.95,1.37,56,270,1.09
2026-07-27 14:56:51,SELL-CORE,BLUESTARCO,1647.9,0.97,42,1640,0.48
2026-07-27 14:56:56,BUY-CORE,BAJAJHLDNG,10795.0,0.43,44,11000,-1.86
2026-07-27 15:01:13,BUY-CORE,RECLTD,367.5,0.54,57,370,-0.68
2026-07-27 15:01:30,BUY-CORE,JSWSTEEL,1242.5,0.62,44,1250,-0.6
2026-07-27 15:01:40,SELL-CORE,DMART,4026.8,0.76,42,4100,-1.79
2026-07-27 15:01:54,BUY,TATAPOWER,376.6,1.01,73,380,-0.89
2026-07-27 15:01:54,BUY-CORE,TATAPOWER,376.6,1.01,73,380,-0.89
2026-07-27 15:02:01,BUY-CORE,BRITANNIA,5378.5,0.56,36,5500,-2.21
2026-07-27 15:02:10,SELL,IREDA,120.38,0.85,0,122,-1.33
2026-07-27 15:02:10,SELL-CORE,IREDA,120.38,0.85,0,122,-1.33
2026-07-27 15:05:39,BUY-CORE,ULTRACEMCO,11861.0,0.32,44,12200,-2.78
2026-07-27 15:05:52,BUY-CORE,ADANIPORTS,1771.6,0.83,42,1820,-2.66
2026-07-27 15:06:14,SELL,CIPLA,1408.6,0.78,27,1430,-1.5
2026-07-27 15:06:14,SELL-CORE,CIPLA,1408.6,0.78,27,1430,-1.5
2026-07-27 15:06:28,SELL,BOSCHLTD,41380.0,0.69,22,42000,-1.48
2026-07-27 15:06:32,BUY,PHOENIXLTD,2036.1,1.02,73,2060,-1.16
2026-07-27 15:10:36,BUY-CORE,ADANIENT,3042.0,0.56,44,3100,-1.87
2026-07-27 15:10:43,BUY-CORE,CANBK,127.64,0.88,53,127.5,0.11
2026-07-27 15:11:13,SELL-CORE,POLYCAB,9009.0,0.79,42,9200,-2.08
2026-07-27 15:11:33,BUY-CORE,ABCAPITAL,400.55,0.75,53,405,-1.1
2026-07-27 15:11:46,SELL-CORE,DRREDDY,1151.9,1.08,27,1160,-0.7
2026-07-27 15:11:53,SELL,ALKEM,5611.0,0.78,27,5650,-0.69
2026-07-27 15:11:54,SELL-CORE,ALKEM,5611.0,0.78,27,5650,-0.69
2026-07-27 15:15:47,BUY-CORE,ADANIGREEN,1401.1,0.73,53,1420,-1.33
2026-07-27 15:15:51,BUY-CORE,TATASTEEL,184.2,0.65,57,190,-3.05
2026-07-27 15:16:11,BUY-CORE,ASHOKLEY,155.0,0.93,73,160,-3.12
2026-07-27 15:16:19,BUY-CORE,BAJAJFINSV,1910.2,0.46,57,1920,-0.51
2026-07-27 15:16:52,BUY-CORE,KEI,4873.0,0.68,44,5000,-2.54
2026-07-27 15:17:02,BUY-CORE,DABUR,427.2,0.76,73,440,-2.91
2026-07-27 15:17:05,BUY-CORE,INDHOTEL,732.35,0.58,57,750,-2.35
2026-07-27 15:20:35,COIL,BSE,3537.3,1.01,47,3600,-1.74
2026-07-27 15:21:42,BUY-CORE,CAMS,784.7,0.5,44,810,-3.12
2026-07-27 15:21:48,SELL,ASTRAL,1463.8,0.6,22,1480,-1.09
2026-07-27 15:21:49,SELL-CORE,ASTRAL,1463.8,0.6,22,1480,-1.09
2026-07-27 15:25:37,BUY-CORE,ADANIENSOL,1707.0,0.29,36,1760,-3.01
2026-07-27 15:25:47,SELL,BEL,406.7,0.63,36,420,-3.17
2026-07-27 15:25:47,SELL-CORE,BEL,406.7,0.63,36,420,-3.17
2026-07-27 15:25:49,SELL,ANGELONE,304.9,0.85,0,315,-3.21
2026-07-27 15:25:53,BUY,KOTAKBANK,385.35,1.09,73,385,0.09
2026-07-27 15:25:54,BUY-CORE,KOTAKBANK,385.35,1.09,73,385,0.09
2026-07-27 15:26:07,SELL,KAYNES,3175.3,0.78,0,3300,-3.78
2026-07-27 15:26:08,SELL-CORE,KAYNES,3175.3,0.78,0,3300,-3.78
2026-07-27 15:26:27,BUY-CORE,CIPLA,1412.7,0.8,53,1430,-1.21
2026-07-27 15:26:33,BUY,LICI,424.45,1.09,73,427.5,-0.71
2026-07-27 15:26:34,BUY-CORE,LICI,424.45,1.09,73,427.5,-0.71
2026-07-27 15:26:41,SELL,KEI,4871.5,0.68,0,5000,-2.57
2026-07-27 15:26:41,SELL-CORE,KEI,4871.5,0.68,0,5000,-2.57
2026-07-27 15:27:01,SELL,NUVAMA,1915.2,0.78,0,1960,-2.29
2026-07-27 15:31:16,BUY-CORE,NIFTYNXT50,72622.15,0.07,57,73000,-0.52
2026-07-27 15:31:29,BUY,LT,3806.0,1.0,100,3850,-1.14
2026-07-27 15:32:08,SELL,FORTIS,942.3,0.85,27,960,-1.84
2026-07-27 15:32:19,BUY,HINDPETRO,393.95,1.03,100,395,-0.27
2026-07-28 09:15:41,SELL-CORE,NIFTY,23993.75,1.0,47,24000,-0.03
2026-07-28 09:15:42,SELL-CORE,BANKNIFTY,56996.35,0.89,27,57000,-0.01
2026-07-28 09:15:46,SELL-CORE,SBIN,1017.9,0.89,0,1040,-2.13
2026-07-28 09:15:48,BUY-CORE,MCX,2763.3,0.52,44,2900,-4.71
2026-07-28 09:15:51,SELL,AXISBANK,1227.2,0.77,27,1260,-2.6
2026-07-28 09:15:52,SELL-CORE,AXISBANK,1227.2,0.77,27,1260,-2.6
2026-07-28 09:15:56,SELL-CORE,CANBK,125.96,1.07,27,126,-0.03
2026-07-28 09:15:58,SELL,HINDZINC,526.35,0.73,27,550,-4.3
2026-07-28 09:15:58,SELL-CORE,HINDZINC,526.35,0.73,27,550,-4.3
2026-07-28 09:16:04,SELL,ITC,285.3,0.68,0,290,-1.62
2026-07-28 09:16:05,SELL-CORE,ITC,285.3,0.68,0,290,-1.62
2026-07-28 09:16:07,SELL-CORE,CGPOWER,867.1,1.05,27,880,-1.47
2026-07-28 09:16:09,SELL,MARUTI,13716.0,0.42,22,14000,-2.03
2026-07-28 09:16:10,SELL-CORE,MARUTI,13716.0,0.42,22,14000,-2.03
2026-07-28 09:16:14,SELL,NTPC,348.7,0.43,0,355,-1.77
2026-07-28 09:16:15,SELL-CORE,NTPC,348.7,0.43,0,355,-1.77
2026-07-28 09:16:29,SELL,CUMMINSIND,5566.5,0.84,0,5600,-0.6
2026-07-28 09:16:29,SELL-CORE,CUMMINSIND,5566.5,0.84,0,5600,-0.6
2026-07-28 09:16:31,SELL,UNIONBANK,169.55,0.67,22,172.5,-1.71
2026-07-28 09:16:32,SELL-CORE,UNIONBANK,169.55,0.67,22,172.5,-1.71
2026-07-28 09:16:34,SELL,HAL,4580.1,0.7,0,4600,-0.43
2026-07-28 09:16:35,SELL-CORE,HAL,4580.1,0.7,0,4600,-0.43
2026-07-28 09:16:37,SELL,IDFCFIRSTB,85.06,0.55,0,86,-1.09
2026-07-28 09:16:38,SELL-CORE,IDFCFIRSTB,85.06,0.55,0,86,-1.09
2026-07-28 09:16:43,BUY-CORE,NESTLEIND,1457.7,0.34,57,1500,-2.82
2026-07-28 09:16:52,SELL-CORE,MAZDOCK,2314.8,0.91,27,2360,-1.92
2026-07-28 09:16:58,SELL,SIEMENS,3661.9,0.79,0,3700,-1.03
2026-07-28 09:16:59,SELL-CORE,SIEMENS,3661.9,0.79,0,3700,-1.03
2026-07-28 09:17:03,BUY-CORE,EXIDEIND,430.4,0.95,73,427.5,0.68
2026-07-28 09:17:04,SELL,TATACONSUM,1104.8,0.55,22,1120,-1.36
2026-07-28 09:17:05,SELL-CORE,TATACONSUM,1104.8,0.55,22,1120,-1.36
2026-07-28 09:17:08,SELL-CORE,TATAPOWER,376.25,0.95,0,380,-0.99
2026-07-28 09:17:20,BUY-CORE,TATAELXSI,3592.8,0.5,57,3750,-4.19
2026-07-28 09:20:34,SELL,FINNIFTY,26126.95,0.76,27,26150,-0.09
2026-07-28 09:20:34,SELL-CORE,FINNIFTY,26126.95,0.76,27,26150,-0.09
2026-07-28 09:20:37,SELL,ADANIENT,3014.0,0.58,0,3080,-2.14
2026-07-28 09:20:38,SELL-CORE,ADANIENT,3014.0,0.58,0,3080,-2.14
2026-07-28 09:20:39,SELL-CORE,ADANIGREEN,1393.1,0.96,0,1400,-0.49
2026-07-28 09:20:40,SELL,MCX,2754.6,0.52,0,2900,-5.01
2026-07-28 09:20:41,SELL-CORE,MCX,2754.6,0.52,0,2900,-5.01
2026-07-28 09:20:42,SELL,ICICIBANK,1444.6,0.69,0,1450,-0.37
2026-07-28 09:20:42,SELL-CORE,ICICIBANK,1444.6,0.69,0,1450,-0.37
2026-07-28 09:20:43,SELL,BAJFINANCE,1048.5,0.72,0,1050,-0.14
2026-07-28 09:20:44,SELL-CORE,BAJFINANCE,1048.5,0.72,0,1050,-0.14
2026-07-28 09:20:49,SELL,BHARTIARTL,1900.0,0.36,0,1960,-3.06
2026-07-28 09:20:49,SELL-CORE,BHARTIARTL,1900.0,0.36,0,1960,-3.06
2026-07-28 09:20:50,SELL,BHEL,410.6,0.74,0,415,-1.06
2026-07-28 09:20:51,SELL-CORE,BHEL,410.6,0.74,0,415,-1.06
2026-07-28 09:20:54,BUY-CORE,TITAN,4754.5,0.47,57,4700,1.16
2026-07-28 09:20:55,SELL,M&M,3237.2,0.53,22,3240,-0.09
2026-07-28 09:20:56,SELL-CORE,M&M,3237.2,0.53,22,3240,-0.09
2026-07-28 09:20:57,BUY-CORE,LT,3821.5,0.94,53,3850,-0.74
2026-07-28 09:20:58,SELL,HINDALCO,942.5,0.69,0,970,-2.84
2026-07-28 09:20:59,SELL-CORE,HINDALCO,942.5,0.69,0,970,-2.84
2026-07-28 09:21:00,SELL,PFC,419.25,0.55,0,430,-2.5
2026-07-28 09:21:00,SELL-CORE,PFC,419.25,0.55,0,430,-2.5
2026-07-28 09:21:02,SELL,COALINDIA,418.5,0.84,27,430,-2.67
2026-07-28 09:21:03,BUY-CORE,ITC,286.3,0.68,36,290,-1.28
2026-07-28 09:21:07,SELL,SAIL,162.1,0.76,0,170,-4.65
2026-07-28 09:21:08,SELL-CORE,SAIL,162.1,0.76,0,170,-4.65
2026-07-28 09:21:09,BUY-CORE,HINDUNILVR,2192.4,0.67,44,2200,-0.35
2026-07-28 09:21:10,SELL-CORE,TMPV,325.05,0.97,0,335,-2.97
2026-07-28 09:21:12,SELL,TRENT,2932.1,0.85,0,2933.35,-0.04
2026-07-28 09:21:13,SELL-CORE,TRENT,2932.1,0.85,0,2933.35,-0.04
2026-07-28 09:21:15,SELL,YESBANK,22.91,0.31,0,27,-15.15
2026-07-28 09:21:16,SELL-CORE,YESBANK,22.91,0.31,0,27,-15.15
2026-07-28 09:21:18,BUY-CORE,ASHOKLEY,155.1,0.91,42,160,-3.06
2026-07-28 09:21:18,SELL-CORE,ASHOKLEY,155.1,0.91,42,160,-3.06
2026-07-28 09:21:21,BUY-CORE,EICHERMOT,7789.0,0.29,36,8000,-2.64
2026-07-28 09:21:21,SELL,EICHERMOT,7789.0,0.29,36,8000,-2.64
2026-07-28 09:21:22,SELL-CORE,EICHERMOT,7789.0,0.29,36,8000,-2.64
2026-07-28 09:21:23,BUY-CORE,ADANIPORTS,1767.0,0.92,42,1800,-1.83
2026-07-28 09:21:23,SELL-CORE,ADANIPORTS,1767.0,0.92,42,1800,-1.83
2026-07-28 09:21:24,SELL,INDIANB,831.7,0.74,27,841.75,-1.19
2026-07-28 09:21:25,SELL-CORE,INDIANB,831.7,0.74,27,841.75,-1.19
2026-07-28 09:21:26,BUY-CORE,FEDERALBNK,356.65,0.56,57,360,-0.93
2026-07-28 09:21:29,SELL-CORE,BAJAJ-AUTO,11189.5,0.88,27,11200,-0.09
2026-07-28 09:21:31,SELL,BAJAJFINSV,1918.7,0.46,0,1920,-0.07
2026-07-28 09:21:31,SELL-CORE,BAJAJFINSV,1918.7,0.46,0,1920,-0.07
2026-07-28 09:21:34,SELL,HDFCLIFE,553.3,0.64,0,575,-3.77
2026-07-28 09:21:34,SELL-CORE,HDFCLIFE,553.3,0.64,0,575,-3.77
2026-07-28 09:21:35,SELL-CORE,PATANJALI,346.35,0.76,42,350,-1.04
2026-07-28 09:21:38,SELL,LTF,310.15,0.67,0,320,-3.08
2026-07-28 09:21:39,SELL-CORE,LTF,310.15,0.67,0,320,-3.08
2026-07-28 09:21:41,BUY-CORE,JSWSTEEL,1249.5,0.67,57,1250,-0.04
2026-07-28 09:21:42,BUY-CORE,IDFCFIRSTB,85.1,0.56,57,86,-1.05
2026-07-28 09:21:44,SELL,MOTHERSON,147.29,0.67,0,150,-1.81
2026-07-28 09:21:45,SELL-CORE,MOTHERSON,147.29,0.67,0,150,-1.81
2026-07-28 09:21:46,BUY-CORE,OFSS,11345.0,0.51,57,11600,-2.2
2026-07-28 09:21:48,SELL-CORE,TORNTPHARM,4971.0,0.98,0,4950,0.42
2026-07-28 09:21:52,SELL-CORE,INDUSINDBK,995.0,0.86,0,1000,-0.5
2026-07-28 09:21:54,BUY-CORE,BPCL,317.85,0.71,53,320,-0.67
2026-07-28 09:21:55,SELL,APOLLOHOSP,8858.5,0.56,0,9000,-1.57
2026-07-28 09:21:56,SELL-CORE,APOLLOHOSP,8858.5,0.56,0,9000,-1.57
2026-07-28 09:21:57,BUY-CORE,DMART,4043.4,0.64,57,4100,-1.38
2026-07-28 09:22:01,SELL,ABCAPITAL,393.45,0.82,0,405,-2.85
2026-07-28 09:22:02,SELL-CORE,ABCAPITAL,393.45,0.82,0,405,-2.85
2026-07-28 09:22:03,SELL,DIVISLAB,7395.0,0.68,0,7400,-0.07
2026-07-28 09:22:04,SELL-CORE,DIVISLAB,7395.0,0.68,0,7400,-0.07
2026-07-28 09:22:06,BUY-CORE,SBILIFE,1876.1,0.36,57,1900,-1.26
2026-07-28 09:22:09,SELL-CORE,OIL,436.5,0.96,0,430,1.51
2026-07-28 09:22:11,SELL-CORE,HINDPETRO,395.4,1.07,47,395,0.1
2026-07-28 09:22:14,BUY-CORE,GODREJPROP,2083.2,0.62,57,2100,-0.8
2026-07-28 09:22:15,SELL-CORE,KEI,4824.5,0.88,0,5000,-3.51
2026-07-28 09:22:16,BUY-CORE,KFINTECH,952.2,0.45,44,960,-0.81
2026-07-28 09:22:18,BUY-CORE,PNBHOUSING,1083.1,0.59,57,1100,-1.54
2026-07-28 09:22:21,SELL-CORE,JSWENERGY,545.35,1.32,43,550,-0.85
2026-07-28 09:22:24,BUY-CORE,BRITANNIA,5435.0,0.45,44,5500,-1.18
2026-07-28 09:22:28,BUY-CORE,INDHOTEL,738.1,0.53,57,750,-1.59
2026-07-28 09:22:31,BUY-CORE,PIDILITIND,1621.4,0.3,57,1650,-1.73
2026-07-28 09:22:33,SELL,RADICO,4130.4,0.49,22,4200,-1.66
2026-07-28 09:22:33,SELL-CORE,RADICO,4130.4,0.49,22,4200,-1.66
2026-07-28 09:22:34,BUY-CORE,IEX,129.51,0.23,57,132.5,-2.26
2026-07-28 09:22:36,BUY-CORE,GODREJCP,1086.7,0.54,57,1110,-2.1
2026-07-28 09:22:38,SELL-CORE,GODFRYPHLP,2088.2,1.66,56,2050,1.86
2026-07-28 09:22:39,BUY-CORE,JUBLFOOD,431.95,0.7,57,445,-2.93
2026-07-28 09:22:42,SELL,SUPREMEIND,3325.5,0.67,22,3500,-4.99
2026-07-28 09:22:42,SELL-CORE,SUPREMEIND,3325.5,0.67,22,3500,-4.99
2026-07-28 09:25:39,SELL-CORE,BSE,3521.6,1.03,27,3600,-2.18
2026-07-28 09:25:42,SELL,ADANIGREEN,1395.9,0.75,27,1420,-1.7
2026-07-28 09:25:46,SELL,AXISBANK,1226.1,0.81,27,1260,-2.69
2026-07-28 09:25:46,SELL-CORE,AXISBANK,1226.1,0.81,27,1260,-2.69
2026-07-28 09:25:49,SELL-CORE,ADANIPOWER,211.6,1.01,27,220,-3.82
2026-07-28 09:25:52,SELL-CORE,BANKBARODA,241.15,1.48,43,241.5,-0.14
2026-07-28 09:25:57,BUY-CORE,PFC,419.7,0.55,44,435,-3.52
2026-07-28 09:25:58,BUY-CORE,ULTRACEMCO,11906.0,0.34,57,12100,-1.6
2026-07-28 09:26:02,SELL-CORE,ANGELONE,303.75,0.89,0,315,-3.57
2026-07-28 09:26:07,SELL,KOTAKBANK,385.1,0.85,0,385,0.03
2026-07-28 09:26:08,SELL-CORE,KOTAKBANK,385.1,0.85,0,385,0.03
2026-07-28 09:26:10,BUY-CORE,RECLTD,369.35,0.45,57,370,-0.18
2026-07-28 09:26:15,SELL-CORE,AMBER,7258.0,1.61,43,7200,0.81
2026-07-28 09:26:28,SELL,CUMMINSIND,5537.5,0.85,0,5600,-1.12
2026-07-28 09:26:29,SELL-CORE,CUMMINSIND,5537.5,0.85,0,5600,-1.12
2026-07-28 09:26:36,SELL,POWERGRID,286.2,0.53,0,290,-1.31
2026-07-28 09:26:37,SELL-CORE,POWERGRID,286.2,0.53,0,290,-1.31
2026-07-28 09:26:40,BUY-CORE,AUBANK,1050.8,0.71,73,1050,0.08
2026-07-28 09:26:41,BUY-CORE,AUROPHARMA,1547.7,0.54,36,1600,-3.27
2026-07-28 09:26:42,SELL,AUROPHARMA,1547.7,0.54,36,1600,-3.27
2026-07-28 09:26:42,SELL-CORE,AUROPHARMA,1547.7,0.54,36,1600,-3.27
2026-07-28 09:26:45,SELL-CORE,VOLTAS,1302.0,0.97,0,1320,-1.36
2026-07-28 09:26:47,SELL-CORE,BANKINDIA,136.95,0.98,0,140,-2.18
2026-07-28 09:26:48,SELL-CORE,ABB,7210.0,1.33,56,7200,0.14
2026-07-28 09:26:53,SELL-CORE,FORTIS,940.75,0.89,0,960,-2.01
2026-07-28 09:26:54,BUY-CORE,IOC,142.47,0.63,57,145,-1.74
2026-07-28 09:26:56,BUY-CORE,MARICO,863.95,0.57,44,870,-0.7
2026-07-28 09:26:59,SELL-CORE,RBLBANK,361.85,0.87,27,365,-0.86
2026-07-28 09:27:00,SELL-CORE,CDSL,1328.4,1.0,27,1360,-2.32
2026-07-28 09:27:03,SELL,GAIL,173.75,0.58,0,176,-1.28
2026-07-28 09:27:03,SELL-CORE,GAIL,173.75,0.58,0,176,-1.28
2026-07-28 09:27:05,BUY,ICICIGI,1681.5,1.04,73,1660,1.3
2026-07-28 09:27:06,BUY-CORE,ICICIGI,1681.5,1.04,73,1660,1.3
2026-07-28 09:27:13,BUY-CORE,HINDPETRO,395.9,1.1,58,395,0.23
2026-07-28 09:27:14,SELL-CORE,EXIDEIND,424.3,0.89,27,425,-0.16
2026-07-28 09:27:17,SELL,KEI,4833.5,0.81,0,5000,-3.33
2026-07-28 09:27:19,SELL-CORE,TATAPOWER,373.65,0.98,0,380,-1.67
2026-07-28 09:27:20,SELL,BIOCON,434.7,0.6,0,440,-1.2
2026-07-28 09:27:21,SELL-CORE,BIOCON,434.7,0.6,0,440,-1.2
2026-07-28 09:27:31,BUY-CORE,CAMS,785.4,0.4,44,810,-3.04
2026-07-28 09:27:33,SELL-CORE,BHARATFORG,2157.9,0.97,0,2160,-0.1
2026-07-28 09:27:39,SELL,ASTRAL,1456.0,0.56,22,1480,-1.62
2026-07-28 09:27:40,SELL-CORE,ASTRAL,1456.0,0.56,22,1480,-1.62
2026-07-28 09:27:45,SELL-CORE,SRF,2634.6,0.99,0,2680,-1.69
2026-07-28 09:31:12,COIL,SBIN,1014.5,1.04,47,1030,-1.5
2026-07-28 09:31:16,BUY-CORE,BAJFINANCE,1048.0,0.72,53,1050,-0.19
2026-07-28 09:31:20,SELL,BHARTIARTL,1896.2,0.36,22,1960,-3.26
2026-07-28 09:31:21,SELL-CORE,BHARTIARTL,1896.2,0.36,22,1960,-3.26
2026-07-28 09:31:24,BUY-CORE,TITAN,4750.0,0.47,44,4700,1.06
2026-07-28 09:31:26,BUY-CORE,SHRIRAMFIN,1044.9,0.59,44,1050,-0.49
2026-07-28 09:31:27,SELL-CORE,LT,3810.7,0.93,0,3850,-1.02
2026-07-28 09:31:36,BUY-CORE,KOTAKBANK,385.3,0.85,42,385,0.08
2026-07-28 09:31:39,SELL,NTPC,346.8,0.42,22,355,-2.31
2026-07-28 09:31:40,SELL-CORE,NTPC,346.8,0.42,22,355,-2.31
2026-07-28 09:31:44,SELL-CORE,ASHOKLEY,155.04,0.91,42,160,-3.1
2026-07-28 09:31:46,SELL,NBCC,94.47,0.61,0,100,-5.53
2026-07-28 09:31:46,SELL-CORE,NBCC,94.47,0.61,0,100,-5.53
2026-07-28 09:31:50,SELL-CORE,HDFCAMC,2532.9,2.58,43,2506,1.07
2026-07-28 09:31:53,BUY-CORE,BAJAJFINSV,1915.0,0.47,36,1920,-0.26
2026-07-28 09:31:54,SELL,KAYNES,3177.3,0.8,0,3300,-3.72
2026-07-28 09:31:55,SELL-CORE,KAYNES,3177.3,0.8,0,3300,-3.72
2026-07-28 09:31:58,BUY-CORE,LAURUSLABS,1727.7,0.49,57,1730,-0.13
2026-07-28 09:31:59,SELL,UNIONBANK,169.3,0.66,0,172.5,-1.86
2026-07-28 09:32:00,SELL-CORE,UNIONBANK,169.3,0.66,0,172.5,-1.86
2026-07-28 09:32:03,SELL-CORE,INDUSTOWER,386.65,1.04,47,400,-3.34
2026-07-28 09:32:04,COIL,INDUSTOWER,386.65,1.04,47,400,-3.34
2026-07-28 09:32:09,SELL,AUBANK,1050.9,0.71,0,1050,0.09
2026-07-28 09:32:09,SELL-CORE,AUBANK,1050.9,0.71,0,1050,0.09
2026-07-28 09:32:12,SELL,APLAPOLLO,1840.0,0.57,22,1860,-1.08
2026-07-28 09:32:13,SELL-CORE,APLAPOLLO,1840.0,0.57,22,1860,-1.08
2026-07-28 09:32:16,SELL-CORE,LICHSGFIN,552.5,0.95,0,555,-0.45
2026-07-28 09:32:18,BUY-CORE,BPCL,318.5,0.73,53,320,-0.47
2026-07-28 09:32:20,SELL,APOLLOHOSP,8854.0,0.57,22,9000,-1.62
2026-07-28 09:32:20,SELL-CORE,APOLLOHOSP,8854.0,0.57,22,9000,-1.62
2026-07-28 09:32:24,BUY-CORE,NAUKRI,1223.45,0.53,57,1220,0.28
2026-07-28 09:32:25,BUY-CORE,RBLBANK,364.95,0.75,53,370,-1.36
2026-07-28 09:32:28,BUY-CORE,DIVISLAB,7438.0,0.69,57,7400,0.51
2026-07-28 09:32:30,SELL-CORE,LICI,424.65,1.1,27,427.5,-0.67
2026-07-28 09:32:34,BUY-CORE,PRESTIGE,1642.6,0.83,73,1660,-1.05
2026-07-28 09:32:37,SELL,GLENMARK,2201.6,0.82,27,2220,-0.83
2026-07-28 09:32:38,SELL-CORE,GLENMARK,2201.6,0.82,27,2220,-0.83
2026-07-28 09:32:44,SELL-CORE,SONACOMS,713.95,1.18,47,700,1.99
2026-07-28 09:32:47,BUY-CORE,BRITANNIA,5436.5,0.47,57,5500,-1.15
2026-07-28 09:33:02,BUY-CORE,OBEROIRLTY,1834.7,1.16,58,1840,-0.29
2026-07-28 09:33:03,SELL-CORE,OBEROIRLTY,1834.7,1.16,58,1840,-0.29
2026-07-28 09:35:29,SELL,BANKNIFTY,56924.75,0.83,27,57000,-0.13
2026-07-28 09:35:39,SELL,VEDL,261.9,0.65,0,275,-4.76
2026-07-28 09:35:40,SELL-CORE,VEDL,261.9,0.65,0,275,-4.76
2026-07-28 09:35:43,SELL,TITAN,4725.6,0.46,22,4700,0.54
2026-07-28 09:35:43,SELL-CORE,TITAN,4725.6,0.46,22,4700,0.54
2026-07-28 09:35:53,SELL,KOTAKBANK,384.5,0.84,27,385,-0.13
2026-07-28 09:36:00,BUY-CORE,AMBUJACEM,431.35,0.43,44,440,-1.97
2026-07-28 09:36:02,BUY-CORE,EICHERMOT,7814.0,0.29,57,8000,-2.33
2026-07-28 09:36:13,SELL,LTF,309.15,0.68,0,320,-3.39
2026-07-28 09:36:13,SELL-CORE,LTF,309.15,0.68,0,320,-3.39
2026-07-28 09:36:15,BUY-CORE,INDUSTOWER,387.75,0.95,53,400,-3.06
2026-07-28 09:36:25,SELL,LICHSGFIN,552.55,0.64,0,560,-1.33
2026-07-28 09:36:41,BUY-CORE,GLENMARK,2202.9,0.82,42,2220,-0.77
2026-07-28 09:36:48,SELL,HAVELLS,1237.3,0.51,22,1270,-2.57
2026-07-28 09:36:48,SELL-CORE,HAVELLS,1237.3,0.51,22,1270,-2.57
2026-07-28 09:36:50,SELL,NAM-INDIA,1153.4,0.66,0,1200,-3.88
2026-07-28 09:36:50,SELL-CORE,NAM-INDIA,1153.4,0.66,0,1200,-3.88
2026-07-28 09:36:54,BUY-CORE,DABUR,431.9,0.61,57,445,-2.94
2026-07-28 09:36:56,SELL-CORE,BLUESTARCO,1629.7,1.28,27,1600,1.86
2026-07-28 09:37:01,SELL,RADICO,4125.8,0.47,22,4200,-1.77
2026-07-28 09:37:02,SELL-CORE,RADICO,4125.8,0.47,22,4200,-1.77
2026-07-28 09:37:08,BUY-CORE,DALBHARAT,1821.0,0.68,44,1860,-2.1
2026-07-28 09:40:50,COIL,SBIN,1014.0,1.06,47,1030,-1.55
2026-07-28 09:40:53,SELL,ICICIBANK,1445.2,0.63,0,1450,-0.33
2026-07-28 09:40:54,SELL-CORE,ICICIBANK,1445.2,0.63,0,1450,-0.33
2026-07-28 09:40:57,SELL,AXISBANK,1224.7,0.71,0,1250,-2.02
2026-07-28 09:40:57,SELL-CORE,AXISBANK,1224.7,0.71,0,1250,-2.02
2026-07-28 09:41:04,BUY-CORE,M&M,3249.0,0.46,44,3250,-0.03
2026-07-28 09:41:07,SELL,COALINDIA,414.9,0.84,27,430,-3.51
2026-07-28 09:41:16,BUY-CORE,CHOLAFIN,1791.7,0.92,73,1820,-1.55
2026-07-28 09:41:25,SELL,360ONE,1124.5,0.52,0,1160,-3.06
2026-07-28 09:41:25,SELL-CORE,360ONE,1124.5,0.52,0,1160,-3.06
2026-07-28 09:41:28,BUY-CORE,POLYCAB,9065.5,0.59,44,9300,-2.52
2026-07-28 09:41:29,BUY-CORE,KAYNES,3191.9,0.79,42,3300,-3.28
2026-07-28 09:41:35,BUY,INDUSTOWER,387.45,1.02,73,400,-3.14
2026-07-28 09:41:36,COIL,INDUSTOWER,387.45,1.02,73,400,-3.14
2026-07-28 09:41:44,SELL-CORE,BANKINDIA,136.12,1.4,43,135,0.83
2026-07-28 09:41:49,BUY-CORE,APOLLOHOSP,8841.5,0.56,36,9000,-1.76
2026-07-28 09:41:49,SELL,APOLLOHOSP,8841.5,0.56,36,9000,-1.76
2026-07-28 09:41:50,SELL-CORE,APOLLOHOSP,8841.5,0.56,36,9000,-1.76
2026-07-28 09:41:52,SELL,FORTIS,946.05,0.83,0,970,-2.47
2026-07-28 09:42:02,BUY,HINDPETRO,395.6,1.11,73,395,0.15
2026-07-28 09:42:09,SELL-CORE,BOSCHLTD,41045.0,1.15,27,41000,0.11
2026-07-28 09:42:11,SELL,PGEL,578.4,0.76,0,590,-1.97
2026-07-28 09:42:12,SELL-CORE,PGEL,578.4,0.76,0,590,-1.97
2026-07-28 09:42:15,BUY-CORE,PHOENIXLTD,2040.3,0.89,53,2060,-0.96
2026-07-28 09:42:23,BUY-CORE,RADICO,4103.1,0.51,36,4200,-2.31
2026-07-28 09:42:26,BUY-CORE,ASTRAL,1456.5,0.57,36,1480,-1.59
2026-07-28 09:45:36,SELL,BANKNIFTY,56875.55,0.82,27,57000,-0.22
2026-07-28 09:45:37,SELL,FINNIFTY,26075.5,0.85,27,26100,-0.09
2026-07-28 09:45:38,SELL-CORE,FINNIFTY,26075.5,0.85,27,26100,-0.09
2026-07-28 09:45:43,BUY-CORE,BAJFINANCE,1048.6,0.73,53,1050,-0.13
2026-07-28 09:45:48,SELL,BHEL,406.45,0.76,0,410,-0.87
2026-07-28 09:45:57,SELL,MARUTI,13725.0,0.43,22,14000,-1.96
2026-07-28 09:45:58,SELL-CORE,MARUTI,13725.0,0.43,22,14000,-1.96
2026-07-28 09:46:00,SELL,KOTAKBANK,384.45,0.84,0,385,-0.14
2026-07-28 09:46:00,SELL-CORE,KOTAKBANK,384.45,0.84,0,385,-0.14
2026-07-28 09:46:22,BUY-CORE,AUBANK,1053.3,0.71,53,1050,0.31
2026-07-28 09:46:26,SELL,MUTHOOTFIN,2977.0,0.76,0,3100,-3.97
2026-07-28 09:46:26,SELL-CORE,MUTHOOTFIN,2977.0,0.76,0,3100,-3.97
2026-07-28 09:46:35,BUY-CORE,DIVISLAB,7467.0,0.74,53,7400,0.91
2026-07-28 09:46:38,SELL,CROMPTON,248.4,0.72,27,255,-2.59
2026-07-28 09:46:38,SELL-CORE,CROMPTON,248.4,0.72,27,255,-2.59
2026-07-28 09:46:42,SELL-CORE,HINDPETRO,395.1,1.12,58,395,0.03
2026-07-28 09:46:47,BUY-CORE,PNBHOUSING,1079.8,0.6,57,1100,-1.84
2026-07-28 09:46:56,SELL-CORE,BLUESTARCO,1630.7,1.07,27,1620,0.66
2026-07-28 09:46:56,BUY-CORE,INDHOTEL,737.1,0.63,57,745,-1.06
2026-07-28 09:47:04,BUY-CORE,JUBLFOOD,432.6,0.64,57,445,-2.79
2026-07-28 09:47:06,BUY-CORE,SUPREMEIND,3335.0,0.66,36,3500,-4.71
2026-07-28 09:47:07,BUY-CORE,DALBHARAT,1819.7,0.69,44,1860,-2.17
2026-07-28 09:50:34,SELL,RELIANCE,1273.5,0.63,0,1300,-2.04
2026-07-28 09:50:35,SELL-CORE,RELIANCE,1273.5,0.63,0,1300,-2.04
2026-07-28 09:50:37,SELL,MCX,2750.0,0.55,22,2900,-5.17
2026-07-28 09:50:38,SELL-CORE,MCX,2750.0,0.55,22,2900,-5.17
2026-07-28 09:50:39,SELL,BAJFINANCE,1046.9,0.72,27,1050,-0.3
2026-07-28 09:50:40,SELL-CORE,BAJFINANCE,1046.9,0.72,27,1050,-0.3
2026-07-28 09:50:43,BUY-CORE,BHARTIARTL,1901.4,0.36,36,1960,-2.99
2026-07-28 09:50:46,BUY-CORE,TITAN,4745.8,0.47,44,4700,0.97
2026-07-28 09:50:47,SELL-CORE,NATIONALUM,333.75,1.02,27,340,-1.84
2026-07-28 09:50:53,BUY-CORE,DIXON,13767.0,0.81,42,14000,-1.66
2026-07-28 09:50:55,SELL,NHPC,79.04,0.71,0,80,-1.2
2026-07-28 09:50:55,SELL-CORE,NHPC,79.04,0.71,0,80,-1.2
2026-07-28 09:50:58,BUY-CORE,RECLTD,367.95,0.46,57,370,-0.55
2026-07-28 09:51:03,SELL-CORE,ASHOKLEY,154.4,0.92,0,160,-3.5
2026-07-28 09:51:10,SELL-CORE,KAYNES,3209.3,0.79,42,3300,-2.75
2026-07-28 09:51:15,BUY,INDUSTOWER,387.0,1.01,100,400,-3.25
2026-07-28 09:51:31,BUY,ICICIGI,1675.2,1.03,73,1660,0.92
2026-07-28 09:51:32,BUY-CORE,ICICIGI,1675.2,1.03,73,1660,0.92
2026-07-28 09:51:35,BUY-CORE,OIL,437.75,0.71,42,440,-0.51
2026-07-28 09:51:37,BUY,HINDPETRO,394.2,1.11,73,395,-0.2
2026-07-28 09:51:38,BUY-CORE,EXIDEIND,430.2,0.91,53,430,0.05
2026-07-28 09:51:45,BUY-CORE,HAVELLS,1233.1,0.71,42,1230,0.25
2026-07-28 09:51:56,BUY-CORE,ASTRAL,1458.7,0.57,36,1480,-1.44
2026-07-28 09:52:01,SELL-CORE,OBEROIRLTY,1827.5,1.42,56,1800,1.53
2026-07-28 09:55:26,SELL,BANKNIFTY,56816.45,0.75,27,57000,-0.32
2026-07-28 09:55:27,SELL,FINNIFTY,26056.2,0.85,27,26100,-0.17
2026-07-28 09:55:27,SELL-CORE,FINNIFTY,26056.2,0.85,27,26100,-0.17
2026-07-28 09:55:42,BUY-CORE,ITC,286.3,0.71,73,290,-1.28
2026-07-28 09:55:50,BUY,CHOLAFIN,1789.8,1.09,73,1800,-0.57
2026-07-28 09:55:50,COIL,CHOLAFIN,1789.8,1.09,73,1800,-0.57
2026-07-28 09:56:12,SELL,MUTHOOTFIN,2975.4,0.76,0,3100,-4.02
2026-07-28 09:56:18,BUY-CORE,NAUKRI,1242.4,0.57,57,1220,1.84
2026-07-28 09:56:21,SELL,GAIL,173.01,0.72,0,175,-1.14
2026-07-28 09:56:21,SELL-CORE,GAIL,173.01,0.72,0,175,-1.14
2026-07-28 09:56:25,SELL,OIL,438.2,0.73,27,440,-0.41
2026-07-28 09:56:32,SELL-CORE,ZYDUSLIFE,1113.3,1.15,47,1130,-1.48
2026-07-28 09:56:37,SELL-CORE,PHOENIXLTD,2029.9,1.01,47,2060,-1.46
2026-07-28 09:56:37,COIL,PHOENIXLTD,2029.9,1.01,47,2060,-1.46
2026-07-28 09:56:43,BUY-CORE,PIDILITIND,1630.2,0.27,57,1680,-2.96
2026-07-28 10:01:09,SELL-CORE,HDFCBANK,734.2,0.97,0,750,-2.11
2026-07-28 10:01:21,SELL,HINDALCO,937.2,0.71,0,970,-3.38
2026-07-28 10:01:22,SELL-CORE,HINDALCO,937.2,0.71,0,970,-3.38
2026-07-28 10:01:23,SELL,PFC,418.75,0.57,36,435,-3.74
2026-07-28 10:01:24,SELL-CORE,PFC,418.75,0.57,36,435,-3.74
2026-07-28 10:01:25,SELL,COALINDIA,414.5,0.85,27,430,-3.6
2026-07-28 10:01:39,SELL,AMBUJACEM,429.3,0.43,22,440,-2.43
2026-07-28 10:01:39,SELL-CORE,AMBUJACEM,429.3,0.43,22,440,-2.43
2026-07-28 10:01:42,SELL,INDIANB,826.0,0.82,0,840,-1.67
2026-07-28 10:01:48,BUY-CORE,BAJAJFINSV,1919.4,0.47,44,1920,-0.03
2026-07-28 10:01:56,BUY,INDUSTOWER,387.4,1.02,100,400,-3.15
2026-07-28 10:01:58,SELL-CORE,VMM,109.38,0.95,27,112.5,-2.77
2026-07-28 10:02:14,SELL,RBLBANK,362.35,0.84,0,365,-0.73
2026-07-28 10:02:15,SELL-CORE,RBLBANK,362.35,0.84,0,365,-0.73
2026-07-28 10:02:18,BUY-CORE,ICICIGI,1667.5,1.06,58,1640,1.68
2026-07-28 10:02:18,SELL-CORE,ICICIGI,1667.5,1.06,58,1640,1.68
2026-07-28 10:02:26,BUY-CORE,TATACONSUM,1109.9,0.48,44,1130,-1.78
2026-07-28 10:02:28,SELL-CORE,KEI,4838.5,0.86,0,5000,-3.23
2026-07-28 10:02:34,SELL,HAVELLS,1231.4,0.7,36,1230,0.11
2026-07-28 10:02:52,SELL-CORE,SRF,2630.9,0.94,27,2680,-1.83
2026-07-28 10:02:54,BUY-CORE,MANKIND,2597.1,0.4,57,2640,-1.63
2026-07-28 10:05:40,SELL-CORE,NATIONALUM,335.8,1.05,27,340,-1.24
2026-07-28 10:05:46,SELL,DIXON,13745.0,0.82,27,14000,-1.82
2026-07-28 10:05:49,SELL-CORE,HINDUNILVR,2080.6,1.78,43,2100,-0.92
2026-07-28 10:05:51,SELL-CORE,NMDC,83.58,1.12,27,85,-1.67
2026-07-28 10:05:54,BUY,CHOLAFIN,1787.8,1.09,73,1800,-0.68
2026-07-28 10:05:54,COIL,CHOLAFIN,1787.8,1.09,73,1800,-0.68
2026-07-28 10:06:06,SELL,PATANJALI,344.85,0.62,22,350,-1.47
2026-07-28 10:06:07,SELL-CORE,PATANJALI,344.85,0.62,22,350,-1.47
2026-07-28 10:06:11,BUY-CORE,HAL,4520.1,0.85,42,4500,0.45
2026-07-28 10:06:16,SELL,AUROPHARMA,1548.7,0.55,0,1620,-4.4
2026-07-28 10:06:17,SELL-CORE,AUROPHARMA,1548.7,0.55,0,1620,-4.4
2026-07-28 10:06:21,SELL,MUTHOOTFIN,2977.4,0.76,0,3100,-3.95
2026-07-28 10:06:27,BUY-CORE,MARICO,865.6,0.64,57,870,-0.51
2026-07-28 10:06:37,SELL,TATACONSUM,1105.2,0.48,36,1130,-2.19
2026-07-28 10:06:38,SELL-CORE,TATACONSUM,1105.2,0.48,36,1130,-2.19
2026-07-28 10:06:39,SELL,GLENMARK,2198.6,0.81,0,2220,-0.96
2026-07-28 10:06:40,SELL-CORE,GLENMARK,2198.6,0.81,0,2220,-0.96
2026-07-28 10:06:44,BUY,ZYDUSLIFE,1114.3,1.15,73,1130,-1.39
2026-07-28 10:06:44,BUY-CORE,ZYDUSLIFE,1114.3,1.15,73,1130,-1.39
2026-07-28 10:06:50,SELL,BRITANNIA,5397.5,0.62,36,5450,-0.96
2026-07-28 10:06:50,SELL-CORE,BRITANNIA,5397.5,0.62,36,5450,-0.96
2026-07-28 10:10:47,SELL,BHARTIARTL,1896.4,0.37,22,1960,-3.24
2026-07-28 10:10:48,SELL-CORE,BHARTIARTL,1896.4,0.37,22,1960,-3.24
2026-07-28 10:11:38,BUY,LICI,425.5,1.12,73,427.5,-0.47
2026-07-28 10:11:38,BUY-CORE,LICI,425.5,1.12,73,427.5,-0.47
2026-07-28 10:11:43,SELL,UNOMINDA,1152.2,0.68,0,1180,-2.36
2026-07-28 10:11:44,SELL-CORE,UNOMINDA,1152.2,0.68,0,1180,-2.36
2026-07-28 10:11:49,SELL,PNBHOUSING,1076.2,0.6,22,1100,-2.16
2026-07-28 10:11:49,SELL-CORE,PNBHOUSING,1076.2,0.6,22,1100,-2.16
2026-07-28 10:12:00,BUY-CORE,ALKEM,5626.0,0.65,44,5700,-1.3
2026-07-28 10:15:52,SELL,BHEL,404.95,0.84,0,405,-0.01
2026-07-28 10:15:58,BUY-CORE,ULTRACEMCO,11880.0,0.35,57,12100,-1.82
2026-07-28 10:15:59,SELL,COALINDIA,414.85,0.85,27,430,-3.52
2026-07-28 10:16:08,BUY,CHOLAFIN,1787.3,1.11,73,1800,-0.71
2026-07-28 10:16:09,BUY-CORE,CHOLAFIN,1787.3,1.11,73,1800,-0.71
2026-07-28 10:16:18,SELL,PNB,111.76,0.75,27,112,-0.21
2026-07-28 10:16:18,SELL-CORE,PNB,111.76,0.75,27,112,-0.21
2026-07-28 10:16:24,BUY-CORE,UNIONBANK,170.68,0.66,44,172.5,-1.06
2026-07-28 10:16:53,SELL-CORE,KEI,4839.5,0.88,0,5000,-3.21
2026-07-28 10:17:00,SELL,NAM-INDIA,1150.2,0.67,0,1200,-4.15
2026-07-28 10:17:06,SELL,ALKEM,5626.5,0.66,36,5700,-1.29
2026-07-28 10:17:07,SELL-CORE,ALKEM,5626.5,0.66,36,5700,-1.29
2026-07-28 10:17:12,SELL,KPITTECH,597.45,0.42,36,620,-3.64
2026-07-28 10:17:13,SELL-CORE,KPITTECH,597.45,0.42,36,620,-3.64
2026-07-28 10:20:40,SELL,RELIANCE,1272.9,0.64,0,1300,-2.08
2026-07-28 10:20:41,SELL-CORE,RELIANCE,1272.9,0.64,0,1300,-2.08
2026-07-28 10:21:15,SELL,HAL,4533.6,0.7,0,4550,-0.36
2026-07-28 10:21:16,BUY-CORE,JSWSTEEL,1251.0,0.7,44,1250,0.08
2026-07-28 10:21:18,SELL,ONGC,237.77,0.68,0,247.5,-3.93
2026-07-28 10:21:19,SELL-CORE,ONGC,237.77,0.68,0,247.5,-3.93
2026-07-28 10:21:28,BUY-CORE,APOLLOHOSP,8860.0,0.55,44,9000,-1.56
2026-07-28 10:21:35,BUY,LICI,426.0,1.09,100,427.5,-0.35
2026-07-28 10:21:35,BUY-CORE,LICI,426.0,1.09,100,427.5,-0.35
2026-07-28 10:21:39,BUY,HINDPETRO,395.0,1.11,73,395,0.0
2026-07-28 10:21:40,BUY-CORE,HINDPETRO,395.0,1.11,73,395,0.0
2026-07-28 10:21:46,BUY,ZYDUSLIFE,1111.2,1.14,73,1130,-1.66
2026-07-28 10:21:46,BUY-CORE,ZYDUSLIFE,1111.2,1.14,73,1130,-1.66
2026-07-28 10:25:46,SELL,COALINDIA,416.9,0.85,27,430,-3.05
2026-07-28 10:25:51,BUY-CORE,SAIL,162.72,0.77,53,170,-4.28
2026-07-28 10:25:53,SELL-CORE,NMDC,83.52,1.13,27,85,-1.74
2026-07-28 10:25:55,SELL-CORE,TRENT,2917.0,0.93,0,2920,-0.1
2026-07-28 10:25:56,SELL-CORE,CHOLAFIN,1784.0,1.12,58,1800,-0.89
2026-07-28 10:26:01,BUY-CORE,ADANIPORTS,1767.2,0.92,53,1800,-1.82
2026-07-28 10:26:17,SELL-CORE,BANKINDIA,137.4,1.04,27,137.85,-0.33
2026-07-28 10:26:23,BUY-CORE,IOC,141.97,0.67,44,144,-1.41
2026-07-28 10:26:32,BUY-CORE,PRESTIGE,1640.2,0.82,73,1660,-1.19
2026-07-28 10:26:35,BUY-CORE,GLENMARK,2205.4,0.79,53,2240,-1.54
2026-07-28 10:26:42,SELL,NAM-INDIA,1150.9,0.67,0,1200,-4.09
2026-07-28 10:26:48,SELL,BHARATFORG,2151.3,0.85,0,2160,-0.4
2026-07-28 10:31:10,BUY-CORE,MIDCPNIFTY,14607.2,0.78,53,14600,0.05
2026-07-28 10:31:14,SELL,ICICIBANK,1438.7,0.72,27,1450,-0.78
2026-07-28 10:31:15,SELL-CORE,ICICIBANK,1438.7,0.72,27,1450,-0.78
2026-07-28 10:31:20,SELL,VEDL,262.1,0.67,0,275,-4.69
2026-07-28 10:31:20,SELL-CORE,VEDL,262.1,0.67,0,275,-4.69
2026-07-28 10:31:43,SELL,LUPIN,2410.3,0.75,0,2460,-2.02
2026-07-28 10:31:43,SELL-CORE,LUPIN,2410.3,0.75,0,2460,-2.02
2026-07-28 10:31:56,BUY,VBL,465.0,1.1,73,470,-1.06
2026-07-28 10:31:57,BUY-CORE,VBL,465.0,1.1,73,470,-1.06
2026-07-28 10:32:08,SELL,JINDALSTEL,1058.6,0.65,22,1080,-1.98
2026-07-28 10:32:09,SELL-CORE,JINDALSTEL,1058.6,0.65,22,1080,-1.98
2026-07-28 10:32:11,SELL,TATACONSUM,1105.5,0.48,22,1130,-2.17
2026-07-28 10:32:12,SELL-CORE,TATACONSUM,1105.5,0.48,22,1130,-2.17
2026-07-28 10:32:26,BUY-CORE,PIDILITIND,1624.6,0.3,44,1650,-1.54
2026-07-28 10:36:09,SELL,TITAN,4748.5,0.47,22,4700,1.03
2026-07-28 10:36:10,SELL-CORE,TITAN,4748.5,0.47,22,4700,1.03
2026-07-28 10:36:17,SELL,COALINDIA,417.1,0.85,27,430,-3.0
2026-07-28 10:36:19,BUY-CORE,ITC,285.95,0.72,73,290,-1.4
2026-07-28 10:36:20,SELL,ANGELONE,304.25,0.85,0,320,-4.92
2026-07-28 10:36:30,BUY,CHOLAFIN,1784.8,1.13,73,1800,-0.84
2026-07-28 10:36:30,COIL,CHOLAFIN,1784.8,1.13,73,1800,-0.84
2026-07-28 10:36:51,BUY-CORE,GRASIM,3118.6,0.76,53,3120,-0.04
2026-07-28 10:37:06,COIL,ABB,7238.0,1.05,47,7300,-0.85
2026-07-28 10:37:25,SELL,OIL,437.7,0.74,27,440,-0.52
2026-07-28 10:37:44,SELL-CORE,PETRONET,272.15,1.56,43,270,0.8
2026-07-28 10:37:47,SELL,BHARATFORG,2156.6,0.85,0,2160,-0.16
2026-07-28 10:40:36,SELL,BANKNIFTY,56951.15,0.78,27,57000,-0.09
2026-07-28 10:40:49,BUY-CORE,TITAN,4755.0,0.47,36,4700,1.17
2026-07-28 10:40:50,SELL,NATIONALUM,338.4,0.85,0,350,-3.31
2026-07-28 10:40:53,BUY-CORE,HINDALCO,945.75,0.6,44,970,-2.5
2026-07-28 10:41:13,SELL,BAJAJFINSV,1915.4,0.48,36,1920,-0.24
2026-07-28 10:41:14,SELL-CORE,BAJAJFINSV,1915.4,0.48,36,1920,-0.24
2026-07-28 10:41:19,SELL,GRASIM,3120.0,0.76,27,3120,0.0
2026-07-28 10:41:19,SELL-CORE,GRASIM,3120.0,0.76,27,3120,0.0
2026-07-28 10:41:41,SELL-CORE,CROMPTON,245.7,1.11,27,250,-1.72
2026-07-28 10:41:49,SELL-CORE,TATAPOWER,373.7,0.93,0,380,-1.66
2026-07-28 10:41:51,SELL-CORE,ZYDUSLIFE,1110.2,1.19,47,1120,-0.87
2026-07-28 10:41:56,COIL,PHOENIXLTD,2034.1,1.01,64,2060,-1.26
2026-07-28 10:42:14,SELL,PIIND,2732.6,0.68,0,2760,-0.99
2026-07-28 10:42:15,SELL-CORE,PIIND,2732.6,0.68,0,2760,-0.99
2026-07-28 10:45:42,SELL-CORE,NIFTY,24025.65,0.86,27,24000,0.11
2026-07-28 10:46:01,BUY-CORE,DIXON,13771.0,0.83,42,14000,-1.64
2026-07-28 10:46:21,BUY-CORE,GRASIM,3120.0,0.76,42,3120,0.0
2026-07-28 10:46:47,SELL,GLENMARK,2198.3,0.78,27,2240,-1.86
2026-07-28 10:46:48,SELL-CORE,GLENMARK,2198.3,0.78,27,2240,-1.86
2026-07-28 10:46:57,BUY-CORE,ICICIPRULI,509.7,0.56,44,520,-1.98
2026-07-28 10:47:08,SELL,JUBLFOOD,428.8,0.72,27,445,-3.64
2026-07-28 10:47:09,SELL-CORE,JUBLFOOD,428.8,0.72,27,445,-3.64
2026-07-28 10:50:55,SELL,COALINDIA,416.95,0.85,27,430,-3.03
2026-07-28 10:51:00,BUY-CORE,MARUTI,13741.0,0.43,36,14000,-1.85
2026-07-28 10:51:12,BUY-CORE,PNB,111.94,0.76,53,112,-0.05
2026-07-28 10:51:13,BUY-CORE,POLYCAB,9116.0,0.68,57,9300,-1.98
2026-07-28 10:51:18,SELL,GRASIM,3117.5,0.76,27,3120,-0.08
2026-07-28 10:52:00,BUY-CORE,SHREECEM,26995.0,0.74,53,26750,0.92
2026-07-28 10:55:49,SELL,DIXON,13779.0,0.61,36,14000,-1.58
2026-07-28 10:55:55,BUY,CHOLAFIN,1789.6,1.12,73,1800,-0.58
2026-07-28 10:56:16,SELL,APLAPOLLO,1822.6,0.85,0,1820,0.14
2026-07-28 10:56:19,SELL,UPL,601.2,0.73,0,610,-1.44
2026-07-28 10:56:20,SELL-CORE,UPL,601.2,0.73,0,610,-1.44
2026-07-28 10:56:23,BUY-CORE,IOC,141.8,0.68,44,144,-1.53
2026-07-28 10:56:27,BUY-CORE,GAIL,175.72,0.24,57,180,-2.38
2026-07-28 10:56:35,BUY-CORE,GLENMARK,2197.2,0.78,42,2240,-1.91
2026-07-28 10:56:55,SELL,SUPREMEIND,3337.4,0.67,36,3500,-4.65
2026-07-28 10:56:55,SELL-CORE,SUPREMEIND,3337.4,0.67,36,3500,-4.65
2026-07-28 11:00:56,SELL-CORE,NIFTY,24030.1,1.09,47,24000,0.13
2026-07-28 11:01:10,BUY-CORE,LT,3817.0,0.98,53,3850,-0.86
2026-07-28 11:01:19,BUY-CORE,RECLTD,369.3,0.46,36,370,-0.19
2026-07-28 11:01:19,SELL,RECLTD,369.3,0.46,36,370,-0.19
2026-07-28 11:01:20,SELL-CORE,RECLTD,369.3,0.46,36,370,-0.19
2026-07-28 11:01:41,SELL-CORE,VOLTAS,1299.4,0.96,0,1320,-1.56
2026-07-28 11:01:44,SELL-CORE,INDUSINDBK,1000.05,0.93,0,1010,-0.99
2026-07-28 11:01:47,SELL,COCHINSHIP,1391.4,0.81,0,1440,-3.37
2026-07-28 11:01:47,SELL-CORE,COCHINSHIP,1391.4,0.81,0,1440,-3.37
2026-07-28 11:01:50,BUY-CORE,MARICO,867.0,0.64,57,870,-0.34
2026-07-28 11:02:02,BUY-CORE,KFINTECH,951.05,0.65,57,940,1.18
2026-07-28 11:02:24,SELL,PIIND,2719.1,0.84,0,2720,-0.03
2026-07-28 11:05:46,BUY-CORE,TITAN,4782.2,0.49,57,4700,1.75
2026-07-28 11:05:48,SELL-CORE,LT,3817.2,0.98,27,3850,-0.85
2026-07-28 11:05:51,SELL,BEL,395.25,0.85,27,410,-3.6
2026-07-28 11:06:24,BUY-CORE,FORTIS,943.65,0.83,53,960,-1.7
2026-07-28 11:06:39,SELL-CORE,BOSCHLTD,41080.0,1.18,27,41000,0.2
2026-07-28 11:06:42,BUY-CORE,NAM-INDIA,1157.0,0.69,57,1200,-3.58
2026-07-28 11:06:52,SELL,GODREJCP,1069.1,0.58,22,1100,-2.81
2026-07-28 11:06:53,SELL-CORE,GODREJCP,1069.1,0.58,22,1100,-2.81
2026-07-28 11:10:59,BUY-CORE,LT,3811.8,0.98,53,3850,-0.99
2026-07-28 11:11:36,BUY,VBL,465.25,1.12,73,470,-1.01
2026-07-28 11:11:36,BUY-CORE,VBL,465.25,1.12,73,470,-1.01
2026-07-28 11:11:41,BUY-CORE,IOC,141.62,0.69,44,144,-1.65
2026-07-28 11:11:53,SELL,GLENMARK,2195.0,0.77,27,2240,-2.01
2026-07-28 11:15:44,BUY-CORE,AXISBANK,1230.8,0.92,73,1260,-2.32
2026-07-28 11:15:50,BUY-CORE,TITAN,4791.4,0.5,57,4700,1.94
2026-07-28 11:16:38,BUY-CORE,EXIDEIND,426.6,0.91,53,425,0.38
2026-07-28 11:21:00,SELL-CORE,LT,3812.5,0.98,42,3850,-0.97
2026-07-28 11:21:16,BUY-CORE,ADANIPORTS,1779.2,0.91,73,1820,-2.24
2026-07-28 11:21:46,SELL,CROMPTON,246.45,0.68,22,255,-3.35
2026-07-28 11:21:55,SELL-CORE,ZYDUSLIFE,1106.0,1.19,27,1120,-1.25
2026-07-28 11:26:24,SELL,APLAPOLLO,1837.2,0.61,22,1860,-1.23
2026-07-28 11:26:25,SELL-CORE,APLAPOLLO,1837.2,0.61,22,1860,-1.23
2026-07-28 11:26:32,BUY-CORE,MARICO,866.6,0.65,57,870,-0.39
2026-07-28 11:26:50,SELL-CORE,NAM-INDIA,1156.9,0.71,42,1200,-3.59
2026-07-28 11:26:58,BUY-CORE,PIDILITIND,1619.0,0.3,44,1650,-1.88
2026-07-28 11:31:24,SELL-CORE,NATIONALUM,339.55,0.88,27,350,-2.99
2026-07-28 11:31:27,SELL,BEL,396.55,0.85,27,410,-3.28
2026-07-28 11:32:00,SELL,APOLLOHOSP,8860.0,0.58,36,9000,-1.56
2026-07-28 11:32:00,SELL-CORE,APOLLOHOSP,8860.0,0.58,36,9000,-1.56
2026-07-28 11:32:01,SELL-CORE,DMART,3849.7,1.52,43,3900,-1.29
2026-07-28 11:40:46,SELL-CORE,SBIN,1016.7,1.01,27,1040,-2.24
2026-07-28 11:40:57,SELL,NATIONALUM,338.95,0.79,27,350,-3.16
2026-07-28 11:40:59,BUY,LT,3805.0,1.04,100,3840,-0.91
2026-07-28 11:41:14,BUY-CORE,NBCC,94.83,0.61,44,100,-5.17
2026-07-28 11:41:18,BUY-CORE,360ONE,1132.1,0.49,44,1160,-2.41
2026-07-28 11:41:21,BUY-CORE,KAYNES,3203.0,0.81,73,3300,-2.94
2026-07-28 11:41:25,BUY-CORE,GRASIM,3123.2,0.79,53,3120,0.1
2026-07-28 11:41:51,BUY-CORE,EXIDEIND,433.75,0.56,44,440,-1.42
2026-07-28 11:41:53,BUY-CORE,GLENMARK,2193.6,0.76,42,2240,-2.07
2026-07-28 11:42:01,BUY-CORE,PHOENIXLTD,2033.6,0.98,53,2060,-1.28
2026-07-28 11:42:07,SELL,MANAPPURAM,357.35,0.75,27,350,2.1
2026-07-28 11:42:08,SELL-CORE,MANAPPURAM,357.35,0.75,27,350,2.1
2026-07-28 11:42:15,SELL-CORE,SHREECEM,26900.0,0.73,42,26750,0.56
2026-07-28 11:42:17,SELL,SUPREMEIND,3326.2,0.66,36,3500,-4.97
2026-07-28 11:46:39,BUY-CORE,OIL,442.05,0.77,53,440,0.47
2026-07-28 11:51:06,SELL,NBCC,94.98,0.62,0,100,-5.02
2026-07-28 11:51:07,SELL-CORE,NBCC,94.98,0.62,0,100,-5.02
2026-07-28 11:51:17,SELL,GRASIM,3114.9,0.79,27,3120,-0.16
2026-07-28 11:51:18,SELL-CORE,GRASIM,3114.9,0.79,27,3120,-0.16
2026-07-28 11:51:28,SELL-CORE,ABB,7199.0,1.29,27,7200,-0.01
2026-07-28 11:51:39,BUY,ICICIGI,1670.4,1.05,73,1660,0.63
2026-07-28 11:51:39,BUY-CORE,ICICIGI,1670.4,1.05,73,1660,0.63
2026-07-28 11:51:49,SELL-CORE,TATAPOWER,371.9,1.27,27,375,-0.83
2026-07-28 11:56:34,BUY-CORE,GAIL,175.74,0.26,57,180,-2.37
2026-07-28 11:56:36,SELL,MAXHEALTH,1102.3,0.39,0,1140,-3.31
2026-07-28 11:56:36,SELL-CORE,MAXHEALTH,1102.3,0.39,0,1140,-3.31
2026-07-28 11:56:40,SELL-CORE,OIL,441.6,0.77,42,440,0.36
2026-07-28 11:56:59,BUY-CORE,PAGEIND,40130.0,0.84,42,41000,-2.12
2026-07-28 11:57:00,SELL-CORE,PAGEIND,40130.0,0.84,42,41000,-2.12
2026-07-28 12:01:15,SELL,BEL,394.0,0.85,27,410,-3.9
2026-07-28 12:01:32,SELL,360ONE,1132.0,0.5,22,1160,-2.41
2026-07-28 12:01:32,SELL-CORE,360ONE,1132.0,0.5,22,1160,-2.41
2026-07-28 12:01:48,SELL,APLAPOLLO,1838.2,0.62,22,1860,-1.17
2026-07-28 12:01:48,SELL-CORE,APLAPOLLO,1838.2,0.62,22,1860,-1.17
2026-07-28 12:02:06,SELL,UNOMINDA,1161.8,0.65,0,1180,-1.54
2026-07-28 12:02:07,SELL-CORE,UNOMINDA,1161.8,0.65,0,1180,-1.54
2026-07-28 12:02:24,SELL,PAGEIND,40200.0,0.83,27,41000,-1.95
2026-07-28 12:02:29,COIL,GODFRYPHLP,2037.2,1.4,56,2050,-0.62
2026-07-28 12:05:29,BUY-CORE,MIDCPNIFTY,14605.5,0.87,53,14600,0.04
2026-07-28 12:05:59,BUY-CORE,TVSMOTOR,3964.5,0.35,57,4000,-0.89
2026-07-28 12:06:33,SELL,GLENMARK,2191.5,0.75,27,2240,-2.17
2026-07-28 12:06:42,BUY-CORE,ICICIPRULI,509.75,0.62,44,520,-1.97
2026-07-28 12:06:45,SELL-CORE,BLUESTARCO,1620.0,1.13,47,1600,1.25
2026-07-28 12:06:55,SELL,SUPREMEIND,3328.5,0.67,36,3500,-4.9
2026-07-28 12:11:12,SELL,BAJAJFINSV,1927.7,0.46,36,1900,1.46
2026-07-28 12:11:12,SELL-CORE,BAJAJFINSV,1927.7,0.46,36,1900,1.46
2026-07-28 12:11:19,SELL-CORE,INDUSTOWER,385.35,0.92,42,400,-3.66
2026-07-28 12:11:35,COIL,MAZDOCK,2298.6,1.01,47,2350,-2.19
2026-07-28 12:11:51,SELL-CORE,SONACOMS,711.45,1.22,47,690,3.11
2026-07-28 12:11:54,BUY,PHOENIXLTD,2029.9,1.07,73,2040,-0.5
2026-07-28 12:11:55,BUY-CORE,PHOENIXLTD,2029.9,1.07,73,2040,-0.5
2026-07-28 12:16:44,SELL-CORE,VBL,453.5,1.14,27,465,-2.47
2026-07-28 12:17:01,SELL-CORE,KEI,4857.0,0.93,27,5000,-2.86
2026-07-28 12:17:23,SELL,SUPREMEIND,3325.3,0.67,22,3500,-4.99
2026-07-28 12:17:27,SELL,PIIND,2713.0,0.85,0,2720,-0.26
2026-07-28 12:22:03,SELL-CORE,PHOENIXLTD,2026.3,1.06,47,2040,-0.67
2026-07-28 12:22:06,BUY,PETRONET,274.35,1.09,100,275,-0.24
2026-07-28 12:22:06,BUY-CORE,PETRONET,274.35,1.09,100,275,-0.24
2026-07-28 12:22:16,COIL,GODFRYPHLP,2033.7,1.38,56,2050,-0.8
2026-07-28 12:22:18,SELL-CORE,SHREECEM,26930.0,0.72,42,26750,0.67
2026-07-28 12:25:35,SELL,BANKNIFTY,56956.7,0.84,27,57000,-0.08
2026-07-28 12:25:39,SELL-CORE,SBIN,1016.9,1.02,27,1040,-2.22
2026-07-28 12:25:52,SELL,COALINDIA,412.95,0.73,0,430,-3.97
2026-07-28 12:25:59,SELL-CORE,NMDC,83.6,1.13,47,84,-0.48
2026-07-28 12:26:10,BUY-CORE,360ONE,1132.2,0.5,44,1160,-2.4
2026-07-28 12:26:55,BUY-CORE,MANAPPURAM,360.45,0.77,73,355,1.54
2026-07-28 12:26:58,BUY-CORE,PAGEIND,40165.0,0.87,42,41000,-2.04
2026-07-28 12:31:35,BUY-CORE,SHRIRAMFIN,1046.3,0.45,57,1070,-2.21
2026-07-28 12:31:41,BUY-CORE,DIXON,13795.0,0.58,36,14200,-2.85
2026-07-28 12:31:46,SELL,RECLTD,371.75,0.52,36,370,0.47
2026-07-28 12:31:47,SELL-CORE,RECLTD,371.75,0.52,36,370,0.47
2026-07-28 12:31:53,BUY-CORE,AMBUJACEM,431.8,0.44,36,440,-1.86
2026-07-28 12:32:15,SELL,VBL,444.85,0.83,0,465,-4.33
2026-07-28 12:32:53,BUY-CORE,SUPREMEIND,3330.6,0.67,36,3500,-4.84
2026-07-28 12:35:51,BUY,LT,3829.3,1.03,100,3850,-0.54
2026-07-28 12:36:09,SELL,360ONE,1130.8,0.5,22,1160,-2.52
2026-07-28 12:36:09,SELL-CORE,360ONE,1130.8,0.5,22,1160,-2.52
2026-07-28 12:36:12,BUY-CORE,BAJAJFINSV,1928.6,0.44,44,1920,0.45
2026-07-28 12:36:38,SELL,OIL,441.8,0.75,27,440,0.41
2026-07-28 12:40:59,SELL-CORE,INDIGO,5245.0,0.89,27,5250,-0.1
2026-07-28 12:41:00,SELL,YESBANK,22.87,0.29,0,27,-15.3
2026-07-28 12:41:01,SELL-CORE,YESBANK,22.87,0.29,0,27,-15.3
2026-07-28 12:41:17,BUY-CORE,ONGC,238.22,0.65,36,247.5,-3.75
2026-07-28 12:46:28,BUY-CORE,INDIGO,5251.0,0.89,53,5250,0.02
2026-07-28 12:46:42,SELL,UNIONBANK,170.1,0.66,22,172.5,-1.39
2026-07-28 12:46:42,SELL-CORE,UNIONBANK,170.1,0.66,22,172.5,-1.39
2026-07-28 12:46:52,BUY-CORE,APLAPOLLO,1847.8,0.61,44,1860,-0.66
2026-07-28 12:47:10,BUY,HINDPETRO,397.3,1.15,100,390,1.87
2026-07-28 12:47:21,BUY-CORE,PHOENIXLTD,2029.2,1.08,58,2040,-0.53
2026-07-28 12:47:23,BUY-CORE,DABUR,425.0,0.83,53,435,-2.3
2026-07-28 12:51:18,BUY-CORE,POLYCAB,9126.0,0.77,73,9300,-1.87
2026-07-28 12:51:25,SELL,INDUSTOWER,387.85,0.84,27,400,-3.04
2026-07-28 12:56:00,SELL,AMBUJACEM,430.3,0.45,22,440,-2.2
2026-07-28 12:56:01,SELL-CORE,AMBUJACEM,430.3,0.45,22,440,-2.2
2026-07-28 12:56:21,BUY,BANKINDIA,136.6,1.1,73,137.5,-0.65
2026-07-28 12:56:21,BUY-CORE,BANKINDIA,136.6,1.1,73,137.5,-0.65
2026-07-28 12:57:03,SELL,COLPAL,2133.0,0.49,36,2200,-3.05
2026-07-28 12:57:04,SELL-CORE,COLPAL,2133.0,0.49,36,2200,-3.05
2026-07-28 13:00:59,SELL,BANKNIFTY,56864.75,0.8,27,57000,-0.24
2026-07-28 13:01:52,SELL,ICICIGI,1694.5,0.71,27,1740,-2.61
2026-07-28 13:01:52,SELL-CORE,ICICIGI,1694.5,0.71,27,1740,-2.61
2026-07-28 13:06:14,SELL,FORTIS,939.9,0.71,27,970,-3.1
2026-07-28 13:06:14,SELL-CORE,FORTIS,939.9,0.71,27,970,-3.1
2026-07-28 13:06:19,SELL-CORE,DIVISLAB,7375.0,1.03,47,7300,1.03
2026-07-28 13:06:34,BUY-CORE,PHOENIXLTD,2023.4,1.12,58,2040,-0.81
2026-07-28 13:06:44,COIL,GODFRYPHLP,2025.2,1.34,56,2050,-1.21
2026-07-28 13:10:42,SELL-CORE,SBIN,1015.2,1.03,27,1040,-2.38
2026-07-28 13:10:59,COIL,HINDUNILVR,2044.9,1.47,56,2080,-1.69
2026-07-28 13:11:11,SELL,BAJAJFINSV,1928.7,0.43,36,1920,0.45
2026-07-28 13:11:12,SELL-CORE,BAJAJFINSV,1928.7,0.43,36,1920,0.45
2026-07-28 13:11:24,SELL-CORE,BANKINDIA,136.64,1.06,47,137.5,-0.63
2026-07-28 13:11:36,BUY,LICI,425.7,1.16,100,427.5,-0.42
2026-07-28 13:12:01,BUY-CORE,SUPREMEIND,3464.3,0.57,36,3550,-2.41
2026-07-28 13:15:41,SELL,ADANIENT,3001.8,0.5,22,3020,-0.6
2026-07-28 13:15:42,SELL-CORE,ADANIENT,3001.8,0.5,22,3020,-0.6
2026-07-28 13:16:09,BUY-CORE,FEDERALBNK,357.55,0.39,57,370,-3.36
2026-07-28 13:16:31,COIL,DMART,3840.0,1.68,56,3900,-1.54
2026-07-28 13:16:34,BUY,CIPLA,1435.0,1.03,100,1440,-0.35
2026-07-28 13:16:38,SELL-CORE,DIVISLAB,7362.0,1.05,47,7200,2.25
2026-07-28 13:16:44,BUY,HINDPETRO,397.25,1.17,100,390,1.86
2026-07-28 13:16:48,SELL-CORE,KEI,4840.5,0.98,27,5000,-3.19
2026-07-28 13:16:55,COIL,PHOENIXLTD,2021.4,1.08,58,2040,-0.91
2026-07-28 13:21:04,SELL,INDIANB,832.95,0.67,22,841.75,-1.05
2026-07-28 13:21:04,SELL-CORE,INDIANB,832.95,0.67,22,841.75,-1.05
2026-07-28 13:21:21,SELL,APLAPOLLO,1844.6,0.57,22,1860,-0.83
2026-07-28 13:21:22,SELL-CORE,APLAPOLLO,1844.6,0.57,22,1860,-0.83
2026-07-28 13:21:34,BUY,LICI,426.1,1.16,100,427.5,-0.33
2026-07-28 13:31:11,SELL,NIFTY,23982.3,0.85,27,24000,-0.07
2026-07-28 13:31:11,SELL-CORE,NIFTY,23982.3,0.85,27,24000,-0.07
2026-07-28 13:31:31,SELL,DIXON,13754.0,0.84,0,14000,-1.76
2026-07-28 13:32:12,SELL,MAXHEALTH,1101.2,0.38,0,1140,-3.4
2026-07-28 13:32:13,SELL-CORE,MAXHEALTH,1101.2,0.38,0,1140,-3.4
2026-07-28 13:32:33,BUY-CORE,ALKEM,5645.5,0.59,44,5700,-0.96
2026-07-28 13:32:37,SELL,RADICO,4112.0,0.67,36,4200,-2.1
2026-07-28 13:32:37,SELL-CORE,RADICO,4112.0,0.67,36,4200,-2.1
2026-07-28 13:32:46,BUY-CORE,COLPAL,2143.5,0.51,44,2200,-2.57
2026-07-28 13:35:40,SELL-CORE,ADANIGREEN,1378.7,1.3,43,1390,-0.81
2026-07-28 13:36:16,SELL-CORE,INDUSTOWER,385.85,0.9,27,400,-3.54
2026-07-28 13:36:19,BUY-CORE,ONGC,238.6,0.64,36,247.5,-3.6
2026-07-28 13:36:33,SELL,ABCAPITAL,392.0,0.85,0,400,-2.0
2026-07-28 13:36:39,BUY-CORE,OIL,451.7,0.59,57,455,-0.73
2026-07-28 13:40:52,SELL,BHEL,406.55,0.74,0,412.5,-1.44
2026-07-28 13:41:14,SELL,INDIANB,833.15,0.67,22,841.75,-1.02
2026-07-28 13:41:15,SELL-CORE,INDIANB,833.15,0.67,22,841.75,-1.02
2026-07-28 13:41:24,SELL,GRASIM,3111.2,0.84,27,3100,0.36
2026-07-28 13:41:36,SELL,VBL,425.7,0.72,0,465,-8.45
2026-07-28 13:41:59,BUY-CORE,PGEL,584.45,0.69,44,600,-2.59
2026-07-28 13:42:02,COIL,PHOENIXLTD,2019.5,1.06,58,2040,-1.0
2026-07-28 13:42:04,BUY,DABUR,422.5,1.43,78,415,1.81
2026-07-28 13:42:14,BUY,TIINDIA,2876.7,1.04,73,2900,-0.8
2026-07-28 13:42:15,BUY-CORE,TIINDIA,2876.7,1.04,73,2900,-0.8
2026-07-28 13:46:26,BUY-CORE,APLAPOLLO,1849.3,0.57,36,1860,-0.58
2026-07-28 13:46:45,BUY,GODREJPROP,2122.8,1.0,100,2080,2.06
2026-07-28 13:46:59,SELL,BAJAJHLDNG,10804.0,0.51,22,11000,-1.78
2026-07-28 13:46:59,SELL-CORE,BAJAJHLDNG,10804.0,0.51,22,11000,-1.78
2026-07-28 13:47:05,SELL-CORE,SHREECEM,26910.0,0.71,42,26750,0.6
2026-07-28 13:51:00,SELL,DIXON,13742.0,0.85,0,13900,-1.14
2026-07-28 13:51:32,BUY-CORE,FORTIS,940.35,0.7,44,970,-3.06
2026-07-28 13:51:59,SELL,RADICO,4125.2,0.61,36,4200,-1.78
2026-07-28 13:52:02,BUY,TIINDIA,2865.8,1.7,100,2850,0.55
2026-07-28 13:52:06,SELL,SRF,2624.1,0.84,27,2660,-1.35
2026-07-28 13:55:39,SELL,BHEL,406.35,0.75,0,412.5,-1.49
2026-07-28 13:55:57,BUY-CORE,AMBUJACEM,431.8,0.5,36,440,-1.86
2026-07-28 13:56:01,SELL-CORE,HDFCAMC,2531.1,2.81,56,2506,1.0
2026-07-28 13:56:02,BUY-CORE,360ONE,1136.0,0.51,36,1160,-2.07
2026-07-28 13:56:09,SELL,GRASIM,3112.2,0.85,27,3100,0.39
2026-07-28 13:56:27,SELL,DIVISLAB,7388.5,0.79,27,7300,1.21
2026-07-28 13:56:28,SELL-CORE,DIVISLAB,7388.5,0.79,27,7300,1.21
2026-07-28 13:56:55,SELL-CORE,SHREECEM,26910.0,0.71,42,26750,0.6
2026-07-28 14:01:45,BUY-CORE,FORTIS,941.5,0.69,44,970,-2.94
2026-07-28 14:02:13,BUY-CORE,PAGEIND,40270.0,0.99,73,40500,-0.57
2026-07-28 14:06:03,BUY-CORE,FEDERALBNK,357.35,0.51,57,365,-2.1
2026-07-28 14:06:23,SELL,FORTIS,941.0,0.68,36,970,-2.99
2026-07-28 14:06:24,SELL-CORE,FORTIS,941.0,0.68,36,970,-2.99
2026-07-28 14:06:25,BUY-CORE,MARICO,877.35,0.37,57,900,-2.52
2026-07-28 14:06:49,BUY,PAGEIND,40315.0,1.02,100,40500,-0.46
2026-07-28 14:06:53,SELL,SHREECEM,26915.0,0.7,36,26750,0.62
2026-07-28 14:10:53,BUY-CORE,TITAN,4844.8,0.41,57,4700,3.08
2026-07-28 14:10:55,BUY,LT,3827.9,1.07,100,3850,-0.57
2026-07-28 14:11:09,SELL,AMBUJACEM,431.3,0.5,36,440,-1.98
2026-07-28 14:11:10,SELL-CORE,AMBUJACEM,431.3,0.5,36,440,-1.98
2026-07-28 14:17:02,SELL-CORE,DABUR,425.55,0.83,42,435,-2.17
2026-07-28 14:17:13,SELL,SHREECEM,26900.0,0.7,36,26750,0.56
2026-07-28 14:17:13,SELL-CORE,SHREECEM,26900.0,0.7,36,26750,0.56
2026-07-28 14:21:18,BUY,LAURUSLABS,1751.6,1.07,100,1700,3.04
2026-07-28 14:21:20,SELL,GRASIM,3113.1,0.84,27,3100,0.42
2026-07-28 14:21:32,SELL,UPL,597.4,0.72,0,600,-0.43
2026-07-28 14:21:32,SELL-CORE,UPL,597.4,0.72,0,600,-0.43
2026-07-28 14:26:11,SELL,APLAPOLLO,1848.1,0.56,36,1860,-0.64
2026-07-28 14:26:12,SELL-CORE,APLAPOLLO,1848.1,0.56,36,1860,-0.64
2026-07-28 14:26:46,SELL,SHREECEM,26810.0,0.7,36,26750,0.22
2026-07-28 14:31:23,SELL,PFC,419.95,0.62,36,435,-3.46
2026-07-28 14:31:23,SELL-CORE,PFC,419.95,0.62,36,435,-3.46
2026-07-28 14:32:22,BUY-CORE,RADICO,4138.0,0.8,73,4150,-0.29
2026-07-28 14:36:17,SELL-CORE,ABB,7236.5,0.94,27,7300,-0.87
2026-07-28 14:40:57,SELL,BEL,388.8,0.85,0,410,-5.17
2026-07-28 14:41:06,SELL-CORE,CHOLAFIN,1779.2,1.0,58,1800,-1.16
2026-07-28 14:41:07,COIL,CHOLAFIN,1779.2,1.0,58,1800,-1.16
2026-07-28 14:45:38,SELL-CORE,SBIN,1011.7,1.15,27,1030,-1.78
2026-07-28 14:45:49,BUY-CORE,SHRIRAMFIN,1042.8,0.6,57,1050,-0.69
2026-07-28 14:45:58,SELL-CORE,NMDC,83.92,1.26,47,84,-0.1
2026-07-28 14:46:06,BUY-CORE,INDIANB,835.0,0.68,44,841.75,-0.8
2026-07-28 14:46:12,SELL-CORE,LUPIN,2393.2,0.91,0,2440,-1.92
2026-07-28 14:46:25,SELL-CORE,ABB,7234.0,0.95,27,7300,-0.9
2026-07-28 14:46:30,SELL,FORTIS,941.55,0.68,22,970,-2.93
2026-07-28 14:46:30,SELL-CORE,FORTIS,941.55,0.68,22,970,-2.93
2026-07-28 14:46:42,BUY,EXIDEIND,428.0,1.06,100,425,0.71
2026-07-28 14:50:56,BUY-CORE,TITAN,4842.5,0.4,57,4750,1.95
2026-07-28 14:51:31,SELL,MUTHOOTFIN,3007.5,0.77,0,3100,-2.98
2026-07-28 14:51:32,SELL-CORE,MUTHOOTFIN,3007.5,0.77,0,3100,-2.98
2026-07-28 14:52:03,BUY-CORE,BAJAJHLDNG,10824.0,0.54,44,10900,-0.7
2026-07-28 14:52:07,COIL,TIINDIA,2834.9,1.31,78,2850,-0.53
2026-07-28 14:55:56,COIL,CHOLAFIN,1707.3,1.25,47,1760,-2.99
2026-07-28 15:00:54,SELL-CORE,FINNIFTY,25983.4,0.86,27,26050,-0.26
2026-07-28 15:00:55,SELL,MIDCPNIFTY,14524.05,0.82,27,14550,-0.18
2026-07-28 15:00:55,SELL-CORE,MIDCPNIFTY,14524.05,0.82,27,14550,-0.18
2026-07-28 15:01:07,BUY-CORE,TITAN,4844.9,0.41,57,4700,3.08
2026-07-28 15:01:09,SELL,SHRIRAMFIN,1037.3,0.56,36,1050,-1.21
2026-07-28 15:01:10,SELL-CORE,SHRIRAMFIN,1037.3,0.56,36,1050,-1.21
2026-07-28 15:02:07,BUY-CORE,NAM-INDIA,1149.7,0.99,42,1180,-2.57
2026-07-28 15:02:08,COIL,PHOENIXLTD,2020.0,1.0,58,2060,-1.94
2026-07-28 15:02:16,BUY-CORE,PAGEIND,40365.0,0.95,73,41000,-1.55
2026-07-28 15:05:29,SELL,BANKNIFTY,56702.4,0.76,27,56800,-0.17
2026-07-28 15:05:30,SELL,FINNIFTY,25995.9,0.74,27,26050,-0.21
2026-07-28 15:05:44,SELL,HINDALCO,936.6,0.7,0,970,-3.44
2026-07-28 15:05:45,SELL-CORE,HINDALCO,936.6,0.7,0,970,-3.44
2026-07-28 15:06:35,BUY,GODREJPROP,2128.3,1.09,73,2060,3.32
2026-07-28 15:06:49,SELL,BAJAJHLDNG,10817.0,0.55,36,10900,-0.76
2026-07-28 15:06:50,SELL-CORE,BAJAJHLDNG,10817.0,0.55,36,10900,-0.76
2026-07-28 15:11:08,SELL-CORE,NMDC,83.76,1.27,47,84,-0.29
2026-07-28 15:11:12,SELL,YESBANK,22.82,0.28,0,27,-15.48
2026-07-28 15:11:12,SELL-CORE,YESBANK,22.82,0.28,0,27,-15.48
2026-07-28 15:11:23,SELL-CORE,LUPIN,2393.2,0.9,0,2440,-1.92
2026-07-28 15:11:27,BUY-CORE,GRASIM,3116.0,0.81,53,3120,-0.13
2026-07-28 15:11:30,BUY-CORE,JSWSTEEL,1245.2,0.71,53,1250,-0.38
2026-07-28 15:15:44,SELL,MIDCPNIFTY,14545.15,0.7,22,14550,-0.03
2026-07-28 15:15:46,SELL,RELIANCE,1268.8,0.6,0,1310,-3.15
2026-07-28 15:15:47,SELL-CORE,RELIANCE,1268.8,0.6,0,1310,-3.15
2026-07-28 15:16:13,SELL,INDIANB,833.85,0.7,36,841.75,-0.94
2026-07-28 15:16:14,SELL-CORE,INDIANB,833.85,0.7,36,841.75,-0.94
2026-07-28 15:17:00,SELL,BLUESTARCO,1650.1,0.85,27,1700,-2.94
2026-07-28 15:17:04,BUY-CORE,PAGEIND,40345.0,0.93,73,41000,-1.6
2026-07-28 15:21:03,BUY-CORE,SAIL,166.06,0.76,73,170,-2.32
2026-07-28 15:21:24,BUY-CORE,ONGC,238.65,0.65,44,247.5,-3.58
2026-07-28 15:21:30,BUY-CORE,APLAPOLLO,1850.0,0.56,36,1860,-0.54
2026-07-28 15:21:55,COIL,PHOENIXLTD,2025.0,1.01,58,2060,-1.7
2026-07-28 15:26:50,SELL-CORE,ZYDUSLIFE,1099.5,1.46,43,1110,-0.95
2026-07-28 15:26:53,SELL,NAM-INDIA,1150.6,0.75,27,1200,-4.12
2026-07-28 15:31:28,SELL,CANBK,124.55,0.83,0,125,-0.36
2026-07-28 15:32:01,SELL,ONGC,238.91,0.44,22,250,-4.44
2026-07-28 15:32:01,SELL-CORE,ONGC,238.91,0.44,22,250,-4.44
2026-07-28 15:32:13,BUY,CIPLA,1444.6,1.13,100,1440,0.32
2026-07-28 15:32:41,BUY-CORE,PAGEIND,40370.0,0.93,73,41000,-1.54
2026-07-28 15:32:44,SELL-CORE,TIINDIA,2825.3,1.23,58,2850,-0.87
2026-07-29 09:15:39,BUY-CORE,NIFTY,24158.9,0.49,57,24200,-0.17
2026-07-29 09:15:53,BUY-CORE,BHEL,407.3,0.77,73,410,-0.66
2026-07-29 09:15:55,BUY-CORE,CANBK,125.1,0.71,73,130,-3.77
2026-07-29 09:15:58,SELL,TITAN,4845.2,0.68,0,4800,0.94
2026-07-29 09:15:58,SELL-CORE,TITAN,4845.2,0.68,0,4800,0.94
2026-07-29 09:15:59,BUY-CORE,NATIONALUM,336.0,0.69,57,350,-4.0
2026-07-29 09:16:02,BUY-CORE,LT,3950.0,0.91,73,3900,1.28
2026-07-29 09:16:03,BUY,HINDALCO,943.1,1.1,100,960,-1.76
2026-07-29 09:16:04,BUY-CORE,HINDALCO,943.1,1.1,100,960,-1.76
2026-07-29 09:16:10,SELL,ASIANPAINT,2730.0,0.42,0,2800,-2.5
2026-07-29 09:16:11,SELL-CORE,ASIANPAINT,2730.0,0.42,0,2800,-2.5
2026-07-29 09:16:13,SELL,MARUTI,13760.0,0.41,0,14000,-1.71
2026-07-29 09:16:13,SELL-CORE,MARUTI,13760.0,0.41,0,14000,-1.71
2026-07-29 09:16:15,BUY-CORE,HINDUNILVR,2057.4,0.83,73,2100,-2.03
2026-07-29 09:16:17,BUY,TMPV,326.25,1.03,100,330,-1.14
2026-07-29 09:16:17,BUY-CORE,TMPV,326.25,1.03,100,330,-1.14
2026-07-29 09:16:21,BUY-CORE,CHOLAFIN,1828.1,0.35,57,1840,-0.65
2026-07-29 09:16:23,SELL-CORE,INDIGO,5240.0,1.08,27,5200,0.77
2026-07-29 09:16:26,SELL,ASHOKLEY,157.53,0.83,0,160,-1.54
2026-07-29 09:16:26,SELL-CORE,ASHOKLEY,157.53,0.83,0,160,-1.54
2026-07-29 09:16:28,BUY-CORE,AMBUJACEM,429.0,0.68,57,435,-1.38
2026-07-29 09:16:34,BUY-CORE,RVNL,225.06,0.91,73,230,-2.15
2026-07-29 09:16:36,BUY-CORE,BAJAJ-AUTO,11439.5,0.79,73,11300,1.23
2026-07-29 09:16:41,BUY-CORE,PATANJALI,345.45,0.6,57,350,-1.3
2026-07-29 09:16:43,SELL-CORE,UNIONBANK,168.69,0.98,0,170,-0.77
2026-07-29 09:16:46,BUY-CORE,HAL,4608.2,0.73,73,4600,0.18
2026-07-29 09:16:47,BUY-CORE,INDUSTOWER,384.85,0.52,57,400,-3.79
2026-07-29 09:16:51,SELL-CORE,POWERGRID,283.4,0.94,0,290,-2.28
2026-07-29 09:16:58,BUY-CORE,BANKINDIA,136.92,0.89,73,140,-2.2
2026-07-29 09:17:01,BUY-CORE,VBL,436.35,0.46,57,470,-7.16
2026-07-29 09:17:03,SELL,BPCL,317.25,0.82,0,320,-0.86
2026-07-29 09:17:04,SELL-CORE,BPCL,317.25,0.82,0,320,-0.86
2026-07-29 09:17:07,SELL-CORE,IOC,139.95,0.88,0,142.5,-1.79
2026-07-29 09:17:12,BUY-CORE,CDSL,1355.2,0.97,73,1360,-0.35
2026-07-29 09:17:13,SELL,GAIL,174.12,0.48,0,180,-3.27
2026-07-29 09:17:14,SELL-CORE,GAIL,174.12,0.48,0,180,-3.27
2026-07-29 09:17:15,BUY-CORE,DIVISLAB,7498.0,0.71,73,7500,-0.03
2026-07-29 09:17:19,BUY-CORE,SIEMENS,3641.3,0.74,73,3700,-1.59
2026-07-29 09:17:24,SELL-CORE,HINDPETRO,393.6,0.9,0,400,-1.6
2026-07-29 09:17:29,BUY-CORE,TATAPOWER,372.7,0.66,57,380,-1.92
2026-07-29 09:17:35,BUY-CORE,JSWENERGY,546.85,0.85,73,570,-4.06
2026-07-29 09:17:42,BUY-CORE,IRFC,88.31,0.97,73,90,-1.88
2026-07-29 09:17:46,BUY-CORE,TATAELXSI,3640.7,0.56,57,3600,1.13
2026-07-29 09:17:54,BUY-CORE,GODFRYPHLP,2026.4,0.52,44,2150,-5.75
2026-07-29 09:17:59,BUY-CORE,SRF,2655.0,0.95,73,2700,-1.67
2026-07-29 09:20:34,BUY-CORE,BANKNIFTY,57063.05,0.76,73,57000,0.11
2026-07-29 09:20:35,BUY-CORE,MIDCPNIFTY,14633.4,0.92,53,14550,0.57
2026-07-29 09:20:37,BUY-CORE,BSE,3483.3,0.92,73,3600,-3.24
2026-07-29 09:20:38,BUY,RELIANCE,1274.3,1.04,100,1290,-1.22
2026-07-29 09:20:38,BUY-CORE,RELIANCE,1274.3,1.04,100,1290,-1.22
2026-07-29 09:20:39,BUY-CORE,SBIN,1019.1,0.91,73,1020,-0.09
2026-07-29 09:20:40,BUY-CORE,HDFCBANK,743.0,0.73,73,750,-0.93
2026-07-29 09:20:42,BUY-CORE,MCX,2742.5,0.86,73,2800,-2.05
2026-07-29 09:20:42,BUY-CORE,ICICIBANK,1435.1,0.56,57,1450,-1.03
2026-07-29 09:20:43,BUY-CORE,BAJFINANCE,1064.0,0.71,73,1060,0.38
2026-07-29 09:20:44,BUY-CORE,TCS,2436.0,0.58,57,2440,-0.16
2026-07-29 09:20:45,BUY-CORE,INFY,1137.2,0.7,57,1100,3.38
2026-07-29 09:20:47,BUY-CORE,WIPRO,181.83,0.59,57,180,1.02
2026-07-29 09:20:48,BUY-CORE,TATASTEEL,184.02,0.89,73,185,-0.53
2026-07-29 09:20:49,BUY-CORE,BHARTIARTL,1928.0,0.73,73,1920,0.42
2026-07-29 09:20:51,BUY-CORE,VEDL,261.7,0.86,73,265,-1.25
2026-07-29 09:20:52,BUY-CORE,BANKBARODA,241.1,0.97,53,250,-3.56
2026-07-29 09:20:53,BUY-CORE,HINDZINC,529.65,0.76,73,540,-1.92
2026-07-29 09:20:55,BUY-CORE,SHRIRAMFIN,1044.1,0.49,44,1060,-1.5
2026-07-29 09:20:57,BUY-CORE,PFC,420.3,0.67,57,420,0.07
2026-07-29 09:20:58,BUY-CORE,ULTRACEMCO,12066.0,0.4,57,12200,-1.1
2026-07-29 09:20:59,SELL,BEL,390.1,0.74,27,400,-2.47
2026-07-29 09:21:00,SELL-CORE,BEL,390.1,0.74,27,400,-2.47
2026-07-29 09:21:00,BUY-CORE,ITC,285.5,0.82,73,290,-1.55
2026-07-29 09:21:02,SELL-CORE,ANGELONE,302.1,1.13,27,305,-0.95
2026-07-29 09:21:03,BUY-CORE,DIXON,13975.0,0.67,57,14250,-1.93
2026-07-29 09:21:04,SELL,CGPOWER,832.65,0.64,0,900,-7.48
2026-07-29 09:21:04,SELL-CORE,CGPOWER,832.65,0.64,0,900,-7.48
2026-07-29 09:21:05,BUY,NHPC,78.85,1.04,100,78,1.09
2026-07-29 09:21:06,BUY-CORE,NHPC,78.85,1.04,100,78,1.09
2026-07-29 09:21:07,BUY-CORE,MARUTI,13846.0,0.42,57,14000,-1.1
2026-07-29 09:21:08,BUY-CORE,SAIL,170.8,0.54,57,170,0.47
2026-07-29 09:21:09,BUY-CORE,KOTAKBANK,387.75,0.73,73,390,-0.58
2026-07-29 09:21:10,BUY,NMDC,84.9,1.1,100,85,-0.12
2026-07-29 09:21:11,BUY-CORE,NMDC,84.9,1.1,100,85,-0.12
2026-07-29 09:21:12,BUY-CORE,RECLTD,370.2,0.66,57,370,0.05
2026-07-29 09:21:13,SELL,TRENT,2925.1,0.64,0,3000,-2.5
2026-07-29 09:21:13,SELL-CORE,TRENT,2925.1,0.64,0,3000,-2.5
2026-07-29 09:21:14,BUY-CORE,NTPC,344.9,0.89,73,350,-1.46
2026-07-29 09:21:17,BUY,AMBER,7325.5,1.18,100,7300,0.35
2026-07-29 09:21:17,BUY-CORE,AMBER,7325.5,1.18,100,7300,0.35
2026-07-29 09:21:20,BUY-CORE,EICHERMOT,7889.0,0.68,57,8000,-1.39
2026-07-29 09:21:21,BUY-CORE,ADANIPORTS,1787.2,0.93,73,1800,-0.71
2026-07-29 09:21:22,BUY-CORE,FEDERALBNK,359.2,0.7,57,355,1.18
2026-07-29 09:21:24,BUY-CORE,HDFCAMC,2545.5,0.93,73,2600,-2.1
2026-07-29 09:21:25,BUY-CORE,PNB,111.98,0.71,73,113,-0.9
2026-07-29 09:21:27,BUY-CORE,BAJAJFINSV,1938.1,0.49,57,1980,-2.12
2026-07-29 09:21:28,BUY-CORE,LUPIN,2421.8,0.68,57,2460,-1.55
2026-07-29 09:21:30,BUY-CORE,HDFCLIFE,560.15,0.48,57,570,-1.73
2026-07-29 09:21:32,BUY-CORE,GRASIM,3146.5,0.51,57,3200,-1.67
2026-07-29 09:21:35,SELL,IDFCFIRSTB,85.72,0.5,22,90,-4.76
2026-07-29 09:21:36,SELL-CORE,IDFCFIRSTB,85.72,0.5,22,90,-4.76
2026-07-29 09:21:37,SELL,ONGC,239.2,0.7,0,245,-2.37
2026-07-29 09:21:38,SELL-CORE,ONGC,239.2,0.7,0,245,-2.37
2026-07-29 09:21:40,BUY-CORE,DLF,667.05,0.53,57,670,-0.44
2026-07-29 09:21:41,BUY-CORE,AUBANK,1051.8,0.82,53,1040,1.13
2026-07-29 09:21:42,BUY-CORE,AUROPHARMA,1566.7,0.97,73,1520,3.07
2026-07-29 09:21:43,BUY-CORE,NESTLEIND,1502.4,0.43,57,1500,0.16
2026-07-29 09:21:45,SELL-CORE,ABB,7214.0,0.98,0,7400,-2.51
2026-07-29 09:21:46,SELL,MUTHOOTFIN,3001.0,0.61,0,3100,-3.19
2026-07-29 09:21:47,SELL-CORE,MUTHOOTFIN,3001.0,0.61,0,3100,-3.19
2026-07-29 09:21:47,BUY,INDUSINDBK,999.8,1.09,100,1000,-0.02
2026-07-29 09:21:48,BUY-CORE,INDUSINDBK,999.8,1.09,100,1000,-0.02
2026-07-29 09:21:51,BUY-CORE,APOLLOHOSP,8960.0,0.48,57,9000,-0.44
2026-07-29 09:21:54,SELL,MARICO,880.2,0.55,0,890,-1.1
2026-07-29 09:21:54,SELL-CORE,MARICO,880.2,0.55,0,890,-1.1
2026-07-29 09:21:55,BUY,MAZDOCK,2307.0,1.06,100,2300,0.3
2026-07-29 09:21:56,BUY-CORE,MAZDOCK,2307.0,1.06,100,2300,0.3
2026-07-29 09:21:57,BUY-CORE,RBLBANK,366.45,0.68,57,370,-0.96
2026-07-29 09:21:58,BUY-CORE,ABCAPITAL,394.6,0.93,73,400,-1.35
2026-07-29 09:22:01,BUY-CORE,SBILIFE,1897.4,0.5,57,1900,-0.14
2026-07-29 09:22:03,BUY-CORE,BANDHANBNK,169.6,0.71,73,180,-5.78
2026-07-29 09:22:04,BUY-CORE,OIL,444.75,0.8,53,450,-1.17
2026-07-29 09:22:05,BUY,JINDALSTEL,1068.2,1.12,100,1060,0.77
2026-07-29 09:22:06,BUY-CORE,JINDALSTEL,1068.2,1.12,100,1060,0.77
2026-07-29 09:22:08,BUY-CORE,TATACONSUM,1096.0,0.83,73,1100,-0.36
2026-07-29 09:22:10,BUY-CORE,GODREJPROP,2156.6,0.46,57,2160,-0.16
2026-07-29 09:22:14,COIL,DRREDDY,1135.3,1.13,47,1150,-1.28
2026-07-29 09:22:17,SELL-CORE,PHOENIXLTD,1944.3,2.39,56,1900,2.33
2026-07-29 09:22:20,SELL-CORE,PETRONET,275.8,1.36,43,275,0.29
2026-07-29 09:22:22,BUY-CORE,INDHOTEL,737.1,0.78,73,740,-0.39
2026-07-29 09:22:23,BUY-CORE,BHARATFORG,2176.2,0.97,73,2160,0.75
2026-07-29 09:22:24,BUY-CORE,MANAPPURAM,362.05,0.48,57,360,0.57
2026-07-29 09:22:27,SELL,IEX,132.33,0.65,0,132.5,-0.13
2026-07-29 09:22:28,SELL-CORE,IEX,132.33,0.65,0,132.5,-0.13
2026-07-29 09:22:31,BUY-CORE,JUBLFOOD,435.6,0.59,57,430,1.3
2026-07-29 09:22:33,BUY-CORE,MOTILALOFS,858.95,0.78,73,900,-4.56
2026-07-29 09:22:36,BUY,UNITDSPR,1508.5,1.02,100,1500,0.57
2026-07-29 09:22:37,BUY-CORE,UNITDSPR,1508.5,1.02,100,1500,0.57
2026-07-29 09:25:26,BUY,FINNIFTY,26176.2,1.52,78,26000,0.68
2026-07-29 09:25:26,BUY-CORE,FINNIFTY,26176.2,1.52,78,26000,0.68
2026-07-29 09:25:29,BUY-CORE,ADANIENT,3022.0,0.72,73,3100,-2.52
2026-07-29 09:25:34,BUY-CORE,ADANIENSOL,1662.3,0.43,57,1700,-2.22
2026-07-29 09:25:36,BUY-CORE,ADANIPOWER,209.5,0.88,73,215,-2.56
2026-07-29 09:25:42,SELL-CORE,COALINDIA,407.5,1.0,27,415,-1.81
2026-07-29 09:25:59,SELL,POLYCAB,9110.5,0.62,22,9200,-0.97
2026-07-29 09:25:59,SELL-CORE,POLYCAB,9110.5,0.62,22,9200,-0.97
2026-07-29 09:26:01,BUY-CORE,KAYNES,3302.1,0.52,44,3300,0.06
2026-07-29 09:26:06,SELL,HAL,4587.4,0.73,0,4600,-0.27
2026-07-29 09:26:06,SELL-CORE,HAL,4587.4,0.73,0,4600,-0.27
2026-07-29 09:26:08,BUY-CORE,JSWSTEEL,1260.5,0.63,57,1300,-3.04
2026-07-29 09:26:10,SELL-CORE,POWERGRID,283.8,0.91,0,290,-2.14
2026-07-29 09:26:13,SELL,TORNTPHARM,4896.8,0.58,22,5000,-2.06
2026-07-29 09:26:13,SELL-CORE,TORNTPHARM,4896.8,0.58,22,5000,-2.06
2026-07-29 09:26:15,COIL,VOLTAS,1311.2,1.11,64,1320,-0.67
2026-07-29 09:26:19,BUY,UPL,607.75,1.08,100,610,-0.37
2026-07-29 09:26:19,BUY-CORE,UPL,607.75,1.08,100,610,-0.37
2026-07-29 09:26:22,BUY,FORTIS,951.4,1.01,100,950,0.15
2026-07-29 09:26:22,BUY-CORE,FORTIS,951.4,1.01,100,950,0.15
2026-07-29 09:26:27,BUY-CORE,ICICIGI,1688.3,0.96,73,1660,1.7
2026-07-29 09:26:29,BUY-CORE,LICI,427.0,0.52,57,440,-2.95
2026-07-29 09:26:33,BUY-CORE,UNOMINDA,1178.5,0.45,57,1200,-1.79
2026-07-29 09:26:39,BUY,ZYDUSLIFE,1105.3,1.06,100,1100,0.48
2026-07-29 09:26:39,BUY-CORE,ZYDUSLIFE,1105.3,1.06,100,1100,0.48
2026-07-29 09:26:44,BUY-CORE,ICICIPRULI,510.95,0.69,44,510,0.19
2026-07-29 09:26:47,SELL,CAMS,793.5,0.72,0,800,-0.81
2026-07-29 09:26:47,SELL-CORE,CAMS,793.5,0.72,0,800,-0.81
2026-07-29 09:26:54,BUY-CORE,IREDA,120.55,0.65,57,122.5,-1.59
2026-07-29 09:26:55,SELL,ASTRAL,1467.3,0.7,0,1460,0.5
2026-07-29 09:26:55,SELL-CORE,ASTRAL,1467.3,0.7,0,1460,0.5
2026-07-29 09:27:01,BUY-CORE,COLPAL,2155.8,0.58,57,2180,-1.11
2026-07-29 09:27:02,BUY-CORE,PIIND,2727.0,0.99,73,2700,1.0
2026-07-29 09:31:14,SELL-CORE,AXISBANK,1219.1,0.86,0,1260,-3.25
2026-07-29 09:31:22,COIL,HINDALCO,940.2,1.08,64,960,-2.06
2026-07-29 09:31:31,BUY,TMPV,327.3,1.04,100,330,-0.82
2026-07-29 09:31:39,SELL-CORE,ADANIPORTS,1771.7,0.89,0,1800,-1.57
2026-07-29 09:31:40,BUY,INDIANB,834.5,1.28,73,820,1.77
2026-07-29 09:31:40,BUY-CORE,INDIANB,834.5,1.28,73,820,1.77
2026-07-29 09:31:44,SELL,PNB,111.29,0.69,0,112,-0.63
2026-07-29 09:31:44,SELL-CORE,PNB,111.29,0.69,0,112,-0.63
2026-07-29 09:31:48,BUY-CORE,HDFCLIFE,560.2,0.48,44,570,-1.72
2026-07-29 09:32:03,BUY-CORE,LICHSGFIN,549.15,0.86,73,550,-0.15
2026-07-29 09:32:09,SELL,RBLBANK,364.8,0.68,36,370,-1.41
2026-07-29 09:32:10,SELL-CORE,RBLBANK,364.8,0.68,36,370,-1.41
2026-07-29 09:32:11,COIL,CDSL,1348.8,1.05,64,1360,-0.82
2026-07-29 09:32:14,BUY-CORE,MAXHEALTH,1118.5,0.68,57,1100,1.68
2026-07-29 09:32:19,BUY,JINDALSTEL,1060.2,1.1,100,1060,0.02
2026-07-29 09:32:19,BUY-CORE,JINDALSTEL,1060.2,1.1,100,1060,0.02
2026-07-29 09:32:20,SELL,PRESTIGE,1685.4,0.42,0,1700,-0.86
2026-07-29 09:32:21,SELL-CORE,PRESTIGE,1685.4,0.42,0,1700,-0.86
2026-07-29 09:32:24,BUY,GLENMARK,2223.5,1.15,100,2200,1.07
2026-07-29 09:32:24,BUY-CORE,GLENMARK,2223.5,1.15,100,2200,1.07
2026-07-29 09:32:30,COIL,DRREDDY,1135.9,1.12,47,1150,-1.23
2026-07-29 09:32:34,BUY-CORE,BRITANNIA,5567.5,0.49,57,5600,-0.58
2026-07-29 09:32:43,BUY-CORE,IEX,132.79,0.65,57,132.5,0.22
2026-07-29 09:32:45,BUY-CORE,GODREJCP,1080.2,0.43,57,1100,-1.8
2026-07-29 09:32:49,SELL,MOTILALOFS,857.8,0.77,27,900,-4.69
2026-07-29 09:32:50,SELL-CORE,MOTILALOFS,857.8,0.77,27,900,-4.69
2026-07-29 09:32:52,BUY-CORE,DALBHARAT,1830.5,0.63,57,1860,-1.59
2026-07-29 09:35:35,SELL,AXISBANK,1219.9,0.85,27,1260,-3.18
2026-07-29 09:35:44,SELL,COALINDIA,407.8,0.8,0,420,-2.9
2026-07-29 09:35:45,SELL,BEL,386.1,0.78,0,400,-3.47
2026-07-29 09:35:45,SELL-CORE,BEL,386.1,0.78,0,400,-3.47
2026-07-29 09:35:51,SELL-CORE,KOTAKBANK,387.0,0.78,42,390,-0.77
2026-07-29 09:35:58,BUY-CORE,NBCC,94.87,0.64,44,100,-5.13
2026-07-29 09:36:09,SELL-CORE,LTF,305.3,0.95,0,310,-1.52
2026-07-29 09:36:14,SELL-CORE,MOTHERSON,145.82,1.09,27,145,0.57
2026-07-29 09:36:16,SELL,TORNTPHARM,4895.9,0.6,22,5000,-2.08
2026-07-29 09:36:17,SELL-CORE,TORNTPHARM,4895.9,0.6,22,5000,-2.08
2026-07-29 09:36:19,BUY-CORE,BANKINDIA,137.03,0.87,53,140,-2.12
2026-07-29 09:36:29,BUY,ABCAPITAL,391.9,1.04,73,400,-2.03
2026-07-29 09:36:29,COIL,ABCAPITAL,391.9,1.04,73,400,-2.03
2026-07-29 09:36:46,BUY-CORE,MPHASIS,2423.0,0.36,44,2450,-1.1
2026-07-29 09:37:01,BUY-CORE,MANKIND,2614.9,0.31,44,2640,-0.95
2026-07-29 09:40:47,BUY-CORE,ICICIBANK,1432.4,0.6,44,1450,-1.21
2026-07-29 09:40:51,BUY-CORE,ADANIPOWER,208.7,0.88,73,215,-2.93
2026-07-29 09:41:13,BUY-CORE,FEDERALBNK,358.25,0.7,44,355,0.92
2026-07-29 09:41:29,SELL-CORE,VOLTAS,1309.0,1.35,56,1300,0.69
2026-07-29 09:41:33,BUY-CORE,LICHSGFIN,547.6,0.84,53,550,-0.44
2026-07-29 09:41:38,SELL-CORE,MAZDOCK,2302.2,1.05,47,2300,0.1
2026-07-29 09:41:45,SELL,OIL,444.0,0.8,27,450,-1.33
2026-07-29 09:41:45,SELL-CORE,OIL,444.0,0.8,27,450,-1.33
2026-07-29 09:41:59,BUY-CORE,ICICIPRULI,512.75,0.66,57,515,-0.44
2026-07-29 09:42:09,BUY-CORE,GODFRYPHLP,2060.8,0.51,57,2150,-4.15
2026-07-29 09:42:13,BUY-CORE,SRF,2642.7,0.95,53,2700,-2.12
2026-07-29 09:42:16,BUY-CORE,PIIND,2738.4,0.99,73,2700,1.42
2026-07-29 09:45:51,SELL,AXISBANK,1217.5,0.85,27,1260,-3.37
2026-07-29 09:45:55,BUY-CORE,CANBK,125.39,0.71,73,130,-3.55
2026-07-29 09:45:59,BUY-CORE,PFC,421.45,0.66,57,425,-0.84
2026-07-29 09:46:28,COIL,VOLTAS,1311.4,1.06,64,1320,-0.65
2026-07-29 09:46:29,BUY-CORE,BANKINDIA,137.55,0.87,53,140,-1.75
2026-07-29 09:46:34,SELL,DMART,3836.7,0.74,27,4000,-4.08
2026-07-29 09:46:35,SELL-CORE,DMART,3836.7,0.74,27,4000,-4.08
2026-07-29 09:46:36,BUY-CORE,FORTIS,956.5,0.64,57,960,-0.36
2026-07-29 09:46:38,BUY,MAZDOCK,2309.0,1.05,100,2300,0.39
2026-07-29 09:46:39,BUY-CORE,MAZDOCK,2309.0,1.05,100,2300,0.39
2026-07-29 09:46:40,BUY-CORE,CDSL,1351.5,0.97,73,1360,-0.62
2026-07-29 09:46:43,BUY-CORE,SBILIFE,1890.9,0.52,44,1900,-0.48
2026-07-29 09:46:52,COIL,PNBHOUSING,1070.8,1.02,64,1080,-0.85
2026-07-29 09:46:55,BUY-CORE,PGEL,588.45,0.45,44,620,-5.09
2026-07-29 09:47:09,BUY-CORE,MOTILALOFS,862.5,0.77,53,900,-4.17
2026-07-29 09:47:12,BUY-CORE,COLPAL,2151.5,0.61,44,2160,-0.39
2026-07-29 09:51:00,SELL,BEL,384.95,0.77,0,400,-3.76
2026-07-29 09:51:00,SELL-CORE,BEL,384.95,0.77,0,400,-3.76
2026-07-29 09:51:04,BUY,NHPC,79.0,1.0,100,78,1.28
2026-07-29 09:51:05,BUY-CORE,NHPC,79.0,1.0,100,78,1.28
2026-07-29 09:51:12,BUY-CORE,ASHOKLEY,157.71,0.81,53,160,-1.43
2026-07-29 09:51:17,BUY-CORE,HDFCAMC,2544.0,0.91,73,2600,-2.15
2026-07-29 09:51:18,BUY-CORE,RVNL,227.17,0.9,73,230,-1.23
2026-07-29 09:51:21,SELL,BAJAJFINSV,1925.2,0.52,22,1960,-1.78
2026-07-29 09:51:21,SELL-CORE,BAJAJFINSV,1925.2,0.52,22,1960,-1.78
2026-07-29 09:51:35,BUY-CORE,APLAPOLLO,1863.4,0.84,73,1840,1.27
2026-07-29 09:51:48,SELL,BANDHANBNK,168.18,0.7,22,180,-6.57
2026-07-29 09:51:49,SELL-CORE,BANDHANBNK,168.18,0.7,22,180,-6.57
2026-07-29 09:51:55,BUY-CORE,TATAPOWER,374.35,0.66,57,380,-1.49
2026-07-29 09:51:56,SELL,BIOCON,429.85,0.75,0,440,-2.31
2026-07-29 09:51:57,SELL-CORE,BIOCON,429.85,0.75,0,440,-2.31
2026-07-29 09:52:02,BUY-CORE,HAVELLS,1233.9,0.62,57,1240,-0.49
2026-07-29 09:52:03,BUY-CORE,NAM-INDIA,1170.6,0.56,57,1200,-2.45
2026-07-29 09:52:18,SELL,OBEROIRLTY,1829.1,0.38,22,1900,-3.73
2026-07-29 09:52:19,SELL-CORE,OBEROIRLTY,1829.1,0.38,22,1900,-3.73
2026-07-29 09:55:46,SELL,SHRIRAMFIN,1038.5,0.47,22,1060,-2.03
2026-07-29 09:55:46,SELL-CORE,SHRIRAMFIN,1038.5,0.47,22,1060,-2.03
2026-07-29 09:55:53,BUY-CORE,ASIANPAINT,2755.2,0.45,57,2800,-1.6
2026-07-29 09:56:03,BUY,INDIANB,838.85,1.09,73,830,1.07
2026-07-29 09:56:03,BUY-CORE,INDIANB,838.85,1.09,73,830,1.07
2026-07-29 09:56:04,BUY-CORE,FEDERALBNK,358.4,0.7,44,355,0.96
2026-07-29 09:56:06,SELL,360ONE,1126.0,0.81,0,1140,-1.23
2026-07-29 09:56:07,SELL-CORE,360ONE,1126.0,0.81,0,1140,-1.23
2026-07-29 09:56:08,SELL,PNB,111.77,0.69,22,113,-1.09
2026-07-29 09:56:08,SELL-CORE,PNB,111.77,0.69,22,113,-1.09
2026-07-29 09:56:14,SELL-CORE,LTF,306.65,0.95,0,305,0.54
2026-07-29 09:56:21,COIL,VOLTAS,1311.0,1.01,64,1320,-0.68
2026-07-29 09:56:26,BUY-CORE,APOLLOHOSP,8918.0,0.75,53,8900,0.2
2026-07-29 09:56:31,BUY-CORE,GAIL,175.02,0.49,44,180,-2.77
2026-07-29 09:56:34,BUY-CORE,CROMPTON,248.35,0.8,53,255,-2.61
2026-07-29 09:56:37,SELL,PRESTIGE,1687.2,0.45,0,1700,-0.75
2026-07-29 09:56:38,SELL-CORE,PRESTIGE,1687.2,0.45,0,1700,-0.75
2026-07-29 09:56:39,BUY-CORE,UNOMINDA,1171.9,0.44,57,1200,-2.34
2026-07-29 09:56:45,COIL,DRREDDY,1139.6,1.08,64,1150,-0.9
2026-07-29 09:56:51,BUY,PETRONET,277.9,1.28,73,280,-0.75
2026-07-29 09:56:51,BUY-CORE,PETRONET,277.9,1.28,73,280,-0.75
2026-07-29 09:57:04,BUY-CORE,MANKIND,2631.0,0.32,44,2640,-0.34
2026-07-29 09:57:04,SELL,COLPAL,2136.0,0.65,22,2160,-1.11
2026-07-29 09:57:05,SELL-CORE,COLPAL,2136.0,0.65,22,2160,-1.11
2026-07-29 10:01:01,BUY,RELIANCE,1273.2,1.03,100,1290,-1.3
2026-07-29 10:01:04,SELL,ADANIGREEN,1373.1,0.79,0,1400,-1.92
2026-07-29 10:01:04,SELL-CORE,ADANIGREEN,1373.1,0.79,0,1400,-1.92
2026-07-29 10:01:06,SELL,BAJFINANCE,1051.1,0.72,27,1050,0.1
2026-07-29 10:01:07,SELL-CORE,BAJFINANCE,1051.1,0.72,27,1050,0.1
2026-07-29 10:01:10,SELL,ADANIENSOL,1645.9,0.54,36,1700,-3.18
2026-07-29 10:01:10,SELL-CORE,ADANIENSOL,1645.9,0.54,36,1700,-3.18
2026-07-29 10:01:20,SELL,BEL,385.15,0.76,0,400,-3.71
2026-07-29 10:01:21,SELL-CORE,BEL,385.15,0.76,0,400,-3.71
2026-07-29 10:01:22,SELL-CORE,SUNPHARMA,1966.2,0.96,0,1980,-0.7
2026-07-29 10:01:23,SELL-CORE,ANGELONE,302.15,1.0,47,305,-0.93
2026-07-29 10:01:31,SELL-CORE,INDIGO,5251.0,0.96,0,5200,0.98
2026-07-29 10:01:40,BUY-CORE,PNB,112.0,0.69,44,113,-0.88
2026-07-29 10:01:44,SELL,PATANJALI,344.45,0.61,22,350,-1.59
2026-07-29 10:01:45,SELL-CORE,PATANJALI,344.45,0.61,22,350,-1.59
2026-07-29 10:01:51,BUY-CORE,ONGC,239.09,0.7,36,245,-2.41
2026-07-29 10:01:51,SELL,ONGC,239.09,0.7,36,245,-2.41
2026-07-29 10:01:52,SELL-CORE,ONGC,239.09,0.7,36,245,-2.41
2026-07-29 10:01:55,BUY-CORE,AUBANK,1052.0,0.82,53,1040,1.15
2026-07-29 10:01:57,SELL-CORE,VOLTAS,1309.6,1.28,47,1300,0.74
2026-07-29 10:02:08,COIL,ABCAPITAL,392.1,1.0,64,400,-1.97
2026-07-29 10:02:10,SELL-CORE,ICICIGI,1680.0,1.0,47,1660,1.2
2026-07-29 10:02:12,SELL,SBILIFE,1887.0,0.67,36,1900,-0.68
2026-07-29 10:02:12,SELL-CORE,SBILIFE,1887.0,0.67,36,1900,-0.68
2026-07-29 10:02:16,BUY-CORE,JINDALSTEL,1087.7,0.97,73,1080,0.71
2026-07-29 10:02:22,SELL,BIOCON,428.7,0.75,0,440,-2.57
2026-07-29 10:02:22,SELL-CORE,BIOCON,428.7,0.75,0,440,-2.57
2026-07-29 10:02:25,SELL-CORE,DRREDDY,1136.7,1.08,47,1150,-1.16
2026-07-29 10:02:32,SELL-CORE,PETRONET,277.85,1.27,58,280,-0.77
2026-07-29 10:02:32,COIL,PETRONET,277.85,1.27,58,280,-0.77
2026-07-29 10:02:37,SELL,PIDILITIND,1620.0,0.29,0,1700,-4.71
2026-07-29 10:02:37,SELL-CORE,PIDILITIND,1620.0,0.29,0,1700,-4.71
2026-07-29 10:05:42,BUY-CORE,BAJFINANCE,1054.2,0.73,53,1050,0.4
2026-07-29 10:05:57,BUY,TMPV,327.2,1.02,100,330,-0.85
2026-07-29 10:06:11,BUY-CORE,PATANJALI,344.0,0.62,36,350,-1.71
2026-07-29 10:06:23,SELL,MUTHOOTFIN,3012.8,0.62,0,3100,-2.81
2026-07-29 10:06:24,SELL-CORE,MUTHOOTFIN,3012.8,0.62,0,3100,-2.81
2026-07-29 10:06:43,BUY,ZYDUSLIFE,1105.4,1.0,100,1100,0.49
2026-07-29 10:06:43,BUY-CORE,ZYDUSLIFE,1105.4,1.0,100,1100,0.49
2026-07-29 10:06:49,BUY-CORE,ICICIPRULI,512.75,0.69,57,515,-0.44
2026-07-29 10:07:01,BUY-CORE,SUPREMEIND,3421.4,0.75,53,3500,-2.25
2026-07-29 10:07:04,SELL,COLPAL,2125.4,0.6,0,2160,-1.6
2026-07-29 10:07:04,SELL-CORE,COLPAL,2125.4,0.6,0,2160,-1.6
2026-07-29 10:07:06,BUY-CORE,PIIND,2738.3,0.98,73,2700,1.42
2026-07-29 10:10:39,BUY,NIFTY,24222.05,1.0,100,24200,0.09
2026-07-29 10:10:48,SELL,BHEL,402.4,0.83,0,410,-1.85
2026-07-29 10:10:49,SELL-CORE,BHEL,402.4,0.83,0,410,-1.85
2026-07-29 10:10:55,SELL,COALINDIA,410.45,0.78,27,420,-2.27
2026-07-29 10:10:56,SELL-CORE,COALINDIA,410.45,0.78,27,420,-2.27
2026-07-29 10:11:13,BUY-CORE,BAJAJFINSV,1930.3,0.53,44,1960,-1.52
2026-07-29 10:11:24,SELL-CORE,VOLTAS,1306.3,1.3,43,1300,0.48
2026-07-29 10:11:39,BUY,JINDALSTEL,1086.6,1.03,100,1080,0.61
2026-07-29 10:11:40,BUY-CORE,PRESTIGE,1688.8,0.5,44,1700,-0.66
2026-07-29 10:11:43,BUY-CORE,GODREJPROP,2155.3,0.46,57,2160,-0.22
2026-07-29 10:11:45,SELL-CORE,PNBHOUSING,1064.3,1.13,27,1060,0.41
2026-07-29 10:12:02,BUY-CORE,MOTILALOFS,863.25,0.76,73,900,-4.08
2026-07-29 10:16:00,SELL,M&M,3269.3,0.76,27,3300,-0.93
2026-07-29 10:16:00,SELL-CORE,M&M,3269.3,0.76,27,3300,-0.93
2026-07-29 10:16:05,BUY-CORE,SUNPHARMA,1975.0,0.7,44,2000,-1.25
2026-07-29 10:16:16,SELL,ASHOKLEY,157.2,0.81,0,160,-1.75
2026-07-29 10:16:16,SELL-CORE,ASHOKLEY,157.2,0.81,0,160,-1.75
2026-07-29 10:16:23,SELL-CORE,PNB,112.03,0.77,42,113,-0.86
2026-07-29 10:16:29,BUY-CORE,UNIONBANK,171.34,0.81,73,175,-2.09
2026-07-29 10:16:42,SELL,BPCL,318.25,0.68,0,320,-0.55
2026-07-29 10:16:43,SELL-CORE,BPCL,318.25,0.68,0,320,-0.55
2026-07-29 10:16:45,BUY-CORE,APOLLOHOSP,8948.5,0.75,73,8900,0.54
2026-07-29 10:16:51,SELL,GAIL,175.02,0.5,22,180,-2.77
2026-07-29 10:16:51,SELL-CORE,GAIL,175.02,0.5,22,180,-2.77
2026-07-29 10:17:05,COIL,DRREDDY,1139.4,1.08,64,1150,-0.92
2026-07-29 10:17:20,SELL,ASTRAL,1466.1,0.69,22,1480,-0.94
2026-07-29 10:17:20,SELL-CORE,ASTRAL,1466.1,0.69,22,1480,-0.94
2026-07-29 10:17:26,SELL,OBEROIRLTY,1825.5,0.36,22,1900,-3.92
2026-07-29 10:17:27,SELL-CORE,OBEROIRLTY,1825.5,0.36,22,1900,-3.92
2026-07-29 10:21:11,BUY-CORE,PATANJALI,344.95,0.64,36,350,-1.44
2026-07-29 10:21:13,BUY-CORE,GRASIM,3122.7,0.38,44,3200,-2.42
2026-07-29 10:21:29,SELL,MARICO,874.75,0.55,0,900,-2.81
2026-07-29 10:21:30,SELL-CORE,MARICO,874.75,0.55,0,900,-2.81
2026-07-29 10:21:58,BUY-CORE,ASTRAL,1469.8,0.68,44,1480,-0.69
2026-07-29 10:22:00,SELL-CORE,SHREECEM,26835.0,1.05,47,27000,-0.61
2026-07-29 10:25:43,SELL,BHEL,401.85,0.83,0,410,-1.99
2026-07-29 10:25:43,SELL-CORE,BHEL,401.85,0.83,0,410,-1.99
2026-07-29 10:25:47,BUY-CORE,M&M,3282.7,0.74,53,3300,-0.52
2026-07-29 10:25:59,BUY,AMBER,7341.0,1.31,100,7200,1.96
2026-07-29 10:26:01,SELL,NBCC,94.54,0.56,22,100,-5.46
2026-07-29 10:26:02,SELL-CORE,NBCC,94.54,0.56,22,100,-5.46
2026-07-29 10:26:05,BUY-CORE,RVNL,225.07,0.88,73,230,-2.14
2026-07-29 10:26:08,SELL,BAJAJFINSV,1926.2,0.57,22,1960,-1.72
2026-07-29 10:26:08,SELL-CORE,BAJAJFINSV,1926.2,0.57,22,1960,-1.72
2026-07-29 10:26:14,SELL,INDUSTOWER,381.35,0.64,22,390,-2.22
2026-07-29 10:26:14,SELL-CORE,INDUSTOWER,381.35,0.64,22,390,-2.22
2026-07-29 10:26:16,SELL,IDFCFIRSTB,85.4,0.58,22,88,-2.95
2026-07-29 10:26:16,SELL-CORE,IDFCFIRSTB,85.4,0.58,22,88,-2.95
2026-07-29 10:26:18,BUY-CORE,ONGC,238.91,0.69,36,245,-2.49
2026-07-29 10:26:37,BUY-CORE,UNOMINDA,1164.0,0.49,44,1200,-3.0
2026-07-29 10:26:42,BUY,ZYDUSLIFE,1109.3,1.0,100,1100,0.85
2026-07-29 10:26:43,SELL-CORE,DRREDDY,1138.0,1.07,47,1150,-1.04
2026-07-29 10:26:59,BUY-CORE,DALBHARAT,1820.7,0.63,44,1860,-2.11
2026-07-29 10:31:18,COIL,RELIANCE,1271.2,1.01,64,1290,-1.46
2026-07-29 10:31:27,SELL,CANBK,124.79,0.71,27,130,-4.01
2026-07-29 10:31:28,SELL-CORE,CANBK,124.79,0.71,27,130,-4.01
2026-07-29 10:31:42,BUY-CORE,TRENT,2933.8,0.64,36,3000,-2.21
2026-07-29 10:31:50,SELL-CORE,HDFCAMC,2533.1,0.9,27,2600,-2.57
2026-07-29 10:32:10,COIL,UPL,603.15,1.04,64,610,-1.12
2026-07-29 10:32:12,BUY,COCHINSHIP,1389.5,1.0,73,1400,-0.75
2026-07-29 10:32:12,BUY-CORE,COCHINSHIP,1389.5,1.0,73,1400,-0.75
2026-07-29 10:32:15,SELL-CORE,IOC,140.35,0.88,0,142.5,-1.51
2026-07-29 10:32:29,SELL,KFINTECH,962.0,0.65,0,960,0.21
2026-07-29 10:32:29,SELL-CORE,KFINTECH,962.0,0.65,0,960,0.21
2026-07-29 10:32:33,COIL,DRREDDY,1133.9,1.17,47,1140,-0.54
2026-07-29 10:32:37,SELL,CONCOR,524.4,0.64,22,525,-0.11
2026-07-29 10:32:37,SELL-CORE,CONCOR,524.4,0.64,22,525,-0.11
2026-07-29 10:32:43,BUY-CORE,INDHOTEL,734.7,0.84,53,740,-0.72
2026-07-29 10:32:50,SELL,ASTRAL,1467.9,0.69,36,1460,0.54
2026-07-29 10:32:50,SELL-CORE,ASTRAL,1467.9,0.69,36,1460,0.54
2026-07-29 10:32:55,SELL-CORE,SRF,2635.3,0.94,27,2700,-2.4
2026-07-29 10:35:31,BUY,RELIANCE,1272.2,1.01,100,1290,-1.38
2026-07-29 10:35:32,BUY-CORE,RELIANCE,1272.2,1.01,100,1290,-1.38
2026-07-29 10:35:39,BUY-CORE,ADANIPOWER,208.85,0.88,53,215,-2.86
2026-07-29 10:35:45,SELL,M&M,3273.3,0.76,27,3300,-0.81
2026-07-29 10:35:45,SELL-CORE,M&M,3273.3,0.76,27,3300,-0.81
2026-07-29 10:36:01,SELL,EICHERMOT,7823.5,0.54,22,8000,-2.21
2026-07-29 10:36:01,SELL-CORE,EICHERMOT,7823.5,0.54,22,8000,-2.21
2026-07-29 10:36:24,SELL,DMART,3845.1,0.81,27,3900,-1.41
2026-07-29 10:36:25,SELL-CORE,DMART,3845.1,0.81,27,3900,-1.41
2026-07-29 10:36:44,BUY-CORE,JSWENERGY,547.8,0.86,53,570,-3.89
2026-07-29 10:40:48,COIL,RELIANCE,1271.4,1.0,64,1290,-1.44
2026-07-29 10:40:51,SELL,ADANIGREEN,1375.6,0.79,27,1400,-1.74
2026-07-29 10:40:51,SELL-CORE,ADANIGREEN,1375.6,0.79,27,1400,-1.74
2026-07-29 10:40:58,SELL,BHEL,396.9,0.84,0,410,-3.2
2026-07-29 10:40:58,SELL-CORE,BHEL,396.9,0.84,0,410,-3.2
2026-07-29 10:41:07,SELL-CORE,ANGELONE,301.8,0.96,0,305,-1.05
2026-07-29 10:41:16,BUY,AMBER,7346.5,1.3,100,7200,2.03
2026-07-29 10:41:19,BUY-CORE,EICHERMOT,7847.0,0.54,44,8000,-1.91
2026-07-29 10:41:24,SELL,PNB,111.34,0.71,0,112,-0.59
2026-07-29 10:41:24,SELL-CORE,PNB,111.34,0.71,0,112,-0.59
2026-07-29 10:41:36,BUY-CORE,DLF,666.85,0.57,44,670,-0.47
2026-07-29 10:41:41,SELL,MUTHOOTFIN,3002.1,0.66,22,3100,-3.16
2026-07-29 10:41:41,SELL-CORE,MUTHOOTFIN,3002.1,0.66,22,3100,-3.16
2026-07-29 10:42:03,BUY,DRREDDY,1140.6,1.08,73,1150,-0.82
2026-07-29 10:42:03,BUY-CORE,DRREDDY,1140.6,1.08,73,1150,-0.82
2026-07-29 10:42:07,BUY-CORE,CONCOR,525.7,0.64,44,525,0.13
2026-07-29 10:42:18,SELL,ASTRAL,1462.3,0.7,36,1460,0.16
2026-07-29 10:42:19,SELL-CORE,ASTRAL,1462.3,0.7,36,1460,0.16
2026-07-29 10:42:21,COIL,SHREECEM,26830.0,1.01,64,27000,-0.63
2026-07-29 10:42:23,BUY-CORE,MOTILALOFS,860.95,0.77,53,900,-4.34
2026-07-29 10:45:45,SELL,ADANIENSOL,1652.2,0.45,22,1700,-2.81
2026-07-29 10:45:46,SELL-CORE,ADANIENSOL,1652.2,0.45,22,1700,-2.81
2026-07-29 10:45:52,SELL,M&M,3268.1,0.74,0,3300,-0.97
2026-07-29 10:45:52,SELL-CORE,M&M,3268.1,0.74,0,3300,-0.97
2026-07-29 10:45:56,SELL,BEL,384.55,0.73,27,400,-3.86
2026-07-29 10:45:56,SELL-CORE,BEL,384.55,0.73,27,400,-3.86
2026-07-29 10:46:28,BUY-CORE,LICHSGFIN,550.3,0.82,73,550,0.05
2026-07-29 10:46:43,BUY-CORE,GODREJPROP,2148.1,0.5,44,2160,-0.55
2026-07-29 10:46:55,SELL-CORE,BHARATFORG,2162.3,0.95,27,2160,0.11
2026-07-29 10:50:32,BUY,NIFTY,24220.85,1.15,100,24200,0.09
2026-07-29 10:50:36,COIL,SBIN,1014.8,1.0,64,1020,-0.51
2026-07-29 10:50:49,SELL-CORE,SUNPHARMA,1970.0,0.97,27,1980,-0.51
2026-07-29 10:50:58,BUY,AMBER,7339.0,1.31,100,7200,1.93
2026-07-29 10:50:59,BUY-CORE,ASHOKLEY,158.59,0.83,73,160,-0.88
2026-07-29 10:51:00,BUY-CORE,HEROMOTOCO,5208.7,0.52,57,5300,-1.72
2026-07-29 10:51:22,BUY,COCHINSHIP,1389.0,1.01,73,1400,-0.79
2026-07-29 10:51:26,BUY,CDSL,1357.0,1.0,100,1360,-0.22
2026-07-29 10:51:39,SELL-CORE,DRREDDY,1139.3,1.08,47,1150,-0.93
2026-07-29 10:51:43,BUY-CORE,MPHASIS,2429.7,0.43,57,2450,-0.83
2026-07-29 10:55:33,SELL,ADANIENSOL,1651.5,0.45,22,1700,-2.85
2026-07-29 10:55:33,SELL-CORE,ADANIENSOL,1651.5,0.45,22,1700,-2.85
2026-07-29 10:55:44,SELL,CGPOWER,830.3,0.58,22,900,-7.74
2026-07-29 10:55:44,SELL-CORE,CGPOWER,830.3,0.58,22,900,-7.74
2026-07-29 10:55:54,SELL,EICHERMOT,7820.5,0.53,22,8000,-2.24
2026-07-29 10:55:55,SELL-CORE,EICHERMOT,7820.5,0.53,22,8000,-2.24
2026-07-29 10:56:15,SELL,BPCL,318.0,0.67,0,320,-0.62
2026-07-29 10:56:15,SELL-CORE,BPCL,318.0,0.67,0,320,-0.62
2026-07-29 10:56:32,BUY,ZYDUSLIFE,1111.6,1.02,100,1100,1.05
2026-07-29 10:56:33,BUY-CORE,ZYDUSLIFE,1111.6,1.02,100,1100,1.05
2026-07-29 10:56:44,SELL,PAGEIND,39970.0,0.58,0,41000,-2.51
2026-07-29 10:56:44,SELL-CORE,PAGEIND,39970.0,0.58,0,41000,-2.51
2026-07-29 11:01:00,COIL,SBIN,1014.8,1.0,64,1020,-0.51
2026-07-29 11:01:01,SELL-CORE,ADANIENT,3003.0,0.87,27,3050,-1.54
2026-07-29 11:01:04,BUY,INFY,1160.7,1.17,100,1140,1.82
2026-07-29 11:01:10,SELL,SHRIRAMFIN,1039.7,0.45,22,1080,-3.73
2026-07-29 11:01:11,SELL-CORE,SHRIRAMFIN,1039.7,0.45,22,1080,-3.73
2026-07-29 11:01:21,SELL-CORE,NTPC,342.4,1.0,47,345,-0.75
2026-07-29 11:01:21,COIL,NTPC,342.4,1.0,47,345,-0.75
2026-07-29 11:01:49,SELL-CORE,MAZDOCK,2298.1,1.06,47,2300,-0.08
2026-07-29 11:01:51,SELL,GAIL,175.01,0.51,22,180,-2.77
2026-07-29 11:01:52,SELL-CORE,GAIL,175.01,0.51,22,180,-2.77
2026-07-29 11:02:00,BUY-CORE,GODREJPROP,2150.1,0.48,44,2160,-0.46
2026-07-29 11:05:50,SELL,CGPOWER,833.3,0.58,22,900,-7.41
2026-07-29 11:05:51,SELL-CORE,CGPOWER,833.3,0.58,22,900,-7.41
2026-07-29 11:06:30,BUY-CORE,GAIL,175.29,0.51,36,180,-2.62
2026-07-29 11:06:35,SELL-CORE,OIL,441.05,0.86,0,450,-1.99
2026-07-29 11:06:40,SELL,KEI,4843.5,0.69,0,4900,-1.15
2026-07-29 11:06:41,SELL-CORE,KEI,4843.5,0.69,0,4900,-1.15
2026-07-29 11:06:43,SELL-CORE,PNBHOUSING,1058.1,1.18,27,1060,-0.18
2026-07-29 11:06:46,BUY,DRREDDY,1143.6,1.07,100,1150,-0.56
2026-07-29 11:06:46,BUY-CORE,DRREDDY,1143.6,1.07,100,1150,-0.56
2026-07-29 11:06:48,BUY-CORE,JSWENERGY,547.3,0.86,53,570,-3.98
2026-07-29 11:10:41,BUY,NIFTY,24237.4,1.0,100,24200,0.15
2026-07-29 11:11:00,SELL,COALINDIA,409.7,0.75,27,420,-2.45
2026-07-29 11:11:00,SELL-CORE,COALINDIA,409.7,0.75,27,420,-2.45
2026-07-29 11:11:07,BUY-CORE,TMPV,328.35,0.89,73,330,-0.5
2026-07-29 11:11:13,BUY-CORE,ASHOKLEY,158.2,0.83,53,160,-1.13
2026-07-29 11:11:39,BUY-CORE,COCHINSHIP,1391.0,0.71,53,1400,-0.64
2026-07-29 11:12:04,SELL-CORE,PETRONET,276.3,1.34,56,275,0.47
2026-07-29 11:12:20,BUY,PIIND,2749.7,1.01,100,2700,1.84
2026-07-29 11:12:21,BUY-CORE,PIIND,2749.7,1.01,100,2700,1.84
2026-07-29 11:16:03,SELL-CORE,ANGELONE,301.8,0.97,0,305,-1.05
2026-07-29 11:16:49,COIL,DRREDDY,1142.4,1.07,64,1150,-0.66
2026-07-29 11:17:07,SELL,MANKIND,2603.7,0.63,22,2600,0.14
2026-07-29 11:17:07,SELL-CORE,MANKIND,2603.7,0.63,22,2600,0.14
2026-07-29 11:20:44,SELL,SHRIRAMFIN,1039.0,0.45,22,1080,-3.8
2026-07-29 11:20:44,SELL-CORE,SHRIRAMFIN,1039.0,0.45,22,1080,-3.8
2026-07-29 11:21:35,SELL,BIOCON,431.6,0.72,27,440,-1.91
2026-07-29 11:21:36,SELL-CORE,BIOCON,431.6,0.72,27,440,-1.91
2026-07-29 11:21:42,BUY-CORE,MPHASIS,2438.8,0.45,57,2450,-0.46
2026-07-29 11:21:54,BUY-CORE,SUPREMEIND,3425.6,0.71,53,3500,-2.13
2026-07-29 11:21:56,BUY-CORE,OBEROIRLTY,1838.7,0.34,44,1900,-3.23
2026-07-29 11:25:45,SELL,BHEL,400.5,0.71,0,410,-2.32
2026-07-29 11:25:45,SELL-CORE,BHEL,400.5,0.71,0,410,-2.32
2026-07-29 11:26:13,BUY-CORE,UNIONBANK,170.77,0.9,73,170,0.45
2026-07-29 11:26:20,SELL-CORE,AUBANK,1045.5,0.89,27,1040,0.53
2026-07-29 11:26:28,SELL,DMART,3849.0,0.81,27,3900,-1.31
2026-07-29 11:26:28,SELL-CORE,DMART,3849.0,0.81,27,3900,-1.31
2026-07-29 11:26:45,BUY,DRREDDY,1144.4,1.04,100,1150,-0.49
2026-07-29 11:26:46,BUY-CORE,DRREDDY,1144.4,1.04,100,1150,-0.49
2026-07-29 11:26:56,SELL,PIDILITIND,1609.9,0.37,0,1700,-5.3
2026-07-29 11:26:56,SELL-CORE,PIDILITIND,1609.9,0.37,0,1700,-5.3
2026-07-29 11:31:24,SELL,AXISBANK,1220.1,0.84,27,1260,-3.17
2026-07-29 11:31:25,SELL-CORE,AXISBANK,1220.1,0.84,27,1260,-3.17
2026-07-29 11:31:43,COIL,NTPC,342.5,1.01,64,345,-0.72
2026-07-29 11:32:08,SELL,ABB,7160.0,0.76,0,7400,-3.24
2026-07-29 11:32:31,COIL,DRREDDY,1141.7,1.04,73,1150,-0.72
2026-07-29 11:32:50,SELL,OBEROIRLTY,1830.7,0.33,22,1900,-3.65
2026-07-29 11:32:51,SELL-CORE,OBEROIRLTY,1830.7,0.33,22,1900,-3.65
2026-07-29 11:35:51,SELL-CORE,NTPC,342.4,1.01,47,345,-0.75
2026-07-29 11:35:52,SELL-CORE,INDIGO,5230.0,1.09,27,5200,0.58
2026-07-29 11:35:57,SELL,ADANIPORTS,1733.5,0.84,0,1800,-3.69
2026-07-29 11:36:24,SELL-CORE,MAXHEALTH,1107.5,0.72,42,1100,0.68
2026-07-29 11:36:41,SELL,CAMS,792.0,0.72,27,800,-1.0
2026-07-29 11:36:42,SELL-CORE,CAMS,792.0,0.72,27,800,-1.0
2026-07-29 11:40:46,SELL,TITAN,4840.0,0.71,27,4800,0.83
2026-07-29 11:40:47,SELL-CORE,TITAN,4840.0,0.71,27,4800,0.83
2026-07-29 11:41:02,BUY-CORE,ASHOKLEY,158.64,0.84,53,160,-0.85
2026-07-29 11:41:07,SELL,PNB,111.48,0.72,27,112,-0.46
2026-07-29 11:41:08,SELL-CORE,PNB,111.48,0.72,27,112,-0.46
2026-07-29 11:41:12,BUY-CORE,PATANJALI,345.05,0.64,57,350,-1.41
2026-07-29 11:41:23,SELL,ABB,7213.5,0.78,0,7400,-2.52
2026-07-29 11:41:24,SELL-CORE,ABB,7213.5,0.78,0,7400,-2.52
2026-07-29 11:41:34,SELL,MAXHEALTH,1106.9,0.73,27,1100,0.63
2026-07-29 11:41:42,SELL,KFINTECH,953.6,0.62,0,960,-0.67
2026-07-29 11:41:42,SELL-CORE,KFINTECH,953.6,0.62,0,960,-0.67
2026-07-29 11:42:00,COIL,SHREECEM,26800.0,1.06,64,27000,-0.74
2026-07-29 11:46:05,SELL-CORE,INDIGO,5246.0,1.09,47,5200,0.88
2026-07-29 11:46:33,BUY-CORE,APOLLOHOSP,8932.0,0.71,53,9000,-0.76
2026-07-29 11:46:38,BUY,CDSL,1348.9,1.08,100,1340,0.66
2026-07-29 11:46:41,BUY-CORE,MAXHEALTH,1109.2,0.72,73,1100,0.84
2026-07-29 11:46:53,BUY,BOSCHLTD,40935.0,1.13,73,41000,-0.16
2026-07-29 11:46:54,BUY-CORE,BOSCHLTD,40935.0,1.13,73,41000,-0.16
2026-07-29 11:47:14,SELL,OBEROIRLTY,1830.1,0.32,22,1900,-3.68
2026-07-29 11:47:15,SELL-CORE,OBEROIRLTY,1830.1,0.32,22,1900,-3.68
2026-07-29 11:47:17,BUY,PIIND,2726.3,1.0,100,2700,0.97
2026-07-29 11:50:35,BUY,NIFTY,24232.7,1.03,100,24200,0.14
2026-07-29 11:51:14,BUY-CORE,ONGC,239.74,0.68,36,245,-2.15
2026-07-29 11:51:23,BUY,COCHINSHIP,1389.7,1.01,73,1400,-0.74
2026-07-29 11:51:44,SELL,ICICIPRULI,508.8,0.73,27,510,-0.24
2026-07-29 11:51:44,SELL-CORE,ICICIPRULI,508.8,0.73,27,510,-0.24
2026-07-29 11:51:58,BUY-CORE,COLPAL,2192.9,0.59,57,2200,-0.32
2026-07-29 11:55:47,SELL,SHRIRAMFIN,1040.0,0.45,22,1080,-3.7
2026-07-29 11:55:48,SELL-CORE,SHRIRAMFIN,1040.0,0.45,22,1080,-3.7
2026-07-29 11:56:06,SELL,PNB,111.51,0.72,27,113,-1.32
2026-07-29 11:56:07,SELL-CORE,PNB,111.51,0.72,27,113,-1.32
2026-07-29 11:56:48,BUY-CORE,MANAPPURAM,362.45,0.52,44,360,0.68
2026-07-29 11:56:57,SELL-CORE,SRF,2635.2,0.94,27,2700,-2.4
2026-07-29 12:01:21,SELL,EICHERMOT,7821.0,0.53,0,8000,-2.24
2026-07-29 12:01:21,SELL-CORE,EICHERMOT,7821.0,0.53,0,8000,-2.24
2026-07-29 12:01:23,BUY-CORE,FEDERALBNK,358.5,0.72,53,355,0.99
2026-07-29 12:01:34,SELL,ONGC,239.85,0.68,36,245,-2.1
2026-07-29 12:01:34,SELL-CORE,ONGC,239.85,0.68,36,245,-2.1
2026-07-29 12:01:39,BUY-CORE,BANKINDIA,137.26,0.88,53,140,-1.96
2026-07-29 12:01:47,BUY,CDSL,1348.0,1.08,100,1340,0.6
2026-07-29 12:01:55,BUY,TATACONSUM,1094.8,1.12,100,1100,-0.47
2026-07-29 12:05:37,BUY-CORE,ADANIENSOL,1653.4,0.44,57,1700,-2.74
2026-07-29 12:05:48,SELL,ANGELONE,302.8,0.8,0,310,-2.32
2026-07-29 12:06:10,BUY-CORE,INDUSTOWER,384.4,0.42,44,400,-3.9
2026-07-29 12:06:16,SELL-CORE,VOLTAS,1310.8,1.02,47,1320,-0.7
2026-07-29 12:06:17,COIL,VOLTAS,1310.8,1.02,47,1320,-0.7
2026-07-29 12:06:30,SELL,LICI,424.45,0.52,22,440,-3.53
2026-07-29 12:06:30,SELL-CORE,LICI,424.45,0.52,22,440,-3.53
2026-07-29 12:06:47,BUY-CORE,BLUESTARCO,1650.5,0.86,73,1640,0.64
2026-07-29 12:10:39,BUY-CORE,RELIANCE,1271.9,0.96,53,1290,-1.4
2026-07-29 12:11:23,BUY-CORE,INDUSINDBK,1008.5,0.97,73,1000,0.85
2026-07-29 12:11:30,BUY,CDSL,1349.0,1.08,100,1340,0.67
2026-07-29 12:11:32,BUY-CORE,GAIL,175.3,0.51,44,180,-2.61
2026-07-29 12:11:35,BUY-CORE,SIEMENS,3666.8,0.76,73,3700,-0.9
2026-07-29 12:11:42,SELL,BIOCON,430.55,0.72,27,440,-2.15
2026-07-29 12:11:43,SELL-CORE,BIOCON,430.55,0.72,27,440,-2.15
2026-07-29 12:15:54,BUY-CORE,SHRIRAMFIN,1041.5,0.46,44,1060,-1.75
2026-07-29 12:16:03,BUY-CORE,KOTAKBANK,389.7,0.74,73,395,-1.34
2026-07-29 12:16:06,COIL,NTPC,341.8,1.05,47,345,-0.93
2026-07-29 12:16:12,SELL,EICHERMOT,7814.0,0.52,0,8000,-2.33
2026-07-29 12:16:13,SELL-CORE,EICHERMOT,7814.0,0.52,0,8000,-2.33
2026-07-29 12:16:32,SELL,MUTHOOTFIN,3013.2,0.66,22,3100,-2.8
2026-07-29 12:16:33,SELL-CORE,MUTHOOTFIN,3013.2,0.66,22,3100,-2.8
2026-07-29 12:16:59,SELL,MPHASIS,2416.0,0.47,22,2450,-1.39
2026-07-29 12:17:00,SELL-CORE,MPHASIS,2416.0,0.47,22,2450,-1.39
2026-07-29 12:17:12,COIL,SHREECEM,26860.0,1.07,64,27000,-0.52
2026-07-29 12:21:01,SELL,SUNPHARMA,1971.8,0.55,22,2000,-1.41
2026-07-29 12:21:01,SELL-CORE,SUNPHARMA,1971.8,0.55,22,2000,-1.41
2026-07-29 12:21:36,SELL,DMART,3842.2,0.82,27,3900,-1.48
2026-07-29 12:21:37,SELL-CORE,DMART,3842.2,0.82,27,3900,-1.48
2026-07-29 12:21:43,SELL,MAXHEALTH,1106.0,0.72,27,1100,0.55
2026-07-29 12:21:44,SELL-CORE,MAXHEALTH,1106.0,0.72,27,1100,0.55
2026-07-29 12:21:47,BUY-CORE,BANDHANBNK,172.15,0.72,73,180,-4.36
2026-07-29 12:21:58,BUY-CORE,NAM-INDIA,1162.0,0.66,57,1200,-3.17
2026-07-29 12:22:16,SELL-CORE,UNITDSPR,1510.7,0.89,42,1520,-0.61
2026-07-29 12:25:35,BUY-CORE,RELIANCE,1271.5,0.95,53,1290,-1.43
2026-07-29 12:26:25,SELL,BPCL,318.0,0.69,0,320,-0.62
2026-07-29 12:26:26,SELL-CORE,BPCL,318.0,0.69,0,320,-0.62
2026-07-29 12:27:02,COIL,SHREECEM,26840.0,1.07,64,27000,-0.59
2026-07-29 12:31:26,SELL,ANGELONE,302.7,0.8,0,310,-2.35
2026-07-29 12:31:47,BUY-CORE,INDUSTOWER,384.1,0.43,44,400,-3.97
2026-07-29 12:31:51,SELL-CORE,AUBANK,1044.8,0.91,27,1040,0.46
2026-07-29 12:32:04,BUY-CORE,MAXHEALTH,1111.3,0.72,53,1100,1.03
2026-07-29 12:32:09,SELL,UNOMINDA,1158.0,0.49,0,1200,-3.5
2026-07-29 12:32:09,SELL-CORE,UNOMINDA,1158.0,0.49,0,1200,-3.5
2026-07-29 12:35:48,SELL,TITAN,4838.4,0.72,27,4800,0.8
2026-07-29 12:35:48,SELL-CORE,TITAN,4838.4,0.72,27,4800,0.8
2026-07-29 12:36:54,SELL,MANAPPURAM,361.95,0.52,36,360,0.54
2026-07-29 12:36:54,SELL-CORE,MANAPPURAM,361.95,0.52,36,360,0.54
2026-07-29 12:41:05,BUY,AMBER,7425.5,1.07,100,7400,0.34
2026-07-29 12:41:22,BUY-CORE,ONGC,239.72,0.67,36,245,-2.16
2026-07-29 12:42:08,BUY-CORE,SRF,2641.0,0.93,53,2700,-2.19
2026-07-29 12:45:48,SELL,TITAN,4835.6,0.72,27,4800,0.74
2026-07-29 12:45:49,SELL-CORE,TITAN,4835.6,0.72,27,4800,0.74
2026-07-29 12:46:14,BUY-CORE,INDUSTOWER,384.45,0.44,44,400,-3.89
2026-07-29 12:46:36,BUY,TATACONSUM,1093.9,1.11,100,1100,-0.55
2026-07-29 12:46:49,SELL-CORE,BHARATFORG,2160.0,0.89,27,2180,-0.92
2026-07-29 12:50:45,SELL-CORE,MCX,2700.0,0.94,0,2800,-3.57
2026-07-29 12:50:53,SELL,SHRIRAMFIN,1039.0,0.45,22,1060,-1.98
2026-07-29 12:50:54,SELL-CORE,SHRIRAMFIN,1039.0,0.45,22,1060,-1.98
2026-07-29 12:55:50,SELL,ANGELONE,302.6,0.8,0,310,-2.39
2026-07-29 12:56:52,BUY-CORE,SRF,2639.4,0.94,53,2700,-2.24
2026-07-29 13:01:27,COIL,NTPC,342.45,1.0,64,345,-0.74
2026-07-29 13:02:08,BUY-CORE,GODREJPROP,2159.2,0.42,57,2160,-0.04
2026-07-29 13:02:28,COIL,SHREECEM,26820.0,1.12,64,27000,-0.67
2026-07-29 13:05:30,BUY-CORE,RELIANCE,1274.2,0.93,73,1290,-1.22
2026-07-29 13:05:45,BUY-CORE,DIXON,14189.0,0.64,57,14500,-2.14
2026-07-29 13:05:53,BUY-CORE,ASHOKLEY,158.31,0.87,53,160,-1.06
2026-07-29 13:05:54,BUY-CORE,HEROMOTOCO,5175.8,0.55,44,5300,-2.34
2026-07-29 13:05:55,BUY-CORE,NBCC,94.97,0.55,44,100,-5.03
2026-07-29 13:10:39,BUY,NIFTY,24256.7,1.06,100,24200,0.23
2026-07-29 13:11:06,BUY-CORE,INDIGO,5280.0,0.96,53,5200,1.54
2026-07-29 13:11:24,SELL,ONGC,239.57,0.67,36,245,-2.22
2026-07-29 13:11:25,SELL-CORE,ONGC,239.57,0.67,36,245,-2.22
2026-07-29 13:11:35,BUY-CORE,DMART,3856.4,0.82,53,3900,-1.12
2026-07-29 13:16:29,BUY-CORE,SBILIFE,1889.1,0.68,44,1900,-0.57
2026-07-29 13:21:05,SELL-CORE,ASHOKLEY,157.98,0.87,27,160,-1.26
2026-07-29 13:21:34,BUY,CDSL,1353.4,1.0,73,1360,-0.49
2026-07-29 13:22:02,SELL,TIINDIA,2792.4,0.73,27,2900,-3.71
2026-07-29 13:22:02,SELL-CORE,TIINDIA,2792.4,0.73,27,2900,-3.71
2026-07-29 13:26:18,COIL,CDSL,1352.2,1.0,73,1360,-0.57
2026-07-29 13:26:28,SELL,KFINTECH,951.1,0.6,22,960,-0.93
2026-07-29 13:26:28,SELL-CORE,KFINTECH,951.1,0.6,22,960,-0.93
2026-07-29 13:26:38,BUY,BLUESTARCO,1668.3,1.01,100,1640,1.73
2026-07-29 13:26:39,BUY-CORE,ALKEM,5664.0,0.33,44,5750,-1.5
2026-07-29 13:31:59,BUY-CORE,INDUSTOWER,383.75,0.44,44,400,-4.06
2026-07-29 13:32:30,BUY-CORE,JSWENERGY,548.25,0.83,53,570,-3.82
2026-07-29 13:36:30,BUY,ABCAPITAL,396.6,1.16,100,390,1.69
2026-07-29 13:36:30,BUY-CORE,ABCAPITAL,396.6,1.16,100,390,1.69
2026-07-29 13:46:25,BUY-CORE,PATANJALI,358.4,0.62,57,360,-0.44
2026-07-29 13:46:48,BUY-CORE,CROMPTON,254.15,0.54,57,270,-5.87
2026-07-29 13:50:57,SELL,ANGELONE,303.2,0.82,27,310,-2.19
2026-07-29 13:52:01,BUY-CORE,COLPAL,2167.0,0.55,44,2200,-1.5
2026-07-29 13:55:36,BUY-CORE,AXISBANK,1231.1,0.76,53,1260,-2.29
2026-07-29 13:56:16,SELL,MUTHOOTFIN,3010.5,0.68,22,3100,-2.89
2026-07-29 13:56:17,SELL-CORE,MUTHOOTFIN,3010.5,0.68,22,3100,-2.89
2026-07-29 13:56:21,BUY-CORE,DMART,3853.0,0.83,53,3900,-1.21
2026-07-29 14:02:10,BUY-CORE,SONACOMS,717.9,0.55,57,730,-1.66
2026-07-29 14:05:40,BUY-CORE,BAJFINANCE,1054.5,0.71,53,1050,0.43
2026-07-29 14:10:57,SELL,ANGELONE,303.0,0.82,27,310,-2.26
2026-07-29 14:11:29,BUY-CORE,MUTHOOTFIN,3014.0,0.68,36,3100,-2.77
2026-07-29 14:11:32,BUY-CORE,COCHINSHIP,1400.9,0.71,73,1400,0.06
2026-07-29 14:12:01,BUY-CORE,PIDILITIND,1634.5,0.34,57,1700,-3.85
2026-07-29 14:15:52,BUY-CORE,SBIN,1014.1,0.96,73,1020,-0.58
2026-07-29 14:15:56,BUY,INFY,1157.8,1.01,100,1140,1.56
2026-07-29 14:16:09,SELL-CORE,NHPC,77.97,1.15,47,78,-0.04
2026-07-29 14:16:42,BUY-CORE,DMART,3849.9,0.83,53,3900,-1.28
2026-07-29 14:16:47,BUY-CORE,GAIL,175.61,0.51,44,180,-2.44
2026-07-29 14:17:07,BUY-CORE,INDHOTEL,738.85,0.78,73,740,-0.16
2026-07-29 14:20:57,BUY-CORE,SHRIRAMFIN,1047.9,0.56,44,1060,-1.14
2026-07-29 14:21:16,BUY-CORE,360ONE,1154.9,0.36,57,1260,-8.34
2026-07-29 14:21:17,SELL,BAJAJ-AUTO,11327.5,0.85,27,11300,0.24
2026-07-29 14:21:18,SELL-CORE,BAJAJ-AUTO,11327.5,0.85,27,11300,0.24
2026-07-29 14:22:10,BUY-CORE,SRF,2647.4,0.88,73,2700,-1.95
2026-07-29 14:22:12,BUY-CORE,COLPAL,2163.2,0.55,44,2200,-1.67
2026-07-29 14:32:29,COIL,SHREECEM,26830.0,1.15,64,27000,-0.63
2026-07-29 14:35:36,BUY-CORE,ADANIENT,3039.6,0.76,73,3100,-1.95
2026-07-29 14:35:39,BUY-CORE,BAJFINANCE,1055.8,0.71,73,1060,-0.4
2026-07-29 14:40:44,BUY-CORE,AXISBANK,1235.0,0.78,53,1260,-1.98
2026-07-29 14:42:05,BUY,PIIND,2743.2,1.0,100,2700,1.6
2026-07-29 14:51:04,SELL,CGPOWER,830.45,0.6,22,900,-7.73
2026-07-29 14:51:05,SELL-CORE,CGPOWER,830.45,0.6,22,900,-7.73
2026-07-29 14:51:35,BUY-CORE,MUTHOOTFIN,3028.0,0.59,44,3100,-2.32
2026-07-29 14:56:45,BUY-CORE,DRREDDY,1145.8,0.8,53,1160,-1.22
2026-07-29 14:57:03,BUY-CORE,SRF,2644.5,0.9,53,2700,-2.06
2026-07-29 15:00:53,BUY,NIFTY,24269.7,1.16,100,24200,0.29
2026-07-29 15:00:57,BUY-CORE,SBIN,1015.0,0.97,73,1020,-0.49
2026-07-29 15:01:10,BUY-CORE,ULTRACEMCO,12015.0,0.5,44,12100,-0.7
2026-07-29 15:01:28,BUY-CORE,BAJAJ-AUTO,11346.0,0.82,53,11300,0.41
2026-07-29 15:06:05,SELL,PNB,111.21,0.7,22,113,-1.58
2026-07-29 15:06:05,SELL-CORE,PNB,111.21,0.7,22,113,-1.58
2026-07-29 15:10:56,SELL-CORE,ANGELONE,302.25,0.91,27,305,-0.9
2026-07-29 15:11:22,SELL-CORE,AUBANK,1042.5,0.88,27,1040,0.24
2026-07-29 15:11:24,SELL,TORNTPHARM,4878.1,0.67,0,5000,-2.44
2026-07-29 15:11:24,SELL-CORE,TORNTPHARM,4878.1,0.67,0,5000,-2.44
2026-07-29 15:11:45,SELL,BIOCON,431.1,0.73,27,440,-2.02
2026-07-29 15:11:46,SELL-CORE,BIOCON,431.1,0.73,27,440,-2.02
2026-07-29 15:15:49,BUY-CORE,RELIANCE,1275.4,0.81,73,1300,-1.89
2026-07-29 15:16:03,SELL,COALINDIA,409.7,0.7,22,420,-2.45
2026-07-29 15:16:04,SELL-CORE,COALINDIA,409.7,0.7,22,420,-2.45
2026-07-29 15:16:13,SELL-CORE,INDIGO,5268.5,0.97,42,5200,1.32
2026-07-29 15:16:22,SELL,POLYCAB,9044.5,0.75,0,9100,-0.61
2026-07-29 15:16:23,SELL-CORE,POLYCAB,9044.5,0.75,0,9100,-0.61
2026-07-29 15:16:33,SELL-CORE,MOTHERSON,145.96,1.08,27,145,0.66
2026-07-29 15:16:46,BUY,CDSL,1349.8,1.08,100,1340,0.73
2026-07-29 15:17:07,BUY-CORE,BLUESTARCO,1679.0,0.71,53,1680,-0.06
2026-07-29 15:21:04,SELL,HEROMOTOCO,5131.6,0.65,22,5200,-1.32
2026-07-29 15:21:05,SELL-CORE,HEROMOTOCO,5131.6,0.65,22,5200,-1.32
2026-07-29 15:21:25,SELL,MUTHOOTFIN,3016.5,0.7,36,3100,-2.69
2026-07-29 15:21:26,SELL-CORE,MUTHOOTFIN,3016.5,0.7,36,3100,-2.69
2026-07-29 15:25:36,BUY-CORE,VEDL,265.45,0.74,73,265,0.17
2026-07-29 15:25:43,SELL,ANGELONE,302.8,0.81,0,310,-2.32
2026-07-29 15:25:53,SELL,EICHERMOT,7770.5,0.5,0,8000,-2.87
2026-07-29 15:25:54,SELL-CORE,EICHERMOT,7770.5,0.5,0,8000,-2.87
2026-07-29 15:26:06,SELL,ONGC,238.49,0.7,36,245,-2.66
2026-07-29 15:26:15,BUY-CORE,DMART,3846.8,0.82,53,3900,-1.36
2026-07-29 15:31:57,BUY-CORE,SUNPHARMA,1989.9,0.57,44,2000,-0.5
2026-07-29 15:32:18,SELL,NBCC,94.6,0.56,22,100,-5.4
2026-07-29 15:32:19,SELL-CORE,NBCC,94.6,0.56,22,100,-5.4
2026-07-29 15:32:52,SELL,BPCL,317.4,0.79,0,320,-0.81
2026-07-29 15:32:53,SELL-CORE,BPCL,317.4,0.79,0,320,-0.81
2026-07-29 15:33:37,BUY-CORE,ALKEM,5672.5,0.33,57,5750,-1.35
2026-07-30 09:15:49,SELL,AXISBANK,1227.9,0.83,0,1260,-2.55
2026-07-30 09:15:50,SELL-CORE,AXISBANK,1227.9,0.83,0,1260,-2.55
2026-07-30 09:15:53,BUY-CORE,BHEL,404.5,0.67,36,410,-1.34
2026-07-30 09:15:54,SELL,BHEL,404.5,0.67,36,410,-1.34
2026-07-30 09:15:54,SELL-CORE,BHEL,404.5,0.67,36,410,-1.34
2026-07-30 09:15:56,SELL,CANBK,124.24,0.7,0,130,-4.43
2026-07-30 09:15:56,SELL-CORE,CANBK,124.24,0.7,0,130,-4.43
2026-07-30 09:15:57,SELL-CORE,BANKBARODA,242.25,0.95,0,250,-3.1
2026-07-30 09:15:59,BUY-CORE,NATIONALUM,346.5,0.76,73,350,-1.0
2026-07-30 09:16:01,SELL,LT,3921.4,0.72,0,4000,-1.96
2026-07-30 09:16:02,SELL-CORE,LT,3921.4,0.72,0,4000,-1.96
2026-07-30 09:16:03,BUY-CORE,HINDALCO,972.0,0.73,73,980,-0.82
2026-07-30 09:16:06,SELL,ITC,286.45,0.64,0,290,-1.22
2026-07-30 09:16:06,SELL-CORE,ITC,286.45,0.64,0,290,-1.22
2026-07-30 09:16:09,SELL,CGPOWER,826.25,0.72,0,880,-6.11
2026-07-30 09:16:09,SELL-CORE,CGPOWER,826.25,0.72,0,880,-6.11
2026-07-30 09:16:10,SELL,ASIANPAINT,2716.9,0.7,0,2800,-2.97
2026-07-30 09:16:11,SELL-CORE,ASIANPAINT,2716.9,0.7,0,2800,-2.97
2026-07-30 09:16:13,SELL,HINDUNILVR,2114.5,0.63,0,2160,-2.11
2026-07-30 09:16:14,SELL-CORE,HINDUNILVR,2114.5,0.63,0,2160,-2.11
2026-07-30 09:16:15,SELL,KOTAKBANK,388.1,0.69,0,400,-2.97
2026-07-30 09:16:16,SELL-CORE,KOTAKBANK,388.1,0.69,0,400,-2.97
2026-07-30 09:16:18,SELL,RECLTD,373.95,0.51,0,390,-4.12
2026-07-30 09:16:18,SELL-CORE,RECLTD,373.95,0.51,0,390,-4.12
2026-07-30 09:16:20,SELL-CORE,NTPC,342.95,0.91,0,350,-2.01
2026-07-30 09:16:21,SELL,CHOLAFIN,1794.6,0.52,0,1800,-0.3
2026-07-30 09:16:21,SELL-CORE,CHOLAFIN,1794.6,0.52,0,1800,-0.3
2026-07-30 09:16:23,SELL-CORE,INDIGO,5201.5,1.11,27,5200,0.03
2026-07-30 09:16:26,BUY-CORE,HEROMOTOCO,5189.4,0.55,57,5300,-2.09
2026-07-30 09:16:28,SELL-CORE,ADANIPORTS,1689.6,0.99,0,1740,-2.9
2026-07-30 09:16:31,SELL,RVNL,223.72,0.82,0,230,-2.73
2026-07-30 09:16:32,SELL-CORE,RVNL,223.72,0.82,0,230,-2.73
2026-07-30 09:16:37,SELL-CORE,CUMMINSIND,5355.5,1.21,27,5500,-2.63
2026-07-30 09:16:39,SELL-CORE,UNIONBANK,170.0,0.91,0,170,0.0
2026-07-30 09:16:41,SELL,LTF,308.35,0.77,0,310,-0.53
2026-07-30 09:16:41,SELL-CORE,LTF,308.35,0.77,0,310,-0.53
2026-07-30 09:16:45,BUY-CORE,POWERGRID,284.0,0.83,73,290,-2.07
2026-07-30 09:16:52,SELL-CORE,INDUSINDBK,1007.4,0.96,0,1000,0.74
2026-07-30 09:16:53,SELL,LICHSGFIN,547.55,0.63,0,570,-3.94
2026-07-30 09:16:54,SELL-CORE,LICHSGFIN,547.55,0.63,0,570,-3.94
2026-07-30 09:16:57,SELL,DMART,3855.1,0.82,27,3900,-1.15
2026-07-30 09:16:58,SELL-CORE,DMART,3855.1,0.82,27,3900,-1.15
2026-07-30 09:16:59,SELL-CORE,IOC,139.93,0.87,0,142.5,-1.8
2026-07-30 09:17:01,BUY-CORE,MARICO,881.3,0.51,57,900,-2.08
2026-07-30 09:17:03,SELL,RBLBANK,369.3,0.53,0,370,-0.19
2026-07-30 09:17:03,SELL-CORE,RBLBANK,369.3,0.53,0,370,-0.19
2026-07-30 09:17:04,SELL-CORE,CDSL,1347.0,1.09,27,1340,0.52
2026-07-30 09:17:09,SELL,CROMPTON,262.95,0.49,0,280,-6.09
2026-07-30 09:17:09,SELL-CORE,CROMPTON,262.95,0.49,0,280,-6.09
2026-07-30 09:17:11,SELL,BANDHANBNK,173.2,0.62,36,185,-6.38
2026-07-30 09:17:11,SELL-CORE,BANDHANBNK,173.2,0.62,36,185,-6.38
2026-07-30 09:17:14,SELL,PRESTIGE,1615.3,0.76,0,1680,-3.85
2026-07-30 09:17:14,SELL-CORE,PRESTIGE,1615.3,0.76,0,1680,-3.85
2026-07-30 09:17:18,SELL,GODREJPROP,2148.1,0.5,0,2160,-0.55
2026-07-30 09:17:18,SELL-CORE,GODREJPROP,2148.1,0.5,0,2160,-0.55
2026-07-30 09:17:23,BUY,BOSCHLTD,41200.0,1.09,100,41000,0.49
2026-07-30 09:17:23,BUY-CORE,BOSCHLTD,41200.0,1.09,100,41000,0.49
2026-07-30 09:17:24,BUY-CORE,DRREDDY,1145.4,0.74,53,1160,-1.26
2026-07-30 09:17:28,SELL-CORE,PHOENIXLTD,1898.6,0.99,0,1940,-2.13
2026-07-30 09:17:29,SELL,BRITANNIA,5510.0,0.38,0,5600,-1.61
2026-07-30 09:17:30,SELL-CORE,BRITANNIA,5510.0,0.38,0,5600,-1.61
2026-07-30 09:17:31,BUY-CORE,MPHASIS,2392.0,0.65,57,2400,-0.33
2026-07-30 09:17:32,SELL-CORE,DABUR,420.55,1.03,27,430,-2.2
2026-07-30 09:17:40,SELL,KPITTECH,611.25,0.79,0,630,-2.98
2026-07-30 09:17:40,SELL-CORE,KPITTECH,611.25,0.79,0,630,-2.98
2026-07-30 09:17:42,SELL,IREDA,120.14,0.79,27,120,0.12
2026-07-30 09:17:43,SELL-CORE,IREDA,120.14,0.79,27,120,0.12
2026-07-30 09:17:45,SELL,GODFRYPHLP,2065.9,0.63,0,2150,-3.91
2026-07-30 09:17:45,SELL-CORE,GODFRYPHLP,2065.9,0.63,0,2150,-3.91
2026-07-30 09:17:49,SELL,OBEROIRLTY,1822.7,0.49,0,1840,-0.94
2026-07-30 09:17:50,SELL-CORE,OBEROIRLTY,1822.7,0.49,0,1840,-0.94
2026-07-30 09:17:52,SELL,COLPAL,2142.4,0.72,0,2180,-1.72
2026-07-30 09:17:52,SELL-CORE,COLPAL,2142.4,0.72,0,2180,-1.72
2026-07-30 09:17:53,BUY-CORE,UNITDSPR,1517.2,0.84,73,1520,-0.18
2026-07-30 09:20:38,SELL-CORE,BANKNIFTY,56934.85,1.12,27,57000,-0.11
2026-07-30 09:20:39,SELL-CORE,FINNIFTY,26197.5,1.09,27,26200,-0.01
2026-07-30 09:20:40,SELL-CORE,MIDCPNIFTY,14664.9,0.93,0,14700,-0.24
2026-07-30 09:20:42,SELL-CORE,BSE,3521.6,0.92,0,3600,-2.18
2026-07-30 09:20:43,BUY-CORE,RELIANCE,1280.9,0.78,73,1300,-1.47
2026-07-30 09:20:44,SELL-CORE,SBIN,1011.6,0.95,0,1020,-0.82
2026-07-30 09:20:46,SELL,ADANIGREEN,1356.3,0.7,0,1400,-3.12
2026-07-30 09:20:47,SELL-CORE,ADANIGREEN,1356.3,0.7,0,1400,-3.12
2026-07-30 09:20:48,SELL-CORE,MCX,2697.3,0.96,0,2800,-3.67
2026-07-30 09:20:49,SELL,ICICIBANK,1426.4,0.58,0,1450,-1.63
2026-07-30 09:20:50,SELL-CORE,ICICIBANK,1426.4,0.58,0,1450,-1.63
2026-07-30 09:20:51,SELL,BAJFINANCE,1047.0,0.8,0,1050,-0.29
2026-07-30 09:20:52,SELL-CORE,BAJFINANCE,1047.0,0.8,0,1050,-0.29
2026-07-30 09:20:53,BUY-CORE,TCS,2477.7,0.48,57,2500,-0.89
2026-07-30 09:20:55,SELL,ADANIENSOL,1640.5,0.59,0,1700,-3.5
2026-07-30 09:20:55,SELL-CORE,ADANIENSOL,1640.5,0.59,0,1700,-3.5
2026-07-30 09:20:57,BUY-CORE,WIPRO,186.75,0.53,57,190,-1.71
2026-07-30 09:20:58,BUY-CORE,TATASTEEL,187.9,0.79,42,190,-1.11
2026-07-30 09:20:58,SELL-CORE,TATASTEEL,187.9,0.79,42,190,-1.11
2026-07-30 09:20:59,SELL-CORE,ADANIPOWER,208.19,0.86,0,215,-3.17
2026-07-30 09:21:01,BUY-CORE,BHARTIARTL,1955.0,0.7,57,1960,-0.26
2026-07-30 09:21:04,BUY-CORE,HINDZINC,539.0,0.72,53,550,-2.0
2026-07-30 09:21:05,SELL,TITAN,4842.0,0.78,0,4800,0.88
2026-07-30 09:21:05,SELL-CORE,TITAN,4842.0,0.78,0,4800,0.88
2026-07-30 09:21:07,SELL,SHRIRAMFIN,1039.2,0.56,0,1060,-1.96
2026-07-30 09:21:08,SELL-CORE,SHRIRAMFIN,1039.2,0.56,0,1060,-1.96
2026-07-30 09:21:09,BUY-CORE,M&M,3245.5,0.69,57,3300,-1.65
2026-07-30 09:21:11,BUY-CORE,PFC,428.25,0.54,44,435,-1.55
2026-07-30 09:21:12,BUY-CORE,ULTRACEMCO,11815.0,0.45,57,11960,-1.21
2026-07-30 09:21:14,BUY-CORE,ITC,286.85,0.65,57,290,-1.09
2026-07-30 09:21:15,SELL-CORE,ANGELONE,299.3,0.91,0,305,-1.87
2026-07-30 09:21:18,BUY-CORE,MARUTI,13958.0,0.43,44,14000,-0.3
2026-07-30 09:21:20,BUY-CORE,HINDUNILVR,2124.6,0.63,57,2160,-1.64
2026-07-30 09:21:21,BUY-CORE,TMPV,329.25,0.92,42,330,-0.23
2026-07-30 09:21:22,SELL-CORE,TMPV,329.25,0.92,42,330,-0.23
2026-07-30 09:21:24,BUY-CORE,RECLTD,376.2,0.51,57,390,-3.54
2026-07-30 09:21:25,SELL,TRENT,3002.7,0.7,22,3000,0.09
2026-07-30 09:21:25,SELL-CORE,TRENT,3002.7,0.7,22,3000,0.09
2026-07-30 09:21:28,SELL,YESBANK,22.73,0.67,0,24,-5.29
2026-07-30 09:21:29,SELL-CORE,YESBANK,22.73,0.67,0,24,-5.29
2026-07-30 09:21:31,SELL-CORE,ASHOKLEY,157.0,0.88,0,160,-1.88
2026-07-30 09:21:33,SELL,AMBUJACEM,432.85,0.59,0,440,-1.62
2026-07-30 09:21:33,SELL-CORE,AMBUJACEM,432.85,0.59,0,440,-1.62
2026-07-30 09:21:34,SELL,NBCC,93.49,0.57,0,100,-6.51
2026-07-30 09:21:35,SELL-CORE,NBCC,93.49,0.57,0,100,-6.51
2026-07-30 09:21:37,SELL-CORE,FEDERALBNK,357.4,0.89,0,355,0.68
2026-07-30 09:21:39,BUY-CORE,HDFCAMC,2546.8,0.93,53,2600,-2.05
2026-07-30 09:21:41,SELL,360ONE,1150.6,0.41,22,1200,-4.12
2026-07-30 09:21:41,SELL-CORE,360ONE,1150.6,0.41,22,1200,-4.12
2026-07-30 09:21:43,BUY-CORE,BAJAJ-AUTO,11453.5,0.56,57,11500,-0.4
2026-07-30 09:21:44,SELL,POLYCAB,8987.0,0.75,0,9100,-1.24
2026-07-30 09:21:45,SELL-CORE,POLYCAB,8987.0,0.75,0,9100,-1.24
2026-07-30 09:21:46,BUY-CORE,BAJAJFINSV,1930.7,0.59,57,1940,-0.48
2026-07-30 09:21:47,BUY-CORE,KAYNES,3669.2,0.58,57,3700,-0.83
2026-07-30 09:21:48,BUY-CORE,LUPIN,2464.4,0.62,57,2500,-1.42
2026-07-30 09:21:50,BUY-CORE,HDFCLIFE,558.2,0.4,57,570,-2.07
2026-07-30 09:21:54,SELL,HAL,4582.0,0.75,27,4600,-0.39
2026-07-30 09:21:54,SELL-CORE,HAL,4582.0,0.75,27,4600,-0.39
2026-07-30 09:21:56,BUY-CORE,INDUSTOWER,389.9,0.45,57,400,-2.53
2026-07-30 09:21:57,SELL,JSWSTEEL,1274.1,0.62,0,1300,-1.99
2026-07-30 09:21:57,SELL-CORE,JSWSTEEL,1274.1,0.62,0,1300,-1.99
2026-07-30 09:21:58,SELL-CORE,IDFCFIRSTB,84.13,0.92,0,85,-1.02
2026-07-30 09:22:00,SELL,VMM,107.84,0.57,0,115,-6.23
2026-07-30 09:22:00,SELL-CORE,VMM,107.84,0.57,0,115,-6.23
2026-07-30 09:22:02,SELL-CORE,MOTHERSON,145.27,1.06,27,145,0.19
2026-07-30 09:22:03,SELL,OFSS,11405.0,0.64,0,11500,-0.83
2026-07-30 09:22:04,SELL-CORE,OFSS,11405.0,0.64,0,11500,-0.83
2026-07-30 09:22:05,SELL,DLF,666.7,0.63,0,670,-0.49
2026-07-30 09:22:06,SELL-CORE,DLF,666.7,0.63,0,670,-0.49
2026-07-30 09:22:07,SELL,AUBANK,1030.9,0.8,0,1040,-0.87
2026-07-30 09:22:08,BUY-CORE,TORNTPHARM,4914.0,0.68,57,5000,-1.72
2026-07-30 09:22:10,SELL-CORE,VOLTAS,1303.0,1.34,43,1300,0.23
2026-07-30 09:22:11,SELL-CORE,APLAPOLLO,1866.0,0.88,0,1840,1.41
2026-07-30 09:22:13,SELL-CORE,ABB,7245.5,0.93,0,7400,-2.09
2026-07-30 09:22:14,BUY-CORE,MUTHOOTFIN,3025.2,0.59,57,3100,-2.41
2026-07-30 09:22:16,SELL-CORE,UPL,605.85,0.93,0,610,-0.68
2026-07-30 09:22:18,SELL,COCHINSHIP,1392.2,0.68,0,1400,-0.56
2026-07-30 09:22:19,SELL-CORE,COCHINSHIP,1392.2,0.68,0,1400,-0.56
2026-07-30 09:22:20,BUY-CORE,DMART,3858.4,0.82,53,3900,-1.07
2026-07-30 09:22:24,SELL-CORE,MAZDOCK,2296.0,1.07,27,2300,-0.17
2026-07-30 09:22:26,SELL-CORE,ABCAPITAL,395.0,1.16,27,395,0.0
2026-07-30 09:22:29,BUY-CORE,SBILIFE,1906.1,0.53,57,1900,0.32
2026-07-30 09:22:31,BUY-CORE,OIL,454.3,0.63,57,450,0.96
2026-07-30 09:22:35,BUY-CORE,TATACONSUM,1100.7,0.96,73,1100,0.06
2026-07-30 09:22:36,SELL,GLENMARK,2252.1,0.64,0,2300,-2.08
2026-07-30 09:22:37,SELL-CORE,GLENMARK,2252.1,0.64,0,2300,-2.08
2026-07-30 09:22:39,SELL,KEI,4804.5,0.72,0,4900,-1.95
2026-07-30 09:22:39,SELL-CORE,KEI,4804.5,0.72,0,4900,-1.95
2026-07-30 09:22:41,SELL,KFINTECH,939.85,0.64,0,960,-2.1
2026-07-30 09:22:41,SELL-CORE,KFINTECH,939.85,0.64,0,960,-2.1
2026-07-30 09:22:42,SELL,TATAPOWER,377.3,0.69,0,380,-0.71
2026-07-30 09:22:43,SELL-CORE,TATAPOWER,377.3,0.69,0,380,-0.71
2026-07-30 09:22:44,SELL,BIOCON,425.75,0.84,0,435,-2.13
2026-07-30 09:22:45,SELL-CORE,BIOCON,425.75,0.84,0,435,-2.13
2026-07-30 09:22:46,SELL-CORE,PNBHOUSING,1047.6,1.03,27,1060,-1.17
2026-07-30 09:22:49,BUY-CORE,SONACOMS,723.0,0.55,57,730,-0.96
2026-07-30 09:22:50,SELL-CORE,JSWENERGY,541.95,0.95,0,550,-1.46
2026-07-30 09:22:52,SELL,CONCOR,524.35,0.69,22,525,-0.12
2026-07-30 09:22:53,SELL-CORE,CONCOR,524.35,0.69,22,525,-0.12
2026-07-30 09:22:57,SELL-CORE,IRFC,88.94,0.89,0,90,-1.18
2026-07-30 09:22:58,SELL,CAMS,786.65,0.78,0,800,-1.67
2026-07-30 09:22:59,SELL-CORE,CAMS,786.65,0.78,0,800,-1.67
2026-07-30 09:23:00,BUY-CORE,INDHOTEL,737.0,0.79,73,740,-0.41
2026-07-30 09:23:03,SELL,PIDILITIND,1628.4,0.44,22,1700,-4.21
2026-07-30 09:23:04,SELL-CORE,PIDILITIND,1628.4,0.44,22,1700,-4.21
2026-07-30 09:23:06,BUY-CORE,PAGEIND,40450.0,0.47,57,41500,-2.53
2026-07-30 09:23:07,BUY-CORE,RADICO,4418.0,0.34,57,4500,-1.82
2026-07-30 09:23:08,SELL,IEX,133.12,0.81,0,132.5,0.47
2026-07-30 09:23:09,SELL-CORE,IEX,133.12,0.81,0,132.5,0.47
2026-07-30 09:23:13,SELL,JUBLFOOD,436.05,0.67,0,435,0.24
2026-07-30 09:23:13,SELL-CORE,JUBLFOOD,436.05,0.67,0,435,0.24
2026-07-30 09:23:15,SELL-CORE,SHREECEM,26715.0,1.23,27,26750,-0.13
2026-07-30 09:23:16,SELL-CORE,MOTILALOFS,845.8,0.87,0,880,-3.89
2026-07-30 09:23:18,SELL,SRF,2626.3,0.55,0,2800,-6.2
2026-07-30 09:23:19,SELL-CORE,SRF,2626.3,0.55,0,2800,-6.2
2026-07-30 09:25:28,BUY-CORE,HDFCBANK,748.9,0.63,44,770,-2.74
2026-07-30 09:25:33,SELL,ADANIPOWER,208.08,0.84,0,215,-3.22
2026-07-30 09:25:34,SELL,BHEL,401.7,0.74,0,410,-2.02
2026-07-30 09:25:35,SELL-CORE,BHEL,401.7,0.74,0,410,-2.02
2026-07-30 09:25:36,SELL,VEDL,264.6,0.76,27,265,-0.15
2026-07-30 09:25:36,SELL-CORE,VEDL,264.6,0.76,27,265,-0.15
2026-07-30 09:25:42,BUY-CORE,COALINDIA,411.9,0.65,57,420,-1.93
2026-07-30 09:25:48,SELL,RECLTD,374.85,0.51,0,390,-3.88
2026-07-30 09:25:49,SELL-CORE,RECLTD,374.85,0.51,0,390,-3.88
2026-07-30 09:25:52,SELL-CORE,AMBER,7399.0,1.08,27,7300,1.36
2026-07-30 09:25:56,SELL,ADANIPORTS,1672.0,0.84,0,1740,-3.91
2026-07-30 09:25:58,SELL-CORE,HDFCAMC,2538.7,0.93,0,2600,-2.36
2026-07-30 09:26:00,SELL,PNB,110.79,0.71,0,112,-1.08
2026-07-30 09:26:00,SELL-CORE,PNB,110.79,0.71,0,112,-1.08
2026-07-30 09:26:02,SELL,KAYNES,3631.2,0.58,22,3700,-1.86
2026-07-30 09:26:03,SELL-CORE,KAYNES,3631.2,0.58,22,3700,-1.86
2026-07-30 09:26:04,SELL,HDFCLIFE,557.0,0.46,22,570,-2.28
2026-07-30 09:26:05,SELL-CORE,HDFCLIFE,557.0,0.46,22,570,-2.28
2026-07-30 09:26:07,SELL,LAURUSLABS,1785.2,0.66,36,1760,1.43
2026-07-30 09:26:07,SELL-CORE,LAURUSLABS,1785.2,0.66,36,1760,1.43
2026-07-30 09:26:14,BUY-CORE,AUROPHARMA,1599.3,0.48,57,1600,-0.04
2026-07-30 09:26:17,SELL-CORE,BANKINDIA,137.28,0.92,0,140,-1.94
2026-07-30 09:26:21,BUY-CORE,APOLLOHOSP,8926.5,0.85,42,8900,0.3
2026-07-30 09:26:22,SELL-CORE,APOLLOHOSP,8926.5,0.85,42,8900,0.3
2026-07-30 09:26:23,SELL,FORTIS,947.55,0.82,0,950,-0.26
2026-07-30 09:26:23,SELL-CORE,FORTIS,947.55,0.82,0,950,-0.26
2026-07-30 09:26:24,BUY-CORE,IOC,140.44,0.88,42,142.5,-1.45
2026-07-30 09:26:25,SELL,CIPLA,1476.5,0.46,22,1500,-1.57
2026-07-30 09:26:26,SELL-CORE,CIPLA,1476.5,0.46,22,1500,-1.57
2026-07-30 09:26:29,BUY-CORE,GAIL,175.21,0.5,57,180,-2.66
2026-07-30 09:26:33,SELL,SIEMENS,3628.8,0.77,0,3700,-1.92
2026-07-30 09:26:33,SELL-CORE,SIEMENS,3628.8,0.77,0,3700,-1.92
2026-07-30 09:26:34,SELL,BANDHANBNK,172.68,0.62,0,185,-6.66
2026-07-30 09:26:34,SELL-CORE,BANDHANBNK,172.68,0.62,0,185,-6.66
2026-07-30 09:26:36,BUY-CORE,JINDALSTEL,1090.0,0.88,53,1100,-0.91
2026-07-30 09:26:45,BUY-CORE,HAVELLS,1243.7,0.59,57,1260,-1.29
2026-07-30 09:26:46,BUY-CORE,CONCOR,528.15,0.65,57,535,-1.28
2026-07-30 09:26:48,BUY-CORE,BRITANNIA,5532.5,0.36,57,5600,-1.21
2026-07-30 09:26:50,BUY,PETRONET,279.4,1.2,100,280,-0.21
2026-07-30 09:26:50,BUY-CORE,PETRONET,279.4,1.2,100,280,-0.21
2026-07-30 09:26:53,BUY-CORE,ALKEM,5717.0,0.29,57,5750,-0.57
2026-07-30 09:26:54,BUY-CORE,MANAPPURAM,370.85,0.54,44,360,3.01
2026-07-30 09:27:00,BUY-CORE,GODFRYPHLP,2083.5,0.51,57,2200,-5.3
2026-07-30 09:27:04,SELL-CORE,MANKIND,2582.3,1.11,27,2600,-0.68
2026-07-30 09:27:06,BUY-CORE,PIIND,2753.8,0.64,44,2800,-1.65
2026-07-30 09:31:11,SELL,MIDCPNIFTY,14682.2,0.79,0,14700,-0.12
2026-07-30 09:31:16,BUY-CORE,BAJFINANCE,1054.0,0.79,53,1050,0.38
2026-07-30 09:31:20,BUY-CORE,TATASTEEL,187.7,0.78,53,190,-1.21
2026-07-30 09:31:21,BUY-CORE,ADANIPOWER,209.8,0.85,42,215,-2.42
2026-07-30 09:31:25,BUY-CORE,HINDZINC,538.6,0.72,53,550,-2.07
2026-07-30 09:31:26,BUY-CORE,TITAN,4848.2,0.78,53,4800,1.0
2026-07-30 09:31:27,BUY-CORE,NATIONALUM,347.4,0.76,73,350,-0.74
2026-07-30 09:31:30,SELL,PFC,426.75,0.64,22,430,-0.76
2026-07-30 09:31:31,SELL-CORE,PFC,426.75,0.64,22,430,-0.76
2026-07-30 09:31:35,SELL-CORE,ANGELONE,300.6,0.91,0,305,-1.44
2026-07-30 09:31:37,SELL,ASIANPAINT,2707.3,0.74,0,2780,-2.62
2026-07-30 09:31:38,SELL-CORE,NHPC,77.74,1.13,27,78,-0.33
2026-07-30 09:31:40,SELL,SAIL,170.08,0.57,22,175,-2.81
2026-07-30 09:31:40,SELL-CORE,SAIL,170.08,0.57,22,175,-2.81
2026-07-30 09:31:47,BUY,AMBER,7446.0,1.09,100,7300,2.0
2026-07-30 09:31:47,BUY-CORE,AMBER,7446.0,1.09,100,7300,2.0
2026-07-30 09:31:52,SELL-CORE,INDIANB,824.65,1.34,43,830,-0.64
2026-07-30 09:31:54,BUY-CORE,HDFCAMC,2542.6,0.93,53,2600,-2.21
2026-07-30 09:31:56,SELL,360ONE,1147.8,0.71,27,1160,-1.05
2026-07-30 09:31:57,SELL-CORE,360ONE,1147.8,0.71,27,1160,-1.05
2026-07-30 09:32:00,BUY-CORE,KAYNES,3649.5,0.56,57,3700,-1.36
2026-07-30 09:32:02,BUY-CORE,PATANJALI,360.4,0.64,57,360,0.11
2026-07-30 09:32:14,BUY-CORE,APLAPOLLO,1876.4,0.91,73,1840,1.98
2026-07-30 09:32:16,BUY-CORE,MUTHOOTFIN,3021.7,0.67,44,3100,-2.53
2026-07-30 09:32:28,BUY-CORE,LICI,424.95,0.52,44,440,-3.42
2026-07-30 09:32:30,BUY-CORE,BANDHANBNK,173.89,0.62,44,185,-6.01
2026-07-30 09:32:33,SELL-CORE,HINDPETRO,391.9,0.9,27,400,-2.03
2026-07-30 09:32:40,BUY-CORE,ZYDUSLIFE,1125.4,0.65,57,1130,-0.41
2026-07-30 09:32:48,SELL-CORE,IRFC,89.09,0.88,0,90,-1.01
2026-07-30 09:32:49,SELL,BLUESTARCO,1678.6,0.78,0,1660,1.12
2026-07-30 09:32:50,SELL-CORE,BLUESTARCO,1678.6,0.78,0,1660,1.12
2026-07-30 09:32:55,BUY-CORE,PAGEIND,40750.0,0.37,57,42000,-2.98
2026-07-30 09:32:59,SELL,GODFRYPHLP,2071.8,0.63,36,2150,-3.64
2026-07-30 09:33:00,SELL-CORE,GODFRYPHLP,2071.8,0.63,36,2150,-3.64
2026-07-30 09:35:41,SELL,HDFCBANK,747.5,0.64,0,770,-2.92
2026-07-30 09:35:41,SELL-CORE,HDFCBANK,747.5,0.64,0,770,-2.92
2026-07-30 09:35:43,SELL,BAJFINANCE,1054.2,0.79,0,1050,0.4
2026-07-30 09:35:44,SELL-CORE,BAJFINANCE,1054.2,0.79,0,1050,0.4
2026-07-30 09:35:48,SELL,VEDL,264.5,0.76,27,265,-0.19
2026-07-30 09:35:49,SELL-CORE,VEDL,264.5,0.76,27,265,-0.19
2026-07-30 09:35:53,BUY-CORE,PFC,427.05,0.64,44,430,-0.69
2026-07-30 09:36:01,BUY-CORE,RECLTD,375.8,0.51,57,390,-3.64
2026-07-30 09:36:14,BUY-CORE,LAURUSLABS,1792.5,0.59,57,1780,0.7
2026-07-30 09:36:16,SELL,GRASIM,3100.5,0.51,0,3200,-3.11
2026-07-30 09:36:16,SELL-CORE,GRASIM,3100.5,0.51,0,3200,-3.11
2026-07-30 09:36:21,BUY,MOTHERSON,145.71,1.05,73,145,0.49
2026-07-30 09:36:21,BUY-CORE,MOTHERSON,145.71,1.05,73,145,0.49
2026-07-30 09:36:22,BUY-CORE,OFSS,11465.0,0.46,57,11600,-1.16
2026-07-30 09:36:27,SELL,MUTHOOTFIN,3021.9,0.67,22,3100,-2.52
2026-07-30 09:36:27,SELL-CORE,MUTHOOTFIN,3021.9,0.67,22,3100,-2.52
2026-07-30 09:36:29,SELL,LICHSGFIN,545.2,0.65,0,570,-4.35
2026-07-30 09:36:30,SELL-CORE,LICHSGFIN,545.2,0.65,0,570,-4.35
2026-07-30 09:36:32,SELL,APOLLOHOSP,8937.0,0.83,27,8900,0.42
2026-07-30 09:36:35,SELL,MAZDOCK,2275.7,0.85,0,2400,-5.18
2026-07-30 09:36:39,BUY-CORE,MAXHEALTH,1116.9,0.59,57,1120,-0.28
2026-07-30 09:36:48,SELL,ZYDUSLIFE,1123.6,0.72,27,1130,-0.57
2026-07-30 09:36:49,SELL-CORE,ZYDUSLIFE,1123.6,0.72,27,1130,-0.57
2026-07-30 09:36:51,BUY-CORE,PGEL,615.0,0.65,36,620,-0.81
2026-07-30 09:36:51,SELL,PGEL,615.0,0.65,36,620,-0.81
2026-07-30 09:36:52,SELL-CORE,PGEL,615.0,0.65,36,620,-0.81
2026-07-30 09:36:54,SELL,CONCOR,526.0,0.67,36,525,0.19
2026-07-30 09:36:54,SELL-CORE,CONCOR,526.0,0.67,36,525,0.19
2026-07-30 09:36:58,SELL,CAMS,789.55,0.79,27,800,-1.31
2026-07-30 09:36:59,SELL-CORE,CAMS,789.55,0.79,27,800,-1.31
2026-07-30 09:37:01,BUY-CORE,MANAPPURAM,370.55,0.54,57,360,2.93
2026-07-30 09:37:07,SELL,JUBLFOOD,435.4,0.67,0,435,0.09
2026-07-30 09:37:07,SELL-CORE,JUBLFOOD,435.4,0.67,0,435,0.09
2026-07-30 09:37:09,SELL,MOTILALOFS,844.75,0.85,0,880,-4.01
2026-07-30 09:40:43,BUY-CORE,ADANIENT,3048.4,0.88,73,3100,-1.66
2026-07-30 09:40:49,SELL,TATASTEEL,187.52,0.78,27,190,-1.31
2026-07-30 09:40:50,SELL-CORE,TATASTEEL,187.52,0.78,27,190,-1.31
2026-07-30 09:40:51,BUY-CORE,ADANIPOWER,211.2,0.85,73,215,-1.77
2026-07-30 09:40:53,SELL,CANBK,123.85,0.7,0,130,-4.73
2026-07-30 09:40:53,SELL-CORE,CANBK,123.85,0.7,0,130,-4.73
2026-07-30 09:40:55,SELL,TITAN,4836.7,0.78,0,4800,0.76
2026-07-30 09:40:56,SELL-CORE,TITAN,4836.7,0.78,0,4800,0.76
2026-07-30 09:41:04,SELL,SAIL,169.78,0.56,0,175,-2.98
2026-07-30 09:41:05,SELL-CORE,SAIL,169.78,0.56,0,175,-2.98
2026-07-30 09:41:07,SELL,NMDC,85.72,0.6,0,88,-2.59
2026-07-30 09:41:08,SELL-CORE,NMDC,85.72,0.6,0,88,-2.59
2026-07-30 09:41:09,SELL,TRENT,2996.5,0.69,0,3000,-0.12
2026-07-30 09:41:10,SELL-CORE,TRENT,2996.5,0.69,0,3000,-0.12
2026-07-30 09:41:23,SELL-CORE,CUMMINSIND,5322.0,1.25,27,5400,-1.44
2026-07-30 09:41:29,SELL-CORE,MOTHERSON,145.22,1.05,58,145,0.15
2026-07-30 09:41:31,SELL,AUBANK,1027.7,0.85,0,1040,-1.18
2026-07-30 09:41:34,SELL-CORE,APLAPOLLO,1867.9,0.9,27,1840,1.52
2026-07-30 09:41:36,SELL,ABB,7251.0,0.81,0,7400,-2.01
2026-07-30 09:41:40,BUY-CORE,DMART,3850.2,0.81,53,3900,-1.28
2026-07-30 09:41:42,SELL,CIPLA,1473.4,0.54,22,1500,-1.77
2026-07-30 09:41:43,SELL-CORE,CIPLA,1473.4,0.54,22,1500,-1.77
2026-07-30 09:41:50,SELL,BANDHANBNK,172.79,0.62,22,185,-6.6
2026-07-30 09:41:50,SELL-CORE,BANDHANBNK,172.79,0.62,22,185,-6.6
2026-07-30 09:41:52,SELL,LODHA,1298.85,0.39,36,1300,-0.09
2026-07-30 09:41:52,SELL-CORE,LODHA,1298.85,0.39,36,1300,-0.09
2026-07-30 09:42:01,BUY-CORE,DRREDDY,1142.3,0.78,53,1150,-0.67
2026-07-30 09:42:11,BUY-CORE,PAGEIND,40520.0,0.38,57,42000,-3.52
2026-07-30 09:42:14,SELL,IREDA,119.6,0.79,0,120,-0.33
2026-07-30 09:42:15,SELL-CORE,IREDA,119.6,0.79,0,120,-0.33
2026-07-30 09:42:16,SELL-CORE,TIINDIA,2750.0,0.88,0,2850,-3.51
2026-07-30 09:42:19,SELL,SUPREMEIND,3482.4,0.58,36,3500,-0.5
2026-07-30 09:42:20,SELL-CORE,SUPREMEIND,3482.4,0.58,36,3500,-0.5
2026-07-30 09:42:21,SELL-CORE,DALBHARAT,1806.2,0.98,27,1820,-0.76
2026-07-30 09:42:23,SELL-CORE,MANKIND,2579.0,1.12,27,2600,-0.81
2026-07-30 09:45:45,SELL,BAJFINANCE,1052.8,0.78,27,1050,0.27
2026-07-30 09:45:46,SELL-CORE,BAJFINANCE,1052.8,0.78,27,1050,0.27
2026-07-30 09:45:48,SELL,ADANIENSOL,1659.0,0.53,22,1700,-2.41
2026-07-30 09:45:49,SELL-CORE,ADANIENSOL,1659.0,0.53,22,1700,-2.41
2026-07-30 09:45:51,BUY-CORE,TATASTEEL,188.02,0.78,73,190,-1.04
2026-07-30 09:46:04,SELL,HINDUNILVR,2119.5,0.63,22,2160,-1.88
2026-07-30 09:46:04,SELL-CORE,HINDUNILVR,2119.5,0.63,22,2160,-1.88
2026-07-30 09:46:15,SELL-CORE,HDFCAMC,2539.6,0.93,0,2600,-2.32
2026-07-30 09:46:16,SELL,360ONE,1149.2,0.74,27,1160,-0.93
2026-07-30 09:46:17,SELL-CORE,360ONE,1149.2,0.74,27,1160,-0.93
2026-07-30 09:46:19,SELL,BAJAJFINSV,1920.1,0.65,0,1940,-1.03
2026-07-30 09:46:20,SELL-CORE,BAJAJFINSV,1920.1,0.65,0,1940,-1.03
2026-07-30 09:46:24,SELL,LAURUSLABS,1785.2,0.67,22,1760,1.43
2026-07-30 09:46:25,SELL-CORE,LAURUSLABS,1785.2,0.67,22,1760,1.43
2026-07-30 09:46:29,SELL,VMM,107.74,0.55,0,115,-6.31
2026-07-30 09:46:30,SELL-CORE,VMM,107.74,0.55,0,115,-6.31
2026-07-30 09:46:50,BUY-CORE,JINDALSTEL,1102.3,0.8,73,1100,0.21
2026-07-30 09:46:59,SELL,HAVELLS,1236.0,0.61,22,1260,-1.9
2026-07-30 09:47:00,SELL-CORE,HAVELLS,1236.0,0.61,22,1260,-1.9
2026-07-30 09:47:01,BUY-CORE,NAM-INDIA,1169.0,0.69,44,1180,-0.93
2026-07-30 09:47:08,BUY-CORE,MANAPPURAM,373.2,0.48,57,370,0.86
2026-07-30 09:47:09,BUY-CORE,TATAELXSI,3687.0,0.55,44,3700,-0.35
2026-07-30 09:47:11,SELL,PIDILITIND,1628.0,0.43,0,1700,-4.24
2026-07-30 09:47:11,SELL-CORE,PIDILITIND,1628.0,0.43,0,1700,-4.24
2026-07-30 09:47:14,SELL,KPITTECH,598.0,0.84,0,620,-3.55
2026-07-30 09:47:19,SELL,MOTILALOFS,843.95,0.85,0,880,-4.1
2026-07-30 09:47:20,SELL-CORE,MOTILALOFS,843.95,0.85,0,880,-4.1
2026-07-30 09:50:43,BUY-CORE,SBIN,1014.1,0.96,42,1020,-0.58
2026-07-30 09:50:54,BUY-CORE,PFC,427.2,0.64,36,430,-0.65
2026-07-30 09:50:55,SELL,PFC,427.2,0.64,36,430,-0.65
2026-07-30 09:50:55,SELL-CORE,PFC,427.2,0.64,36,430,-0.65
2026-07-30 09:51:01,SELL,SAIL,169.87,0.56,0,175,-2.93
2026-07-30 09:51:01,SELL-CORE,SAIL,169.87,0.56,0,175,-2.93
2026-07-30 09:51:03,SELL,NMDC,85.84,0.6,0,88,-2.45
2026-07-30 09:51:04,SELL-CORE,NMDC,85.84,0.6,0,88,-2.45
2026-07-30 09:51:05,BUY-CORE,TRENT,3013.0,0.68,57,3000,0.43
2026-07-30 09:51:13,BUY-CORE,HDFCAMC,2551.2,0.93,53,2600,-1.88
2026-07-30 09:51:15,SELL-CORE,POLYCAB,8934.0,0.86,0,9000,-0.73
2026-07-30 09:51:19,BUY-CORE,LAURUSLABS,1785.1,0.68,44,1760,1.43
2026-07-30 09:51:20,SELL-CORE,UNIONBANK,169.72,0.92,0,170,-0.16
2026-07-30 09:51:28,BUY-CORE,APLAPOLLO,1873.0,0.86,53,1840,1.79
2026-07-30 09:51:32,BUY-CORE,BPCL,318.15,0.68,44,320,-0.58
2026-07-30 09:51:33,SELL,COCHINSHIP,1390.4,0.67,0,1400,-0.69
2026-07-30 09:51:34,BUY-CORE,DMART,3868.1,0.83,73,3900,-0.82
2026-07-30 09:51:57,SELL-CORE,BHARATFORG,2163.9,0.97,0,2160,0.18
2026-07-30 09:52:05,SELL,SUPREMEIND,3478.8,0.56,0,3500,-0.61
2026-07-30 09:52:06,SELL-CORE,SUPREMEIND,3478.8,0.56,0,3500,-0.61
2026-07-30 09:52:07,SELL,DALBHARAT,1813.4,0.67,22,1860,-2.51
2026-07-30 09:55:35,SELL,BAJFINANCE,1050.0,0.79,0,1050,0.0
2026-07-30 09:55:36,SELL-CORE,BAJFINANCE,1050.0,0.79,0,1050,0.0
2026-07-30 09:55:39,SELL,TATASTEEL,187.28,0.77,0,190,-1.43
2026-07-30 09:55:40,SELL-CORE,TATASTEEL,187.28,0.77,0,190,-1.43
2026-07-30 09:56:04,BUY-CORE,PNB,111.4,0.71,73,112,-0.54
2026-07-30 09:56:06,SELL,POLYCAB,8922.0,0.85,0,9000,-0.87
2026-07-30 09:56:10,SELL,LAURUSLABS,1785.7,0.68,22,1760,1.46
2026-07-30 09:56:11,SELL-CORE,LAURUSLABS,1785.7,0.68,22,1760,1.46
2026-07-30 09:56:16,SELL-CORE,POWERGRID,283.6,0.91,27,290,-2.21
2026-07-30 09:56:25,SELL,BPCL,317.65,0.68,22,320,-0.73
2026-07-30 09:56:25,SELL-CORE,BPCL,317.65,0.68,22,320,-0.73
2026-07-30 09:56:31,BUY-CORE,RBLBANK,371.0,0.54,57,370,0.27
2026-07-30 09:56:40,BUY-CORE,UNOMINDA,1176.4,0.5,57,1200,-1.97
2026-07-30 09:56:48,SELL,JSWENERGY,545.2,0.83,0,570,-4.35
2026-07-30 09:56:51,SELL,ICICIPRULI,510.1,0.74,27,510,0.02
2026-07-30 09:56:52,SELL-CORE,ICICIPRULI,510.1,0.74,27,510,0.02
2026-07-30 09:57:00,SELL,GODREJCP,1071.4,0.49,22,1100,-2.6
2026-07-30 09:57:01,SELL-CORE,GODREJCP,1071.4,0.49,22,1100,-2.6
2026-07-30 09:57:08,BUY-CORE,MANKIND,2593.3,0.72,53,2600,-0.26
2026-07-30 10:01:01,SELL,CANBK,124.29,0.7,22,130,-4.39
2026-07-30 10:01:02,SELL-CORE,CANBK,124.29,0.7,22,130,-4.39
2026-07-30 10:01:06,BUY-CORE,PFC,426.95,0.64,44,430,-0.71
2026-07-30 10:01:21,SELL-CORE,HDFCAMC,2548.5,0.93,27,2600,-1.98
2026-07-30 10:01:32,BUY-CORE,MOTHERSON,147.24,0.66,57,150,-1.84
2026-07-30 10:01:40,SELL,COCHINSHIP,1390.1,0.67,0,1400,-0.71
2026-07-30 10:01:42,BUY-CORE,FORTIS,954.5,0.82,73,950,0.47
2026-07-30 10:01:44,SELL,MAZDOCK,2281.9,0.83,0,2400,-4.92
2026-07-30 10:01:51,BUY-CORE,LODHA,1308.1,0.39,36,1300,0.62
2026-07-30 10:02:01,BUY-CORE,NAM-INDIA,1173.4,0.6,57,1200,-2.22
2026-07-30 10:02:18,SELL,PIIND,2731.6,0.65,0,2800,-2.44
2026-07-30 10:02:18,SELL-CORE,PIIND,2731.6,0.65,0,2800,-2.44
2026-07-30 10:05:37,SELL,HINDZINC,536.3,0.73,27,550,-2.49
2026-07-30 10:05:37,SELL-CORE,HINDZINC,536.3,0.73,27,550,-2.49
2026-07-30 10:05:38,BUY-CORE,TITAN,4850.0,0.79,53,4800,1.04
2026-07-30 10:05:41,SELL,PFC,427.35,0.63,22,430,-0.62
2026-07-30 10:05:42,SELL-CORE,PFC,427.35,0.63,22,430,-0.62
2026-07-30 10:05:47,SELL,MARUTI,13914.0,0.71,0,14000,-0.61
2026-07-30 10:05:48,SELL-CORE,MARUTI,13914.0,0.71,0,14000,-0.61
2026-07-30 10:05:58,BUY-CORE,HDFCAMC,2547.4,0.93,53,2600,-2.02
2026-07-30 10:06:02,SELL,LUPIN,2442.0,0.67,36,2500,-2.32
2026-07-30 10:06:03,SELL-CORE,LUPIN,2442.0,0.67,36,2500,-2.32
2026-07-30 10:06:07,SELL,HAL,4566.8,0.81,0,4600,-0.72
2026-07-30 10:06:08,SELL-CORE,HAL,4566.8,0.81,0,4600,-0.72
2026-07-30 10:06:14,SELL-CORE,VOLTAS,1309.5,1.33,56,1300,0.73
2026-07-30 10:06:45,BUY-CORE,PAGEIND,41170.0,0.29,57,42000,-1.98
2026-07-30 10:10:43,SELL-CORE,SBIN,1013.1,0.95,0,1020,-0.68
2026-07-30 10:10:57,BUY-CORE,COALINDIA,412.5,0.67,57,420,-1.79
2026-07-30 10:11:13,SELL-CORE,HDFCAMC,2542.2,0.93,27,2600,-2.22
2026-07-30 10:11:17,SELL,KAYNES,3630.1,0.5,22,3700,-1.89
2026-07-30 10:11:17,SELL-CORE,KAYNES,3630.1,0.5,22,3700,-1.89
2026-07-30 10:11:31,SELL,MUTHOOTFIN,3019.7,0.65,22,3100,-2.59
2026-07-30 10:11:32,SELL-CORE,MUTHOOTFIN,3019.7,0.65,22,3100,-2.59
2026-07-30 10:11:37,SELL-CORE,FORTIS,950.95,0.81,42,950,0.1
2026-07-30 10:11:38,BUY-CORE,CIPLA,1477.2,0.45,44,1500,-1.52
2026-07-30 10:11:47,SELL,LODHA,1309.55,0.39,36,1300,0.73
2026-07-30 10:11:48,SELL-CORE,LODHA,1309.55,0.39,36,1300,0.73
2026-07-30 10:11:58,SELL,NAM-INDIA,1162.3,0.67,0,1200,-3.14
2026-07-30 10:11:59,SELL-CORE,NAM-INDIA,1162.3,0.67,0,1200,-3.14
2026-07-30 10:12:02,SELL,DABUR,419.1,0.85,0,430,-2.53
2026-07-30 10:12:08,SELL,PIDILITIND,1628.4,0.42,22,1700,-4.21
2026-07-30 10:12:08,SELL-CORE,PIDILITIND,1628.4,0.42,22,1700,-4.21
2026-07-30 10:12:09,SELL,BAJAJHLDNG,10947.0,0.81,0,11000,-0.48
2026-07-30 10:12:10,SELL-CORE,BAJAJHLDNG,10947.0,0.81,0,11000,-0.48
2026-07-30 10:12:13,SELL,GODREJCP,1068.1,0.5,0,1100,-2.9
2026-07-30 10:12:14,SELL-CORE,GODREJCP,1068.1,0.5,0,1100,-2.9
2026-07-30 10:12:19,SELL,SUPREMEIND,3476.8,0.56,22,3500,-0.66
2026-07-30 10:12:19,SELL-CORE,SUPREMEIND,3476.8,0.56,22,3500,-0.66
2026-07-30 10:15:40,SELL-CORE,BSE,3512.5,0.9,0,3600,-2.43
2026-07-30 10:15:49,SELL,VEDL,264.35,0.74,27,265,-0.25
2026-07-30 10:15:50,SELL-CORE,VEDL,264.35,0.74,27,265,-0.25
2026-07-30 10:15:57,SELL,ITC,286.3,0.66,0,290,-1.28
2026-07-30 10:15:57,SELL-CORE,ITC,286.3,0.66,0,290,-1.28
2026-07-30 10:16:04,SELL,TRENT,3007.0,0.68,36,3000,0.23
2026-07-30 10:16:05,SELL-CORE,TRENT,3007.0,0.68,36,3000,0.23
2026-07-30 10:16:09,BUY,AMBER,7430.0,1.08,73,7400,0.41
2026-07-30 10:16:13,SELL-CORE,INDIANB,825.8,1.16,27,830,-0.51
2026-07-30 10:16:18,BUY-CORE,KAYNES,3618.2,0.54,36,3650,-0.87
2026-07-30 10:16:34,SELL,BPCL,317.25,0.77,27,320,-0.86
2026-07-30 10:16:35,SELL-CORE,BPCL,317.25,0.77,27,320,-0.86
2026-07-30 10:16:37,SELL,FORTIS,949.9,0.81,27,950,-0.01
2026-07-30 10:16:39,SELL,CIPLA,1476.4,0.46,36,1500,-1.57
2026-07-30 10:16:40,SELL-CORE,CIPLA,1476.4,0.46,36,1500,-1.57
2026-07-30 10:16:43,BUY-CORE,GAIL,175.29,0.5,57,180,-2.62
2026-07-30 10:16:48,SELL,BANDHANBNK,172.4,0.73,0,180,-4.22
2026-07-30 10:16:48,SELL-CORE,BANDHANBNK,172.4,0.73,0,180,-4.22
2026-07-30 10:16:58,SELL,DRREDDY,1141.0,0.78,27,1150,-0.78
2026-07-30 10:16:58,SELL-CORE,DRREDDY,1141.0,0.78,27,1150,-0.78
2026-07-30 10:17:05,SELL-CORE,IRFC,88.54,0.86,0,90,-1.62
2026-07-30 10:17:11,SELL,KPITTECH,595.3,0.79,0,620,-3.98
2026-07-30 10:17:13,SELL,ASTRAL,1487.6,0.57,22,1500,-0.83
2026-07-30 10:17:14,SELL-CORE,ASTRAL,1487.6,0.57,22,1500,-0.83
2026-07-30 10:17:18,SELL,MOTILALOFS,843.35,0.85,0,880,-4.16
2026-07-30 10:17:20,SELL-CORE,MANKIND,2582.9,1.09,47,2600,-0.66
2026-07-30 10:17:21,COIL,MANKIND,2582.9,1.09,47,2600,-0.66
2026-07-30 10:20:38,SELL-CORE,ADANIENT,3023.0,0.93,27,3050,-0.89
2026-07-30 10:20:44,SELL,ADANIPOWER,209.73,0.81,27,215,-2.45
2026-07-30 10:20:44,SELL-CORE,ADANIPOWER,209.73,0.81,27,215,-2.45
2026-07-30 10:20:58,BUY-CORE,TMPV,330.4,0.89,53,330,0.12
2026-07-30 10:21:00,BUY-CORE,RECLTD,374.5,0.5,44,390,-3.97
2026-07-30 10:21:10,SELL,PNB,110.99,0.73,27,112,-0.9
2026-07-30 10:21:11,SELL-CORE,PNB,110.99,0.73,27,112,-0.9
2026-07-30 10:21:15,SELL,PATANJALI,356.65,0.69,22,360,-0.93
2026-07-30 10:21:16,SELL-CORE,PATANJALI,356.65,0.69,22,360,-0.93
2026-07-30 10:21:24,SELL,AUBANK,1026.0,0.85,0,1040,-1.35
2026-07-30 10:21:25,SELL,AUROPHARMA,1593.7,0.49,22,1600,-0.39
2026-07-30 10:21:26,SELL-CORE,AUROPHARMA,1593.7,0.49,22,1600,-0.39
2026-07-30 10:21:28,BUY,VOLTAS,1322.6,1.1,100,1300,1.74
2026-07-30 10:21:28,BUY-CORE,VOLTAS,1322.6,1.1,100,1300,1.74
2026-07-30 10:21:37,SELL,MAZDOCK,2277.5,0.8,0,2400,-5.1
2026-07-30 10:21:46,SELL,PRESTIGE,1600.2,0.84,0,1660,-3.6
2026-07-30 10:22:00,BUY-CORE,CAMS,794.7,0.82,53,790,0.59
2026-07-30 10:22:02,SELL-CORE,BHARATFORG,2159.0,0.96,0,2160,-0.05
2026-07-30 10:22:09,SELL-CORE,TIINDIA,2723.2,1.2,27,2800,-2.74
2026-07-30 10:25:31,SELL,MIDCPNIFTY,14669.15,0.76,0,14700,-0.21
2026-07-30 10:25:39,BUY-CORE,ADANIPOWER,209.88,0.81,53,215,-2.38
2026-07-30 10:25:40,SELL-CORE,BHARTIARTL,1948.2,0.76,42,1940,0.42
2026-07-30 10:25:46,SELL,HINDALCO,962.2,0.78,27,980,-1.82
2026-07-30 10:25:47,SELL-CORE,HINDALCO,962.2,0.78,27,980,-1.82
2026-07-30 10:25:53,SELL,MARUTI,13923.0,0.7,22,14000,-0.55
2026-07-30 10:25:54,SELL-CORE,MARUTI,13923.0,0.7,22,14000,-0.55
2026-07-30 10:26:08,SELL-CORE,BAJAJFINSV,1899.5,0.91,0,1920,-1.07
2026-07-30 10:26:17,BUY,MOTHERSON,146.15,1.04,73,145,0.79
2026-07-30 10:26:18,SELL,OFSS,11375.0,0.65,0,11500,-1.09
2026-07-30 10:26:19,SELL-CORE,OFSS,11375.0,0.65,0,11500,-1.09
2026-07-30 10:26:24,SELL,ABB,7213.0,0.85,0,7400,-2.53
2026-07-30 10:26:35,SELL,LICI,424.45,0.52,0,440,-3.53
2026-07-30 10:26:36,SELL-CORE,LICI,424.45,0.52,0,440,-3.53
2026-07-30 10:26:57,BUY-CORE,PAGEIND,41330.0,0.3,57,42000,-1.6
2026-07-30 10:31:19,SELL,ADANIPOWER,209.61,0.81,0,215,-2.51
2026-07-30 10:31:20,SELL-CORE,ADANIPOWER,209.61,0.81,0,215,-2.51
2026-07-30 10:31:24,SELL,TITAN,4844.8,0.76,27,4800,0.93
2026-07-30 10:31:25,SELL-CORE,TITAN,4844.8,0.76,27,4800,0.93
2026-07-30 10:32:17,SELL,CIPLA,1477.6,0.46,36,1500,-1.49
2026-07-30 10:32:17,SELL-CORE,CIPLA,1477.6,0.46,36,1500,-1.49
2026-07-30 10:32:29,SELL-CORE,JINDALSTEL,1088.9,0.9,42,1100,-1.01
2026-07-30 10:32:30,SELL,HINDPETRO,390.3,0.83,27,400,-2.42
2026-07-30 10:32:39,BUY-CORE,DRREDDY,1143.5,0.78,53,1150,-0.57
2026-07-30 10:32:47,SELL-CORE,IRFC,88.67,0.86,0,90,-1.48
2026-07-30 10:35:37,SELL,BHARTIARTL,1952.1,0.69,36,1960,-0.4
2026-07-30 10:35:49,SELL-CORE,TMPV,330.1,0.89,27,330,0.03
2026-07-30 10:35:50,BUY-CORE,RECLTD,376.15,0.5,57,385,-2.3
2026-07-30 10:35:51,SELL,TRENT,3004.6,0.67,0,3000,0.15
2026-07-30 10:35:52,SELL-CORE,TRENT,3004.6,0.67,0,3000,0.15
2026-07-30 10:35:53,SELL,NTPC,344.25,0.85,27,350,-1.64
2026-07-30 10:35:53,SELL-CORE,NTPC,344.25,0.85,27,350,-1.64
2026-07-30 10:35:59,SELL,ADANIPORTS,1670.2,0.73,0,1740,-4.01
2026-07-30 10:36:05,BUY-CORE,PATANJALI,357.4,0.7,36,360,-0.72
2026-07-30 10:36:43,SELL,MANAPPURAM,371.45,0.61,36,360,3.18
2026-07-30 10:36:43,SELL-CORE,MANAPPURAM,371.45,0.61,36,360,3.18
2026-07-30 10:36:44,BUY-CORE,TATAELXSI,3685.1,0.56,44,3700,-0.4
2026-07-30 10:36:51,BUY-CORE,SUPREMEIND,3490.3,0.56,57,3500,-0.28
2026-07-30 10:36:53,BUY-CORE,MANKIND,2600.0,0.76,73,2600,0.0
2026-07-30 10:40:39,SELL-CORE,ADANIENT,3027.5,0.91,27,3050,-0.74
2026-07-30 10:40:51,SELL,HINDALCO,962.35,0.77,27,980,-1.8
2026-07-30 10:40:51,SELL-CORE,HINDALCO,962.35,0.77,27,980,-1.8
2026-07-30 10:40:59,BUY-CORE,TMPV,330.3,0.89,42,330,0.09
2026-07-30 10:41:30,SELL,CIPLA,1476.4,0.46,36,1500,-1.57
2026-07-30 10:41:30,SELL-CORE,CIPLA,1476.4,0.46,36,1500,-1.57
2026-07-30 10:41:32,SELL,MAZDOCK,2278.6,0.85,0,2350,-3.04
2026-07-30 10:41:51,BUY-CORE,BRITANNIA,5545.0,0.35,44,5600,-0.98
2026-07-30 10:41:54,SELL,IRFC,88.58,0.85,0,90,-1.58
2026-07-30 10:42:00,SELL,KPITTECH,592.2,0.85,0,600,-1.3
2026-07-30 10:45:43,SELL-CORE,SBIN,1013.7,0.95,0,1020,-0.62
2026-07-30 10:45:45,BUY-CORE,HDFCBANK,748.7,0.63,44,770,-2.77
2026-07-30 10:45:51,BUY-CORE,ADANIPOWER,210.0,0.81,42,215,-2.33
2026-07-30 10:45:57,BUY-CORE,HINDALCO,965.85,0.77,53,980,-1.44
2026-07-30 10:45:58,BUY-CORE,PFC,427.15,0.64,36,430,-0.66
2026-07-30 10:46:26,BUY,MOTHERSON,146.21,1.03,73,145,0.83
2026-07-30 10:46:39,SELL,RBLBANK,369.65,0.55,0,370,-0.09
2026-07-30 10:46:40,SELL-CORE,RBLBANK,369.65,0.55,0,370,-0.09
2026-07-30 10:46:56,SELL,JSWENERGY,545.15,0.82,27,570,-4.36
2026-07-30 10:47:00,SELL,DABUR,420.3,0.85,0,430,-2.26
2026-07-30 10:50:39,SELL,MIDCPNIFTY,14663.3,0.75,0,14700,-0.25
2026-07-30 10:51:18,SELL,FEDERALBNK,355.75,0.85,0,355,0.21
2026-07-30 10:51:24,BUY-CORE,KAYNES,3655.0,0.49,57,3700,-1.22
2026-07-30 10:52:01,BUY-CORE,LODHA,1316.6,0.29,36,1340,-1.75
2026-07-30 10:52:20,BUY-CORE,CONCOR,528.85,0.6,44,540,-2.06
2026-07-30 10:52:31,SELL-CORE,BHARATFORG,2158.2,0.96,0,2160,-0.08
2026-07-30 10:52:34,SELL,BAJAJHLDNG,10964.0,0.41,0,11500,-4.66
2026-07-30 10:52:34,SELL-CORE,BAJAJHLDNG,10964.0,0.41,0,11500,-4.66
2026-07-30 10:55:55,BUY-CORE,NTPC,345.25,0.86,53,350,-1.36
2026-07-30 10:56:14,BUY-CORE,POWERGRID,284.75,0.84,53,290,-1.81
2026-07-30 10:56:16,SELL,OFSS,11413.0,0.66,0,11500,-0.76
2026-07-30 10:56:16,SELL-CORE,OFSS,11413.0,0.66,0,11500,-0.76
2026-07-30 10:56:27,BUY-CORE,CIPLA,1474.2,0.54,36,1500,-1.72
2026-07-30 10:56:29,BUY-CORE,RBLBANK,371.5,0.55,57,370,0.41
2026-07-30 10:56:51,BUY-CORE,BLUESTARCO,1679.6,0.81,42,1660,1.18
2026-07-30 11:01:04,BUY-CORE,HDFCBANK,750.0,0.63,44,770,-2.6
2026-07-30 11:01:07,SELL,AXISBANK,1227.0,0.83,27,1260,-2.62
2026-07-30 11:01:08,SELL-CORE,AXISBANK,1227.0,0.83,27,1260,-2.62
2026-07-30 11:01:11,SELL,BHARTIARTL,1946.1,0.68,36,1960,-0.71
2026-07-30 11:01:11,SELL-CORE,BHARTIARTL,1946.1,0.68,36,1960,-0.71
2026-07-30 11:01:16,BUY-CORE,LT,3933.9,0.73,73,4000,-1.65
2026-07-30 11:01:23,SELL,SAIL,168.51,0.62,0,172.5,-2.31
2026-07-30 11:01:23,SELL-CORE,SAIL,168.51,0.62,0,172.5,-2.31
2026-07-30 11:01:37,SELL,KAYNES,3624.4,0.54,36,3650,-0.7
2026-07-30 11:01:38,SELL-CORE,KAYNES,3624.4,0.54,36,3650,-0.7
2026-07-30 11:01:44,SELL,JSWSTEEL,1268.0,0.69,0,1280,-0.94
2026-07-30 11:01:44,SELL-CORE,JSWSTEEL,1268.0,0.69,0,1280,-0.94
2026-07-30 11:02:02,SELL,SBILIFE,1889.1,0.64,22,1900,-0.57
2026-07-30 11:02:02,SELL-CORE,SBILIFE,1889.1,0.64,22,1900,-0.57
2026-07-30 11:02:06,BUY-CORE,JINDALSTEL,1091.5,0.82,53,1100,-0.77
2026-07-30 11:05:37,SELL,BAJFINANCE,1046.1,0.74,0,1050,-0.37
2026-07-30 11:05:59,SELL,ASHOKLEY,156.52,0.84,0,160,-2.17
2026-07-30 11:06:09,BUY-CORE,PATANJALI,357.4,0.71,42,360,-0.72
2026-07-30 11:06:21,SELL,ABB,7259.5,0.78,0,7400,-1.9
2026-07-30 11:10:50,SELL,ADANIPOWER,209.88,0.8,27,215,-2.38
2026-07-30 11:10:50,SELL-CORE,ADANIPOWER,209.88,0.8,27,215,-2.38
2026-07-30 11:11:01,SELL,CGPOWER,820.55,0.62,0,880,-6.76
2026-07-30 11:11:02,SELL-CORE,CGPOWER,820.55,0.62,0,880,-6.76
2026-07-30 11:11:10,SELL-CORE,AMBER,7423.0,1.09,58,7400,0.31
2026-07-30 11:11:21,SELL,PATANJALI,357.0,0.71,27,360,-0.83
2026-07-30 11:11:22,COIL,CUMMINSIND,5394.5,1.14,47,5500,-1.92
2026-07-30 11:11:54,SELL,ZYDUSLIFE,1114.7,0.82,0,1120,-0.47
2026-07-30 11:11:54,SELL-CORE,ZYDUSLIFE,1114.7,0.82,0,1120,-0.47
2026-07-30 11:11:57,SELL-CORE,JSWENERGY,544.4,0.94,27,550,-1.02
2026-07-30 11:11:59,SELL,CONCOR,527.9,0.6,36,540,-2.24
2026-07-30 11:12:00,SELL-CORE,CONCOR,527.9,0.6,36,540,-2.24
2026-07-30 11:12:03,SELL,DABUR,418.9,0.85,0,430,-2.58
2026-07-30 11:12:08,SELL,PIDILITIND,1627.4,0.41,22,1700,-4.27
2026-07-30 11:12:09,SELL-CORE,PIDILITIND,1627.4,0.41,22,1700,-4.27
2026-07-30 11:15:40,SELL,MIDCPNIFTY,14662.75,0.74,0,14700,-0.25
2026-07-30 11:15:47,SELL,BAJFINANCE,1045.8,0.74,0,1050,-0.4
2026-07-30 11:15:56,BUY-CORE,HINDALCO,966.85,0.77,53,980,-1.34
2026-07-30 11:16:45,BUY-CORE,GAIL,175.25,0.51,44,180,-2.64
2026-07-30 11:17:06,BUY-CORE,HAVELLS,1239.8,0.62,44,1260,-1.6
2026-07-30 11:17:15,SELL,BAJAJHLDNG,10959.0,0.38,0,11500,-4.7
2026-07-30 11:17:16,SELL-CORE,BAJAJHLDNG,10959.0,0.38,0,11500,-4.7
2026-07-30 11:20:39,BUY-CORE,ADANIENT,3046.4,0.86,42,3100,-1.73
2026-07-30 11:20:39,SELL-CORE,ADANIENT,3046.4,0.86,42,3100,-1.73
2026-07-30 11:20:46,BUY-CORE,ADANIPOWER,210.24,0.81,42,215,-2.21
2026-07-30 11:20:57,BUY-CORE,MARUTI,13959.0,0.6,44,14000,-0.29
2026-07-30 11:21:15,BUY-CORE,LAURUSLABS,1782.3,0.65,44,1760,1.27
2026-07-30 11:21:22,BUY,MOTHERSON,146.21,1.02,73,145,0.83
2026-07-30 11:21:46,BUY-CORE,TATAPOWER,376.4,0.68,36,380,-0.95
2026-07-30 11:21:58,BUY-CORE,MANAPPURAM,373.25,0.52,44,370,0.88
2026-07-30 11:25:40,SELL,HINDZINC,538.05,0.72,27,550,-2.17
2026-07-30 11:25:41,SELL-CORE,HINDZINC,538.05,0.72,27,550,-2.17
2026-07-30 11:25:50,SELL,MARUTI,13933.0,0.68,22,14000,-0.48
2026-07-30 11:25:50,SELL-CORE,MARUTI,13933.0,0.68,22,14000,-0.48
2026-07-30 11:26:04,BUY,BAJAJ-AUTO,11448.0,1.03,100,11300,1.31
2026-07-30 11:26:06,BUY-CORE,KAYNES,3647.3,0.48,44,3700,-1.42
2026-07-30 11:26:23,SELL,COCHINSHIP,1390.6,0.66,0,1400,-0.67
2026-07-30 11:26:32,BUY-CORE,SIEMENS,3629.0,0.73,42,3700,-1.92
2026-07-30 11:26:43,SELL,JSWENERGY,545.15,0.82,27,570,-4.36
2026-07-30 11:26:57,BUY-CORE,GODFRYPHLP,2077.8,0.51,36,2200,-5.55
2026-07-30 11:31:15,BUY-CORE,MIDCPNIFTY,14703.3,0.79,53,14700,0.02
2026-07-30 11:31:18,BUY-CORE,ADANIENT,3047.0,0.86,42,3100,-1.71
2026-07-30 11:31:27,BUY-CORE,NATIONALUM,346.9,0.75,53,350,-0.89
2026-07-30 11:31:52,BUY-CORE,PATANJALI,357.45,0.72,53,360,-0.71
2026-07-30 11:31:57,SELL,IDFCFIRSTB,84.71,0.64,22,88,-3.74
2026-07-30 11:32:27,BUY-CORE,PGEL,615.25,0.48,36,620,-0.77
2026-07-30 11:32:46,BUY-CORE,MANKIND,2596.0,0.82,73,2600,-0.15
2026-07-30 11:35:46,SELL,CGPOWER,819.75,0.61,0,880,-6.85
2026-07-30 11:35:46,SELL-CORE,CGPOWER,819.75,0.61,0,880,-6.85
2026-07-30 11:35:48,BUY-CORE,MARUTI,13968.0,0.6,44,14000,-0.23
2026-07-30 11:35:52,BUY-CORE,TRENT,3005.9,0.67,44,3000,0.2
2026-07-30 11:36:05,COIL,CUMMINSIND,5389.0,1.14,64,5500,-2.02
2026-07-30 11:36:26,SELL,SBILIFE,1890.4,0.46,22,1940,-2.56
2026-07-30 11:36:27,SELL-CORE,SBILIFE,1890.4,0.46,22,1940,-2.56
2026-07-30 11:36:43,SELL,DABUR,423.2,0.63,22,435,-2.71
2026-07-30 11:36:52,SELL-CORE,TIINDIA,2725.5,1.09,27,2800,-2.66
2026-07-30 11:40:35,SELL-CORE,MIDCPNIFTY,14699.75,0.8,42,14700,-0.0
2026-07-30 11:41:14,SELL,IDFCFIRSTB,84.72,0.64,22,88,-3.73
2026-07-30 11:41:15,SELL-CORE,IDFCFIRSTB,84.72,0.64,22,88,-3.73
2026-07-30 11:41:21,SELL,ABB,7301.0,0.82,27,7400,-1.34
2026-07-30 11:41:22,SELL-CORE,ABB,7301.0,0.82,27,7400,-1.34
2026-07-30 11:41:42,BUY-CORE,ZYDUSLIFE,1123.0,0.73,42,1130,-0.62
2026-07-30 11:41:44,BUY-CORE,PGEL,619.6,0.48,57,620,-0.06
2026-07-30 11:45:40,SELL,MIDCPNIFTY,14695.95,0.81,27,14700,-0.03
2026-07-30 11:45:50,SELL,BHARTIARTL,1946.5,0.68,22,1960,-0.69
2026-07-30 11:45:50,SELL-CORE,BHARTIARTL,1946.5,0.68,22,1960,-0.69
2026-07-30 11:46:16,SELL,PNB,110.9,0.78,27,112,-0.98
2026-07-30 11:46:16,SELL-CORE,PNB,110.9,0.78,27,112,-0.98
2026-07-30 11:46:25,SELL,JSWSTEEL,1267.3,0.73,27,1280,-0.99
2026-07-30 11:46:26,SELL-CORE,JSWSTEEL,1267.3,0.73,27,1280,-0.99
2026-07-30 11:46:39,SELL,IOC,139.73,0.84,27,142.5,-1.94
2026-07-30 11:46:40,SELL-CORE,IOC,139.73,0.84,27,142.5,-1.94
2026-07-30 11:46:42,SELL,NAUKRI,1244.6,0.55,22,1280,-2.77
2026-07-30 11:46:43,SELL-CORE,NAUKRI,1244.6,0.55,22,1280,-2.77
2026-07-30 11:47:17,SELL,SUPREMEIND,3455.0,0.61,22,3500,-1.29
2026-07-30 11:47:18,SELL-CORE,SUPREMEIND,3455.0,0.61,22,3500,-1.29
2026-07-30 11:47:20,BUY,MANKIND,2587.1,1.21,100,2600,-0.5
2026-07-30 11:50:54,BUY-CORE,TITAN,4854.4,0.74,53,4800,1.13
2026-07-30 11:50:56,BUY-CORE,LT,3941.3,0.73,73,4000,-1.47
2026-07-30 11:51:19,SELL-CORE,PATANJALI,355.8,0.72,42,360,-1.17
2026-07-30 11:51:20,SELL-CORE,CUMMINSIND,5383.0,1.13,47,5500,-2.13
2026-07-30 11:51:29,SELL,TORNTPHARM,4875.1,0.7,22,5000,-2.5
2026-07-30 11:51:30,SELL-CORE,TORNTPHARM,4875.1,0.7,22,5000,-2.5
2026-07-30 11:51:45,SELL-CORE,SIEMENS,3628.3,0.72,42,3700,-1.94
2026-07-30 11:51:52,SELL,TATAPOWER,376.45,0.68,22,380,-0.93
2026-07-30 11:51:53,SELL-CORE,TATAPOWER,376.45,0.68,22,380,-0.93
2026-07-30 11:52:13,SELL-CORE,DALBHARAT,1805.6,0.91,27,1840,-1.87
2026-07-30 11:56:03,SELL,FEDERALBNK,353.85,0.85,0,355,-0.32
2026-07-30 11:56:17,BUY-CORE,TORNTPHARM,4884.9,0.7,44,5000,-2.3
2026-07-30 11:56:20,SELL,ABB,7282.5,0.85,27,7400,-1.59
2026-07-30 11:56:21,SELL-CORE,ABB,7282.5,0.85,27,7400,-1.59
2026-07-30 11:56:24,SELL,COCHINSHIP,1395.8,0.66,0,1400,-0.3
2026-07-30 11:56:43,SELL-CORE,JSWENERGY,543.3,0.93,27,550,-1.22
2026-07-30 12:01:34,BUY,MOTHERSON,146.2,1.02,73,145,0.83
2026-07-30 12:01:51,SELL,SIEMENS,3631.9,0.72,27,3700,-1.84
2026-07-30 12:01:54,SELL,HINDPETRO,387.9,0.85,0,400,-3.03
2026-07-30 12:01:56,COIL,TATACONSUM,1094.3,1.07,64,1100,-0.52
2026-07-30 12:06:31,BUY-CORE,SIEMENS,3627.2,0.72,53,3700,-1.97
2026-07-30 12:06:41,BUY-CORE,DRREDDY,1141.4,0.78,53,1150,-0.75
2026-07-30 12:06:48,SELL,BLUESTARCO,1677.8,0.84,27,1660,1.07
2026-07-30 12:06:59,SELL-CORE,SRF,2615.8,0.87,27,2700,-3.12
2026-07-30 12:10:45,BUY-CORE,SBIN,1016.0,0.87,73,1020,-0.39
2026-07-30 12:11:15,BUY,BAJAJ-AUTO,11435.0,1.06,100,11300,1.19
2026-07-30 12:11:17,SELL,KAYNES,3618.1,0.52,22,3650,-0.87
2026-07-30 12:11:18,SELL-CORE,KAYNES,3618.1,0.52,22,3650,-0.87
2026-07-30 12:11:25,SELL,IDFCFIRSTB,84.56,0.64,22,88,-3.91
2026-07-30 12:11:54,SELL,HAVELLS,1235.5,0.62,22,1260,-1.94
2026-07-30 12:11:55,SELL-CORE,HAVELLS,1235.5,0.62,22,1260,-1.94
2026-07-30 12:12:04,BUY-CORE,PAGEIND,41255.0,0.35,57,42000,-1.77
2026-07-30 12:15:50,SELL,HDFCBANK,749.55,0.63,22,770,-2.66
2026-07-30 12:15:51,SELL-CORE,HDFCBANK,749.55,0.63,22,770,-2.66
2026-07-30 12:16:00,BUY-CORE,TITAN,4852.7,0.74,53,4800,1.1
2026-07-30 12:16:08,SELL,MARUTI,13936.0,0.69,22,14000,-0.46
2026-07-30 12:16:09,SELL-CORE,MARUTI,13936.0,0.69,22,14000,-0.46
2026-07-30 12:16:25,SELL,PATANJALI,355.75,0.72,27,360,-1.18
2026-07-30 12:16:53,COIL,TATACONSUM,1094.2,1.05,64,1100,-0.53
2026-07-30 12:17:07,SELL-CORE,BHARATFORG,2153.2,0.9,0,2180,-1.23
2026-07-30 12:20:44,BUY-CORE,HDFCBANK,749.75,0.63,44,770,-2.63
2026-07-30 12:21:01,SELL,SAIL,168.03,0.62,0,172.5,-2.59
2026-07-30 12:21:02,SELL-CORE,SAIL,168.03,0.62,0,172.5,-2.59
2026-07-30 12:21:38,SELL,GAIL,174.39,0.5,22,180,-3.12
2026-07-30 12:21:39,SELL-CORE,GAIL,174.39,0.5,22,180,-3.12
2026-07-30 12:21:43,SELL-CORE,SIEMENS,3624.0,1.1,27,3600,0.67
2026-07-30 12:22:11,SELL,COLPAL,2097.9,0.69,0,2160,-2.87
2026-07-30 12:25:42,SELL,ADANIPOWER,208.7,0.8,0,215,-2.93
2026-07-30 12:25:42,SELL-CORE,ADANIPOWER,208.7,0.8,0,215,-2.93
2026-07-30 12:26:40,SELL-CORE,TATACONSUM,1093.6,1.05,47,1100,-0.58
2026-07-30 12:26:53,BUY-CORE,BLUESTARCO,1676.5,0.84,42,1660,0.99
2026-07-30 12:31:07,BUY-CORE,MIDCPNIFTY,14693.2,0.81,42,14700,-0.05
2026-07-30 12:31:25,SELL,MARUTI,13949.0,0.69,22,14000,-0.36
2026-07-30 12:31:25,SELL-CORE,MARUTI,13949.0,0.69,22,14000,-0.36
2026-07-30 12:31:29,SELL,TRENT,3001.8,0.66,22,3000,0.06
2026-07-30 12:31:29,SELL-CORE,TRENT,3001.8,0.66,22,3000,0.06
2026-07-30 12:31:50,BUY-CORE,TORNTPHARM,4877.0,0.69,44,5000,-2.46
2026-07-30 12:32:05,SELL,LODHA,1303.75,0.38,36,1320,-1.23
2026-07-30 12:32:06,SELL-CORE,LODHA,1303.75,0.38,36,1320,-1.23
2026-07-30 12:32:19,SELL,IRFC,88.54,0.82,0,90,-1.62
2026-07-30 12:32:23,SELL,BAJAJHLDNG,10954.0,0.4,0,11500,-4.75
2026-07-30 12:32:24,SELL-CORE,BAJAJHLDNG,10954.0,0.4,0,11500,-4.75
2026-07-30 12:35:32,BUY,NIFTY,24314.55,1.15,100,24250,0.27
2026-07-30 12:35:33,BUY-CORE,NIFTY,24314.55,1.15,100,24250,0.27
2026-07-30 12:35:37,SELL-CORE,ADANIENT,3047.8,0.86,27,3100,-1.68
2026-07-30 12:35:42,BUY-CORE,ADANIENSOL,1672.7,0.52,44,1700,-1.61
2026-07-30 12:35:44,BUY-CORE,BHARTIARTL,1952.5,0.61,44,1960,-0.38
2026-07-30 12:35:48,BUY-CORE,TITAN,4866.3,0.75,53,4800,1.38
2026-07-30 12:35:50,BUY-CORE,LT,3947.1,0.72,73,4000,-1.32
2026-07-30 12:35:58,BUY-CORE,MARUTI,13984.0,0.6,57,14000,-0.11
2026-07-30 12:35:59,SELL,SAIL,168.84,0.56,0,175,-3.52
2026-07-30 12:36:00,SELL-CORE,SAIL,168.84,0.56,0,175,-3.52
2026-07-30 12:36:02,BUY-CORE,TMPV,333.0,0.77,73,335,-0.6
2026-07-30 12:36:04,BUY-CORE,TRENT,3009.8,0.67,44,3000,0.33
2026-07-30 12:36:13,BUY-CORE,PNB,111.28,0.79,53,112,-0.64
2026-07-30 12:36:19,SELL,GRASIM,3096.7,0.54,0,3200,-3.23
2026-07-30 12:36:33,BUY-CORE,APOLLOHOSP,8964.5,0.59,57,9000,-0.39
2026-07-30 12:36:36,BUY-CORE,NAUKRI,1251.05,0.49,44,1300,-3.77
2026-07-30 12:36:52,BUY-CORE,PGEL,615.8,0.47,44,620,-0.68
2026-07-30 12:36:54,BUY-CORE,HAVELLS,1242.9,0.62,44,1260,-1.36
2026-07-30 12:36:57,SELL,ICICIPRULI,509.4,0.71,0,515,-1.09
2026-07-30 12:36:58,SELL-CORE,ICICIPRULI,509.4,0.71,0,515,-1.09
2026-07-30 12:37:00,BUY-CORE,CAMS,797.7,0.61,44,800,-0.29
2026-07-30 12:37:09,BUY-CORE,JUBLFOOD,439.1,0.67,44,440,-0.2
2026-07-30 12:41:00,SELL,ASHOKLEY,157.13,0.82,27,160,-1.79
2026-07-30 12:41:00,SELL-CORE,ASHOKLEY,157.13,0.82,27,160,-1.79
2026-07-30 12:41:06,BUY,BAJAJ-AUTO,11437.0,1.07,100,11300,1.21
2026-07-30 12:41:21,SELL-CORE,INDUSINDBK,1005.75,0.94,27,1010,-0.42
2026-07-30 12:41:37,BUY-CORE,TATAPOWER,377.1,0.68,36,380,-0.76
2026-07-30 12:41:38,SELL,BIOCON,423.5,0.82,0,430,-1.51
2026-07-30 12:41:53,SELL-CORE,TIINDIA,2695.6,1.25,27,2800,-3.73
2026-07-30 12:45:57,SELL,PFC,425.2,0.63,22,430,-1.12
2026-07-30 12:45:57,SELL-CORE,PFC,425.2,0.63,22,430,-1.12
2026-07-30 12:46:24,BUY,MOTHERSON,146.22,1.02,73,145,0.84
2026-07-30 12:46:33,SELL,DMART,3849.4,0.84,27,3900,-1.3
2026-07-30 12:46:33,SELL-CORE,DMART,3849.4,0.84,27,3900,-1.3
2026-07-30 12:51:06,BUY-CORE,TRENT,3002.7,0.66,44,3000,0.09
2026-07-30 12:51:15,BUY-CORE,PNB,111.32,0.81,53,112,-0.61
2026-07-30 12:51:21,SELL,LAURUSLABS,1777.3,0.67,22,1760,0.98
2026-07-30 12:51:21,SELL-CORE,LAURUSLABS,1777.3,0.67,22,1760,0.98
2026-07-30 12:51:29,SELL,TORNTPHARM,4874.4,0.72,27,5000,-2.51
2026-07-30 12:51:30,SELL-CORE,TORNTPHARM,4874.4,0.72,27,5000,-2.51
2026-07-30 12:51:37,BUY-CORE,DMART,3852.2,0.82,42,3900,-1.23
2026-07-30 12:51:50,SELL-CORE,TATACONSUM,1094.4,1.01,47,1100,-0.51
2026-07-30 12:51:50,COIL,TATACONSUM,1094.4,1.01,47,1100,-0.51
2026-07-30 12:55:44,SELL,PFC,424.8,0.63,0,430,-1.21
2026-07-30 12:55:44,SELL-CORE,PFC,424.8,0.63,0,430,-1.21
2026-07-30 12:55:50,SELL,MARUTI,13900.0,0.68,0,14000,-0.71
2026-07-30 12:55:51,SELL-CORE,MARUTI,13900.0,0.68,0,14000,-0.71
2026-07-30 12:55:57,SELL,INDIGO,5216.5,0.83,0,5300,-1.58
2026-07-30 12:56:14,SELL,IDFCFIRSTB,84.76,0.64,22,88,-3.68
2026-07-30 12:56:15,SELL-CORE,IDFCFIRSTB,84.76,0.64,22,88,-3.68
2026-07-30 12:56:21,BUY,APLAPOLLO,1889.7,1.07,73,1840,2.7
2026-07-30 12:56:47,SELL-CORE,JSWENERGY,543.3,0.94,27,550,-1.22
2026-07-30 13:01:08,SELL,CANBK,124.22,0.7,22,130,-4.45
2026-07-30 13:01:08,SELL-CORE,CANBK,124.22,0.7,22,130,-4.45
2026-07-30 13:01:13,SELL,HINDALCO,962.85,0.77,27,980,-1.75
2026-07-30 13:01:14,SELL-CORE,HINDALCO,962.85,0.77,27,980,-1.75
2026-07-30 13:01:22,BUY-CORE,TMPV,332.35,0.87,73,330,0.71
2026-07-30 13:01:36,SELL,KAYNES,3625.1,0.48,22,3700,-2.02
2026-07-30 13:01:36,SELL-CORE,KAYNES,3625.1,0.48,22,3700,-2.02
2026-07-30 13:01:40,BUY-CORE,LAURUSLABS,1777.7,0.67,36,1760,1.01
2026-07-30 13:01:49,BUY-CORE,TORNTPHARM,4885.6,0.67,57,5000,-2.29
2026-07-30 13:01:56,BUY-CORE,COCHINSHIP,1405.5,0.66,44,1400,0.39
2026-07-30 13:01:57,SELL,DMART,3851.5,0.82,27,3950,-2.49
2026-07-30 13:02:06,SELL,SIEMENS,3635.1,0.85,27,3700,-1.75
2026-07-30 13:02:17,BUY-CORE,DRREDDY,1143.0,0.78,53,1150,-0.61
2026-07-30 13:05:31,SELL-CORE,MIDCPNIFTY,14682.1,0.96,42,14700,-0.12
2026-07-30 13:05:36,SELL,BAJFINANCE,1045.7,0.77,0,1050,-0.41
2026-07-30 13:05:41,SELL,BHARTIARTL,1948.6,0.67,22,1960,-0.58
2026-07-30 13:05:41,SELL-CORE,BHARTIARTL,1948.6,0.67,22,1960,-0.58
2026-07-30 13:05:59,BUY,AMBER,7441.5,1.11,73,7400,0.56
2026-07-30 13:06:12,SELL,GRASIM,3091.5,0.55,0,3200,-3.39
2026-07-30 13:06:22,BUY,APLAPOLLO,1888.8,1.07,73,1840,2.65
2026-07-30 13:06:26,SELL-CORE,UPL,602.8,0.96,0,610,-1.18
2026-07-30 13:06:29,SELL,FORTIS,950.85,0.81,27,950,0.09
2026-07-30 13:06:29,SELL-CORE,FORTIS,950.85,0.81,27,950,0.09
2026-07-30 13:06:43,SELL,GLENMARK,2214.1,0.71,27,2300,-3.73
2026-07-30 13:06:49,SELL,PGEL,612.3,0.75,27,610,0.38
2026-07-30 13:06:50,SELL-CORE,PGEL,612.3,0.75,27,610,0.38
2026-07-30 13:10:54,SELL,VEDL,263.9,0.7,22,265,-0.42
2026-07-30 13:10:55,SELL-CORE,VEDL,263.9,0.7,22,265,-0.42
2026-07-30 13:10:58,SELL,NATIONALUM,344.45,0.75,27,350,-1.59
2026-07-30 13:10:59,SELL-CORE,NATIONALUM,344.45,0.75,27,350,-1.59
2026-07-30 13:11:45,SELL,GAIL,174.31,0.5,22,180,-3.16
2026-07-30 13:11:46,SELL-CORE,GAIL,174.31,0.5,22,180,-3.16
2026-07-30 13:11:51,SELL,LODHA,1298.0,0.38,22,1320,-1.67
2026-07-30 13:11:52,SELL-CORE,LODHA,1298.0,0.38,22,1320,-1.67
2026-07-30 13:11:55,SELL-CORE,TATACONSUM,1092.3,1.0,47,1100,-0.7
2026-07-30 13:12:05,COIL,PHOENIXLTD,1887.8,1.22,47,1900,-0.64
2026-07-30 13:15:50,BUY-CORE,BHARTIARTL,1949.2,0.66,44,1960,-0.55
2026-07-30 13:15:58,SELL,ITC,285.45,0.8,0,290,-1.57
2026-07-30 13:15:58,SELL-CORE,ITC,285.45,0.8,0,290,-1.57
2026-07-30 13:16:04,SELL,RECLTD,373.45,0.5,0,385,-3.0
2026-07-30 13:16:05,SELL-CORE,RECLTD,373.45,0.5,0,385,-3.0
2026-07-30 13:16:08,SELL-CORE,AMBER,7428.5,1.1,47,7400,0.39
2026-07-30 13:16:16,SELL,POLYCAB,8943.0,0.85,0,9000,-0.63
2026-07-30 13:16:40,SELL,SIEMENS,3626.7,0.85,0,3700,-1.98
2026-07-30 13:16:41,SELL-CORE,SIEMENS,3626.7,0.85,0,3700,-1.98
2026-07-30 13:16:51,SELL-CORE,JSWENERGY,541.7,0.93,27,550,-1.51
2026-07-30 13:16:56,SELL,IRFC,88.49,0.85,0,90,-1.68
2026-07-30 13:17:08,SELL-CORE,MANKIND,2579.2,1.16,58,2600,-0.8
2026-07-30 13:17:09,COIL,MANKIND,2579.2,1.16,58,2600,-0.8
2026-07-30 13:25:41,BUY-CORE,NIFTY,24279.65,0.98,53,24250,0.12
2026-07-30 13:25:48,SELL,BAJFINANCE,1045.3,0.78,0,1050,-0.45
2026-07-30 13:25:48,SELL-CORE,BAJFINANCE,1045.3,0.78,0,1050,-0.45
2026-07-30 13:25:52,SELL,TATASTEEL,186.4,0.74,0,190,-1.89
2026-07-30 13:25:57,BUY-CORE,M&M,3269.0,0.62,44,3350,-2.42
2026-07-30 13:25:59,BUY-CORE,LT,3934.6,0.73,53,4000,-1.64
2026-07-30 13:26:18,BUY-CORE,PNB,111.35,0.81,53,112,-0.58
2026-07-30 13:26:29,SELL-CORE,MOTHERSON,145.27,1.0,58,145,0.19
2026-07-30 13:27:04,SELL,TATAELXSI,3655.0,0.67,22,3700,-1.22
2026-07-30 13:27:05,SELL-CORE,TATAELXSI,3655.0,0.67,22,3700,-1.22
2026-07-30 13:27:07,BUY-CORE,PAGEIND,41130.0,0.46,57,42000,-2.07
2026-07-30 13:27:15,SELL,SRF,2603.5,0.85,27,2700,-3.57
2026-07-30 13:31:12,BUY,NIFTY,24270.3,1.21,73,24200,0.29
2026-07-30 13:31:35,SELL,TRENT,2994.0,0.65,0,3000,-0.2
2026-07-30 13:31:36,SELL-CORE,TRENT,2994.0,0.65,0,3000,-0.2
2026-07-30 13:31:39,SELL-CORE,AMBER,7418.0,1.1,47,7400,0.24
2026-07-30 13:32:08,SELL,NAUKRI,1240.9,0.57,0,1260,-1.52
2026-07-30 13:32:09,SELL-CORE,NAUKRI,1240.9,0.57,0,1260,-1.52
2026-07-30 13:32:28,SELL-CORE,MPHASIS,2361.5,0.71,42,2400,-1.6
2026-07-30 13:32:33,SELL,MANAPPURAM,369.55,0.61,36,365,1.25
2026-07-30 13:32:34,SELL-CORE,MANAPPURAM,369.55,0.61,36,365,1.25
2026-07-30 13:32:36,SELL,BAJAJHLDNG,10942.0,0.83,0,11000,-0.53
2026-07-30 13:32:36,SELL-CORE,BAJAJHLDNG,10942.0,0.83,0,11000,-0.53
2026-07-30 13:32:44,SELL,DALBHARAT,1794.9,0.85,0,1840,-2.45
2026-07-30 13:32:45,SELL,OBEROIRLTY,1813.5,0.46,0,1840,-1.44
2026-07-30 13:32:46,SELL-CORE,OBEROIRLTY,1813.5,0.46,0,1840,-1.44
2026-07-30 13:36:35,SELL,SIEMENS,3625.2,0.85,0,3700,-2.02
2026-07-30 13:40:34,BUY,NIFTY,24295.4,1.04,73,24250,0.19
2026-07-30 13:40:53,BUY-CORE,MARUTI,13975.0,0.51,44,14000,-0.18
2026-07-30 13:41:05,BUY-CORE,PNB,111.37,0.81,53,112,-0.56
2026-07-30 13:41:15,BUY,MOTHERSON,145.72,1.0,73,145,0.5
2026-07-30 13:41:16,SELL,OFSS,11134.0,0.85,0,11300,-1.47
2026-07-30 13:41:18,BUY-CORE,TORNTPHARM,4888.1,0.67,44,5000,-2.24
2026-07-30 13:41:21,SELL-CORE,INDUSINDBK,1007.25,0.95,27,1010,-0.27
2026-07-30 13:41:23,SELL-CORE,LICHSGFIN,544.05,1.07,27,540,0.75
2026-07-30 13:41:26,BUY-CORE,DMART,3853.4,0.79,42,3950,-2.45
2026-07-30 13:41:46,SELL,MPHASIS,2362.0,0.72,27,2400,-1.58
2026-07-30 13:41:52,SELL,PIDILITIND,1623.2,0.4,0,1700,-4.52
2026-07-30 13:41:52,SELL-CORE,PIDILITIND,1623.2,0.4,0,1700,-4.52
2026-07-30 13:46:12,SELL,TRENT,2989.0,0.65,0,3000,-0.37
2026-07-30 13:46:12,SELL-CORE,TRENT,2989.0,0.65,0,3000,-0.37
2026-07-30 13:46:23,BUY,BAJAJ-AUTO,11447.0,1.09,100,11300,1.3
2026-07-30 13:46:49,SELL,SIEMENS,3625.9,0.85,0,3700,-2.0
2026-07-30 13:50:48,SELL,TITAN,4837.6,0.75,27,4800,0.78
2026-07-30 13:50:48,SELL-CORE,TITAN,4837.6,0.75,27,4800,0.78
2026-07-30 13:51:06,SELL-CORE,HDFCAMC,2534.7,0.89,27,2600,-2.51
2026-07-30 13:51:25,BUY-CORE,COCHINSHIP,1401.8,0.66,44,1400,0.13
2026-07-30 13:51:29,SELL,MAZDOCK,2310.4,0.72,27,2400,-3.73
2026-07-30 13:51:29,SELL-CORE,MAZDOCK,2310.4,0.72,27,2400,-3.73
2026-07-30 13:51:50,SELL,CAMS,792.85,0.78,27,800,-0.89
2026-07-30 13:51:50,SELL-CORE,CAMS,792.85,0.78,27,800,-0.89
2026-07-30 13:51:53,SELL,BHARATFORG,2155.0,0.85,0,2180,-1.15
2026-07-30 13:51:54,SELL,MANAPPURAM,369.0,0.61,36,365,1.1
2026-07-30 13:51:54,SELL-CORE,MANAPPURAM,369.0,0.61,36,365,1.1
2026-07-30 13:55:45,BUY-CORE,HINDALCO,966.25,0.76,53,980,-1.4
2026-07-30 13:55:50,SELL,CGPOWER,823.4,0.62,0,880,-6.43
2026-07-30 13:55:50,SELL-CORE,CGPOWER,823.4,0.62,0,880,-6.43
2026-07-30 13:56:10,BUY-CORE,LAURUSLABS,1783.2,0.67,36,1760,1.32
2026-07-30 13:56:17,SELL,AUBANK,1029.6,0.85,0,1040,-1.0
2026-07-30 13:57:02,SELL-CORE,MANKIND,2573.3,1.09,47,2600,-1.03
2026-07-30 14:01:27,BUY,BAJAJ-AUTO,11450.0,1.1,100,11300,1.33
2026-07-30 14:01:48,SELL,MAZDOCK,2311.0,0.72,27,2400,-3.71
2026-07-30 14:01:49,SELL-CORE,MAZDOCK,2311.0,0.72,27,2400,-3.71
2026-07-30 14:01:59,COIL,TATACONSUM,1093.2,1.02,64,1100,-0.62
2026-07-30 14:02:07,SELL,NAM-INDIA,1150.1,0.54,0,1200,-4.16
2026-07-30 14:02:08,SELL-CORE,NAM-INDIA,1150.1,0.54,0,1200,-4.16
2026-07-30 14:02:10,SELL,MPHASIS,2358.8,0.7,22,2400,-1.72
2026-07-30 14:02:11,SELL-CORE,MPHASIS,2358.8,0.7,22,2400,-1.72
2026-07-30 14:02:27,BUY-CORE,PIIND,2766.4,0.67,36,2800,-1.2
2026-07-30 14:05:45,SELL,TITAN,4843.6,0.75,27,4800,0.91
2026-07-30 14:05:46,SELL-CORE,TITAN,4843.6,0.75,27,4800,0.91
2026-07-30 14:06:26,SELL,CIPLA,1471.6,0.54,22,1500,-1.89
2026-07-30 14:06:27,SELL-CORE,CIPLA,1471.6,0.54,22,1500,-1.89
2026-07-30 14:06:53,BUY-CORE,PAGEIND,41050.0,0.48,57,42000,-2.26
2026-07-30 14:07:00,SELL,DALBHARAT,1793.3,0.85,0,1840,-2.54
2026-07-30 14:11:09,COIL,CUMMINSIND,5361.0,1.11,47,5500,-2.53
2026-07-30 14:11:43,SELL,BRITANNIA,5510.5,0.4,22,5600,-1.6
2026-07-30 14:11:43,SELL-CORE,BRITANNIA,5510.5,0.4,22,5600,-1.6
2026-07-30 14:16:21,SELL,HAL,4561.3,0.78,0,4600,-0.84
2026-07-30 14:16:21,SELL-CORE,HAL,4561.3,0.78,0,4600,-0.84
2026-07-30 14:16:29,BUY,APLAPOLLO,1889.2,1.08,73,1840,2.67
2026-07-30 14:16:30,SELL-CORE,BANKINDIA,136.96,0.89,27,140,-2.17
2026-07-30 14:16:48,SELL-CORE,TATACONSUM,1093.1,1.01,47,1100,-0.63
2026-07-30 14:20:45,SELL,ADANIENSOL,1653.0,0.52,0,1700,-2.76
2026-07-30 14:20:45,SELL-CORE,ADANIENSOL,1653.0,0.52,0,1700,-2.76
2026-07-30 14:20:59,SELL,SAIL,169.52,0.56,0,175,-3.13
2026-07-30 14:20:59,SELL-CORE,SAIL,169.52,0.56,0,175,-3.13
2026-07-30 14:21:09,COIL,INDIANB,825.7,1.13,64,830,-0.52
2026-07-30 14:21:11,SELL-CORE,HDFCAMC,2540.1,0.89,27,2600,-2.3
2026-07-30 14:21:49,BUY-CORE,DRREDDY,1142.1,0.74,53,1150,-0.69
2026-07-30 14:25:33,BUY-CORE,INFY,1159.2,0.47,44,1180,-1.76
2026-07-30 14:25:36,SELL,ADANIPOWER,208.11,0.78,0,215,-3.2
2026-07-30 14:25:36,SELL-CORE,ADANIPOWER,208.11,0.78,0,215,-3.2
2026-07-30 14:25:40,SELL,NATIONALUM,343.2,0.73,0,350,-1.94
2026-07-30 14:25:41,SELL-CORE,NATIONALUM,343.2,0.73,0,350,-1.94
2026-07-30 14:25:48,SELL-CORE,NHPC,78.0,1.05,47,78,0.0
2026-07-30 14:26:13,SELL,TORNTPHARM,4867.2,0.71,27,5000,-2.66
2026-07-30 14:26:13,SELL-CORE,TORNTPHARM,4867.2,0.71,27,5000,-2.66
2026-07-30 14:26:15,BUY,APLAPOLLO,1890.0,1.07,73,1840,2.72
2026-07-30 14:26:51,SELL,JUBLFOOD,436.25,0.73,27,435,0.29
2026-07-30 14:26:51,SELL-CORE,JUBLFOOD,436.25,0.73,27,435,0.29
2026-07-30 14:26:57,SELL,PIIND,2761.3,0.67,36,2800,-1.38
2026-07-30 14:26:57,SELL-CORE,PIIND,2761.3,0.67,36,2800,-1.38
2026-07-30 14:31:22,SELL,LT,3924.8,0.74,27,3950,-0.64
2026-07-30 14:31:23,SELL-CORE,LT,3924.8,0.74,27,3950,-0.64
2026-07-30 14:31:27,SELL,DIXON,14223.0,0.67,22,14500,-1.91
2026-07-30 14:31:28,SELL-CORE,DIXON,14223.0,0.67,22,14500,-1.91
2026-07-30 14:31:41,SELL-CORE,HDFCAMC,2539.4,0.89,27,2600,-2.33
2026-07-30 14:31:48,SELL,LAURUSLABS,1783.0,0.67,36,1760,1.31
2026-07-30 14:31:49,SELL-CORE,LAURUSLABS,1783.0,0.67,36,1760,1.31
2026-07-30 14:31:52,SELL,HAL,4556.2,0.78,0,4600,-0.95
2026-07-30 14:31:52,SELL-CORE,HAL,4556.2,0.78,0,4600,-0.95
2026-07-30 14:32:15,SELL,UNOMINDA,1167.5,0.54,22,1200,-2.71
2026-07-30 14:32:16,SELL-CORE,UNOMINDA,1167.5,0.54,22,1200,-2.71
2026-07-30 14:32:18,COIL,TATACONSUM,1093.1,1.02,47,1100,-0.63
2026-07-30 14:32:33,BUY-CORE,PAGEIND,40840.0,0.45,57,42000,-2.76
2026-07-30 14:32:41,SELL,SRF,2598.6,0.85,27,2700,-3.76
2026-07-30 14:35:55,BUY-CORE,TMPV,332.1,0.86,73,330,0.64
2026-07-30 14:36:27,SELL,GAIL,173.45,0.57,0,180,-3.64
2026-07-30 14:36:27,SELL-CORE,GAIL,173.45,0.57,0,180,-3.64
2026-07-30 14:36:42,SELL,NAM-INDIA,1146.3,0.56,22,1200,-4.48
2026-07-30 14:36:42,SELL-CORE,NAM-INDIA,1146.3,0.56,22,1200,-4.48
2026-07-30 14:36:52,SELL,KPITTECH,585.8,0.76,0,600,-2.37
2026-07-30 14:40:34,BUY,NIFTY,24267.05,1.08,73,24200,0.28
2026-07-30 14:40:35,BUY-CORE,NIFTY,24267.05,1.08,73,24200,0.28
2026-07-30 14:40:41,SELL,BAJFINANCE,1046.7,0.82,27,1050,-0.31
2026-07-30 14:40:42,SELL-CORE,BAJFINANCE,1046.7,0.82,27,1050,-0.31
2026-07-30 14:40:50,BUY-CORE,M&M,3257.0,0.63,44,3300,-1.3
2026-07-30 14:41:00,BUY-CORE,NTPC,345.35,0.68,44,350,-1.33
2026-07-30 14:46:09,SELL,ASHOKLEY,156.29,0.81,0,160,-2.32
2026-07-30 14:46:29,SELL-CORE,BANKINDIA,137.15,0.89,0,140,-2.04
2026-07-30 14:46:44,SELL,HINDPETRO,388.75,0.85,27,400,-2.81
2026-07-30 14:47:03,SELL,KPITTECH,585.25,0.76,0,600,-2.46
2026-07-30 14:47:06,BUY-CORE,JUBLFOOD,437.4,0.73,53,435,0.55
2026-07-30 14:47:12,BUY-CORE,PIIND,2764.0,0.68,36,2800,-1.29
2026-07-30 14:50:37,BUY-CORE,NIFTY,24275.1,0.95,53,24250,0.1
2026-07-30 14:50:55,BUY-CORE,DIXON,14314.0,0.66,44,14500,-1.28
2026-07-30 14:51:21,SELL,DLF,655.1,0.69,0,670,-2.22
2026-07-30 14:51:27,BUY-CORE,VBL,449.15,0.53,44,470,-4.44
2026-07-30 14:55:30,BUY,NIFTY,24265.65,1.2,73,24200,0.27
2026-07-30 14:55:47,BUY-CORE,ULTRACEMCO,11808.0,0.39,44,11960,-1.27
2026-07-30 14:56:04,SELL-CORE,HDFCAMC,2541.0,0.89,27,2600,-2.27
2026-07-30 14:56:10,COIL,CUMMINSIND,5372.0,1.1,47,5500,-2.33
2026-07-30 14:56:34,BUY-CORE,SIEMENS,3648.1,0.88,53,3700,-1.4
2026-07-30 14:56:38,SELL-CORE,TATACONSUM,1093.4,1.0,47,1100,-0.6
2026-07-30 14:56:39,COIL,TATACONSUM,1093.4,1.0,47,1100,-0.6
2026-07-30 14:56:53,SELL-CORE,BHARATFORG,2160.4,0.91,0,2180,-0.9
2026-07-30 15:01:05,SELL,BAJFINANCE,1047.5,0.83,27,1050,-0.24
2026-07-30 15:01:06,SELL-CORE,BAJFINANCE,1047.5,0.83,27,1050,-0.24
2026-07-30 15:01:07,SELL,TCS,2425.6,0.81,27,2460,-1.4
2026-07-30 15:01:08,SELL-CORE,TCS,2425.6,0.81,27,2460,-1.4
2026-07-30 15:01:14,BUY-CORE,NATIONALUM,345.35,0.72,53,350,-1.33
2026-07-30 15:01:21,BUY-CORE,CGPOWER,831.05,0.54,44,900,-7.66
2026-07-30 15:01:40,BUY-CORE,UNIONBANK,170.24,0.93,42,170,0.14
2026-07-30 15:01:57,SELL,MAZDOCK,2315.4,0.74,27,2400,-3.52
2026-07-30 15:01:58,SELL-CORE,MAZDOCK,2315.4,0.74,27,2400,-3.52
2026-07-30 15:02:12,SELL,ZYDUSLIFE,1114.3,0.84,27,1120,-0.51
2026-07-30 15:02:12,SELL-CORE,ZYDUSLIFE,1114.3,0.84,27,1120,-0.51
2026-07-30 15:02:32,SELL,SRF,2601.8,0.85,27,2700,-3.64
2026-07-30 15:02:34,COIL,MANKIND,2572.5,1.07,47,2600,-1.06
2026-07-30 15:05:40,SELL-CORE,FINNIFTY,26247.5,0.94,27,26200,0.18
2026-07-30 15:05:44,SELL,ADANIENT,3045.9,0.84,27,3100,-1.75
2026-07-30 15:05:44,SELL-CORE,ADANIENT,3045.9,0.84,27,3100,-1.75
2026-07-30 15:05:55,BUY-CORE,LT,3936.9,0.74,53,4000,-1.58
2026-07-30 15:05:58,BUY-CORE,ULTRACEMCO,11849.0,0.34,44,11960,-0.93
2026-07-30 15:06:30,SELL,ABB,7256.5,0.8,0,7400,-1.94
2026-07-30 15:06:32,BUY-CORE,INDUSINDBK,1011.95,0.91,53,1010,0.19
2026-07-30 15:06:47,COIL,TATACONSUM,1094.4,1.0,64,1100,-0.51
2026-07-30 15:06:54,BUY-CORE,DRREDDY,1145.6,0.69,44,1170,-2.09
2026-07-30 15:06:56,COIL,JSWENERGY,543.6,1.14,64,550,-1.16
2026-07-30 15:07:12,SELL,DALBHARAT,1791.5,0.8,0,1840,-2.64
2026-07-30 15:10:39,SELL,BAJFINANCE,1049.8,0.84,27,1050,-0.02
2026-07-30 15:10:40,SELL-CORE,BAJFINANCE,1049.8,0.84,27,1050,-0.02
2026-07-30 15:11:00,BUY-CORE,ASHOKLEY,158.26,0.81,53,160,-1.09
2026-07-30 15:11:06,BUY-CORE,PNB,111.63,0.81,53,112,-0.33
2026-07-30 15:11:10,SELL,PATANJALI,356.05,0.73,27,360,-1.1
2026-07-30 15:11:10,SELL-CORE,PATANJALI,356.05,0.73,27,360,-1.1
2026-07-30 15:11:12,SELL,LAURUSLABS,1782.4,0.67,36,1760,1.27
2026-07-30 15:11:12,SELL-CORE,LAURUSLABS,1782.4,0.67,36,1760,1.27
2026-07-30 15:11:19,SELL,DLF,655.65,0.69,0,670,-2.14
2026-07-30 15:11:59,SELL,SRF,2604.0,0.85,27,2700,-3.56
2026-07-30 15:15:48,SELL,ICICIBANK,1432.6,0.62,22,1450,-1.2
2026-07-30 15:15:48,SELL-CORE,ICICIBANK,1432.6,0.62,22,1450,-1.2
2026-07-30 15:16:09,BUY,AMBER,7402.5,1.03,73,7400,0.03
2026-07-30 15:16:10,BUY-CORE,AMBER,7402.5,1.03,73,7400,0.03
2026-07-30 15:16:17,BUY-CORE,360ONE,1142.4,0.6,44,1160,-1.52
2026-07-30 15:16:23,SELL,GRASIM,3104.1,0.55,0,3200,-3.0
2026-07-30 15:16:24,SELL-CORE,GRASIM,3104.1,0.55,0,3200,-3.0
2026-07-30 15:16:31,SELL,TORNTPHARM,4866.6,0.71,27,5000,-2.67
2026-07-30 15:16:32,SELL-CORE,TORNTPHARM,4866.6,0.71,27,5000,-2.67
2026-07-30 15:16:35,SELL,ABB,7292.5,0.83,27,7400,-1.45
2026-07-30 15:16:35,SELL-CORE,ABB,7292.5,0.83,27,7400,-1.45
2026-07-30 15:16:37,SELL-CORE,INDUSINDBK,1011.45,0.91,27,1010,0.14
2026-07-30 15:17:01,COIL,PHOENIXLTD,1888.9,1.18,47,1900,-0.58
2026-07-30 15:17:05,BUY-CORE,CAMS,792.25,0.78,53,800,-0.97
2026-07-30 15:17:17,SELL,OBEROIRLTY,1815.4,0.47,0,1840,-1.34
2026-07-30 15:17:17,SELL-CORE,OBEROIRLTY,1815.4,0.47,0,1840,-1.34
2026-07-30 15:20:42,SELL,ADANIENT,3051.1,0.83,27,3100,-1.58
2026-07-30 15:20:42,SELL-CORE,ADANIENT,3051.1,0.83,27,3100,-1.58
2026-07-30 15:20:57,BUY,NHPC,78.17,1.06,73,78,0.22
2026-07-30 15:20:58,BUY-CORE,NHPC,78.17,1.06,73,78,0.22
2026-07-30 15:21:17,SELL,JSWSTEEL,1271.2,0.57,22,1300,-2.22
2026-07-30 15:21:18,SELL-CORE,JSWSTEEL,1271.2,0.57,22,1300,-2.22
2026-07-30 15:21:24,SELL-CORE,BANKINDIA,137.19,0.91,0,140,-2.01
2026-07-30 15:21:40,COIL,TATACONSUM,1094.1,1.02,64,1100,-0.54
2026-07-30 15:21:52,SELL-CORE,BHARATFORG,2163.4,0.95,0,2160,0.16
2026-07-30 15:25:28,SELL,FINNIFTY,26287.45,0.64,22,26400,-0.43
2026-07-30 15:25:29,SELL-CORE,FINNIFTY,26287.45,0.64,22,26400,-0.43
2026-07-30 15:25:40,BUY-CORE,VEDL,266.85,0.6,44,270,-1.17
2026-07-30 15:25:57,SELL-CORE,AMBER,7392.0,1.02,47,7400,-0.11
2026-07-30 15:26:01,BUY-CORE,EICHERMOT,7912.0,0.55,44,8000,-1.1
2026-07-30 15:26:05,BUY-CORE,PNB,111.71,0.8,53,112,-0.26
2026-07-30 15:26:21,SELL-CORE,ABB,7293.5,0.86,27,7400,-1.44
2026-07-30 15:26:23,SELL-CORE,INDUSINDBK,1011.85,0.91,27,1010,0.18
2026-07-30 15:26:32,SELL,GAIL,173.69,0.58,0,180,-3.51
2026-07-30 15:26:32,SELL-CORE,GAIL,173.69,0.58,0,180,-3.51
2026-07-30 15:27:05,COIL,MANKIND,2584.8,1.07,64,2600,-0.58
2026-07-30 15:31:13,SELL,ICICIBANK,1430.0,0.61,0,1450,-1.38
2026-07-30 15:31:13,SELL-CORE,ICICIBANK,1430.0,0.61,0,1450,-1.38
2026-07-30 15:31:16,SELL,ADANIENSOL,1652.0,0.53,0,1700,-2.82
2026-07-30 15:31:16,SELL-CORE,ADANIENSOL,1652.0,0.53,0,1700,-2.82
2026-07-30 15:31:40,COIL,BAJAJFINSV,1909.4,1.0,64,1920,-0.55
2026-07-30 15:31:44,BUY-CORE,LAURUSLABS,1781.3,0.67,36,1760,1.21
2026-07-30 15:31:56,BUY-CORE,COCHINSHIP,1402.1,0.66,44,1400,0.15
2026-07-30 15:32:16,COIL,PHOENIXLTD,1887.9,1.18,47,1900,-0.64
2026-07-30 15:32:23,BUY-CORE,BAJAJHLDNG,10970.0,0.43,44,11500,-4.61
2026-07-30 15:32:30,SELL,SRF,2604.8,0.85,27,2700,-3.53
2026-07-31 09:15:40,SELL-CORE,INFY,1114.0,1.43,43,1100,1.27
2026-07-31 09:15:45,BUY-CORE,BANKBARODA,243.25,0.9,53,250,-2.7
2026-07-31 09:15:50,BUY-CORE,BEL,387.05,0.7,57,400,-3.24
2026-07-31 09:16:00,SELL,TECHM,1618.0,0.45,0,1660,-2.53
2026-07-31 09:16:00,SELL-CORE,TECHM,1618.0,0.45,0,1660,-2.53
2026-07-31 09:16:07,SELL-CORE,BAJAJ-AUTO,11420.5,1.04,27,11300,1.07
2026-07-31 09:16:07,BUY-CORE,POLYCAB,8985.5,0.68,57,9100,-1.26
2026-07-31 09:16:08,BUY-CORE,BAJAJFINSV,1967.6,0.59,57,1960,0.39
2026-07-31 09:16:10,SELL-CORE,HCLTECH,1306.3,1.03,27,1310,-0.28
2026-07-31 09:16:14,SELL,PERSISTENT,5293.0,0.84,0,5500,-3.76
2026-07-31 09:16:14,SELL-CORE,PERSISTENT,5293.0,0.84,0,5500,-3.76
2026-07-31 09:16:15,BUY-CORE,HAL,4614.8,0.79,73,4600,0.32
2026-07-31 09:16:16,SELL,INDUSTOWER,391.65,0.46,0,400,-2.09
2026-07-31 09:16:17,SELL-CORE,INDUSTOWER,391.65,0.46,0,400,-2.09
2026-07-31 09:16:18,BUY-CORE,IDFCFIRSTB,84.85,0.63,57,88,-3.58
2026-07-31 09:16:19,SELL,ONGC,240.84,0.67,0,245,-1.7
2026-07-31 09:16:20,SELL-CORE,ONGC,240.84,0.67,0,245,-1.7
2026-07-31 09:16:22,BUY-CORE,AUBANK,1038.0,0.74,73,1040,-0.19
2026-07-31 09:16:24,BUY-CORE,TORNTPHARM,4989.5,0.54,57,5000,-0.21
2026-07-31 09:16:25,SELL,NESTLEIND,1520.3,0.38,0,1540,-1.28
2026-07-31 09:16:25,SELL-CORE,NESTLEIND,1520.3,0.38,0,1540,-1.28
2026-07-31 09:16:27,BUY-CORE,ABB,7409.5,0.78,73,7400,0.13
2026-07-31 09:16:28,BUY-CORE,MUTHOOTFIN,3051.5,0.59,57,3100,-1.56
2026-07-31 09:16:30,SELL,VBL,448.9,0.54,0,470,-4.49
2026-07-31 09:16:30,SELL-CORE,VBL,448.9,0.54,0,470,-4.49
2026-07-31 09:16:31,SELL-CORE,LICHSGFIN,527.9,1.05,27,540,-2.24
2026-07-31 09:16:32,BUY-CORE,BPCL,316.55,0.75,73,320,-1.08
2026-07-31 09:16:37,BUY-CORE,CDSL,1340.7,0.96,73,1360,-1.42
2026-07-31 09:16:38,BUY-CORE,ABCAPITAL,401.2,0.71,73,400,0.3
2026-07-31 09:16:39,BUY-CORE,GAIL,173.86,0.51,57,180,-3.41
2026-07-31 09:16:45,COIL,PRESTIGE,1588.3,2.01,71,1600,-0.73
2026-07-31 09:16:46,BUY-CORE,HINDPETRO,389.4,0.81,73,400,-2.65
2026-07-31 09:16:47,SELL-CORE,TATACONSUM,1088.7,1.03,27,1100,-1.03
2026-07-31 09:16:48,BUY-CORE,GLENMARK,2222.1,0.71,73,2300,-3.39
2026-07-31 09:16:51,BUY-CORE,TATAPOWER,377.3,0.68,57,380,-0.71
2026-07-31 09:16:52,SELL,LTM,4328.0,0.81,0,4400,-1.64
2026-07-31 09:16:53,SELL-CORE,LTM,4328.0,0.81,0,4400,-1.64
2026-07-31 09:17:01,SELL,CAMS,787.7,0.8,0,800,-1.54
2026-07-31 09:17:01,SELL-CORE,CAMS,787.7,0.8,0,800,-1.54
2026-07-31 09:17:03,SELL,ALKEM,5812.5,0.23,22,6000,-3.12
2026-07-31 09:17:04,SELL-CORE,ALKEM,5812.5,0.23,22,6000,-3.12
2026-07-31 09:17:06,SELL,TATAELXSI,3597.7,0.69,0,3700,-2.76
2026-07-31 09:17:06,SELL-CORE,TATAELXSI,3597.7,0.69,0,3700,-2.76
2026-07-31 09:17:10,BUY-CORE,IREDA,120.09,0.82,73,120,0.08
2026-07-31 09:17:16,SELL-CORE,MANKIND,2490.6,1.3,43,2580,-3.47
2026-07-31 09:17:17,SELL-CORE,UNITDSPR,1527.8,0.91,0,1520,0.51
2026-07-31 09:20:32,BUY-CORE,BANKNIFTY,57370.8,0.84,73,57300,0.12
2026-07-31 09:20:33,BUY-CORE,FINNIFTY,26469.8,0.65,57,26450,0.07
2026-07-31 09:20:34,BUY-CORE,MIDCPNIFTY,14675.7,0.91,53,14700,-0.17
2026-07-31 09:20:35,BUY-CORE,RELIANCE,1298.0,0.66,57,1300,-0.15
2026-07-31 09:20:36,BUY-CORE,SBIN,1032.5,0.8,73,1030,0.24
2026-07-31 09:20:37,BUY-CORE,ADANIENT,3051.4,0.83,73,3100,-1.57
2026-07-31 09:20:38,BUY-CORE,HDFCBANK,753.8,0.63,57,770,-2.1
2026-07-31 09:20:39,BUY-CORE,ADANIGREEN,1362.8,0.72,73,1400,-2.66
2026-07-31 09:20:40,BUY-CORE,MCX,2681.4,0.97,53,2750,-2.49
2026-07-31 09:20:41,BUY-CORE,ICICIBANK,1440.5,0.54,57,1450,-0.66
2026-07-31 09:20:42,BUY-CORE,BAJFINANCE,1097.1,0.41,57,1100,-0.26
2026-07-31 09:20:43,SELL-CORE,TCS,2344.9,1.42,43,2340,0.21
2026-07-31 09:20:44,BUY-CORE,AXISBANK,1238.3,0.74,73,1260,-1.72
2026-07-31 09:20:45,BUY-CORE,ADANIENSOL,1674.9,0.51,57,1700,-1.48
2026-07-31 09:20:46,SELL,WIPRO,181.4,0.74,0,185,-1.95
2026-07-31 09:20:46,SELL-CORE,WIPRO,181.4,0.74,0,185,-1.95
2026-07-31 09:20:47,BUY-CORE,TATASTEEL,187.8,0.71,53,190,-1.16
2026-07-31 09:20:48,BUY-CORE,ADANIPOWER,211.5,0.79,73,215,-1.63
2026-07-31 09:20:49,BUY-CORE,BHARTIARTL,1958.0,0.62,57,1960,-0.1
2026-07-31 09:20:50,BUY-CORE,BHEL,411.3,0.63,57,415,-0.89
2026-07-31 09:20:51,BUY-CORE,CANBK,125.12,0.71,73,130,-3.75
2026-07-31 09:20:52,BUY-CORE,HINDZINC,538.5,0.72,73,550,-2.09
2026-07-31 09:20:53,BUY-CORE,TITAN,4851.4,0.74,53,4800,1.07
2026-07-31 09:20:54,BUY-CORE,NATIONALUM,354.25,0.75,73,350,1.21
2026-07-31 09:20:55,BUY-CORE,SHRIRAMFIN,1046.0,0.5,57,1060,-1.32
2026-07-31 09:20:56,BUY-CORE,M&M,3341.9,0.57,57,3400,-1.71
2026-07-31 09:20:57,BUY-CORE,LT,3955.0,0.77,73,3950,0.13
2026-07-31 09:20:58,BUY-CORE,HINDALCO,980.15,0.71,73,980,0.02
2026-07-31 09:20:59,BUY-CORE,PFC,423.85,0.66,57,430,-1.43
2026-07-31 09:21:00,BUY-CORE,ULTRACEMCO,11886.0,0.3,57,11960,-0.62
2026-07-31 09:21:01,SELL,ITC,284.3,0.79,0,290,-1.97
2026-07-31 09:21:02,SELL-CORE,ITC,284.3,0.79,0,290,-1.97
2026-07-31 09:21:03,BUY-CORE,SUNPHARMA,2013.1,0.43,57,2020,-0.34
2026-07-31 09:21:04,BUY-CORE,ANGELONE,295.6,0.85,73,305,-3.08
2026-07-31 09:21:05,BUY-CORE,DIXON,14361.0,0.62,57,14500,-0.96
2026-07-31 09:21:05,BUY-CORE,CGPOWER,869.0,0.57,44,900,-3.44
2026-07-31 09:21:06,BUY-CORE,ASIANPAINT,2752.7,0.52,44,2800,-1.69
2026-07-31 09:21:08,BUY-CORE,MARUTI,14294.0,0.32,57,14300,-0.04
2026-07-31 09:21:09,BUY-CORE,SAIL,170.15,0.57,57,172.5,-1.36
2026-07-31 09:21:10,BUY-CORE,KOTAKBANK,390.4,0.64,57,400,-2.4
2026-07-31 09:21:11,BUY-CORE,TMPV,335.8,0.77,73,335,0.24
2026-07-31 09:21:13,BUY-CORE,TRENT,3005.9,0.65,57,3000,0.2
2026-07-31 09:21:13,BUY-CORE,NTPC,346.25,0.68,57,350,-1.07
2026-07-31 09:21:14,BUY-CORE,CHOLAFIN,1813.2,0.41,57,1840,-1.46
2026-07-31 09:21:15,SELL,COFORGE,1711.4,0.78,0,1720,-0.5
2026-07-31 09:21:16,SELL-CORE,COFORGE,1711.4,0.78,0,1720,-0.5
2026-07-31 09:21:17,BUY-CORE,INDIGO,5267.5,0.68,57,5300,-0.61
2026-07-31 09:21:17,BUY-CORE,YESBANK,22.62,0.67,57,24,-5.75
2026-07-31 09:21:18,BUY-CORE,AMBER,7465.0,0.8,73,7500,-0.47
2026-07-31 09:21:20,BUY-CORE,ASHOKLEY,160.49,0.75,73,160,0.31
2026-07-31 09:21:21,BUY-CORE,HEROMOTOCO,5342.9,0.69,44,5300,0.81
2026-07-31 09:21:21,BUY-CORE,AMBUJACEM,437.5,0.59,57,440,-0.57
2026-07-31 09:21:24,BUY,INDIANB,830.75,1.15,100,830,0.09
2026-07-31 09:21:24,BUY-CORE,INDIANB,830.75,1.15,100,830,0.09
2026-07-31 09:21:25,BUY-CORE,FEDERALBNK,355.95,0.81,73,355,0.27
2026-07-31 09:21:26,BUY-CORE,TVSMOTOR,4245.6,0.61,57,4200,1.09
2026-07-31 09:21:27,BUY-CORE,HDFCAMC,2568.7,0.88,73,2600,-1.2
2026-07-31 09:21:28,BUY-CORE,RVNL,222.92,0.75,53,230,-3.08
2026-07-31 09:21:29,BUY-CORE,360ONE,1149.3,0.61,57,1160,-0.92
2026-07-31 09:21:30,BUY-CORE,BAJAJ-AUTO,11511.5,0.82,53,11400,0.98
2026-07-31 09:21:32,BUY-CORE,KAYNES,3665.0,0.47,57,3700,-0.95
2026-07-31 09:21:32,SELL-CORE,LUPIN,2413.4,0.92,0,2440,-1.09
2026-07-31 09:21:34,SELL,HDFCLIFE,545.65,0.71,27,560,-2.56
2026-07-31 09:21:34,SELL-CORE,HDFCLIFE,545.65,0.71,27,560,-2.56
2026-07-31 09:21:35,BUY-CORE,PATANJALI,355.75,0.72,42,360,-1.18
2026-07-31 09:21:36,BUY-CORE,CUMMINSIND,5539.5,0.87,73,5500,0.72
2026-07-31 09:21:37,BUY-CORE,UNIONBANK,170.88,0.93,42,170,0.52
2026-07-31 09:21:38,SELL-CORE,UNIONBANK,170.88,0.93,42,170,0.52
2026-07-31 09:21:40,BUY-CORE,LTF,310.6,0.76,73,310,0.19
2026-07-31 09:21:41,BUY-CORE,JSWSTEEL,1276.4,0.59,57,1300,-1.82
2026-07-31 09:21:43,BUY-CORE,POWERGRID,286.2,0.88,73,290,-1.31
2026-07-31 09:21:44,BUY-CORE,MOTHERSON,147.71,0.64,57,150,-1.53
2026-07-31 09:21:46,BUY-CORE,DLF,658.85,0.68,44,670,-1.66
2026-07-31 09:21:48,BUY,VOLTAS,1346.5,1.08,100,1320,2.01
2026-07-31 09:21:49,BUY-CORE,VOLTAS,1346.5,1.08,100,1320,2.01
2026-07-31 09:21:50,BUY-CORE,BANKINDIA,137.71,0.91,73,140,-1.64
2026-07-31 09:21:52,SELL-CORE,INDUSINDBK,1009.75,0.91,0,1010,-0.02
2026-07-31 09:21:56,BUY-CORE,IOC,139.52,0.82,53,142.5,-2.09
2026-07-31 09:21:57,BUY-CORE,CIPLA,1469.1,0.52,57,1500,-2.06
2026-07-31 09:21:58,SELL,MARICO,879.5,0.68,0,890,-1.18
2026-07-31 09:21:59,SELL-CORE,MARICO,879.5,0.68,0,890,-1.18
2026-07-31 09:21:59,SELL,NAUKRI,1214.1,0.67,0,1260,-3.64
2026-07-31 09:22:00,SELL-CORE,NAUKRI,1214.1,0.67,0,1260,-3.64
2026-07-31 09:22:01,BUY-CORE,MAZDOCK,2363.1,0.58,57,2400,-1.54
2026-07-31 09:22:02,BUY-CORE,RBLBANK,379.2,0.45,57,385,-1.51
2026-07-31 09:22:04,SELL-CORE,ICICIGI,1635.8,0.9,27,1660,-1.46
2026-07-31 09:22:06,BUY-CORE,SBILIFE,1887.1,0.56,57,1900,-0.68
2026-07-31 09:22:08,BUY-CORE,BANDHANBNK,173.9,0.58,57,185,-6.0
2026-07-31 09:22:09,SELL,OIL,451.8,0.67,0,455,-0.7
2026-07-31 09:22:09,SELL-CORE,OIL,451.8,0.67,0,455,-0.7
2026-07-31 09:22:10,SELL,LODHA,1276.95,0.44,0,1300,-1.77
2026-07-31 09:22:11,SELL-CORE,LODHA,1276.95,0.44,0,1300,-1.77
2026-07-31 09:22:12,SELL,HINDPETRO,386.7,0.81,0,400,-3.33
2026-07-31 09:22:13,SELL-CORE,HINDPETRO,386.7,0.81,0,400,-3.33
2026-07-31 09:22:16,BUY-CORE,KEI,4915.0,0.68,57,4900,0.31
2026-07-31 09:22:17,BUY-CORE,KFINTECH,940.25,0.55,57,980,-4.06
2026-07-31 09:22:18,BUY,PNBHOUSING,1034.9,1.03,100,1060,-2.37
2026-07-31 09:22:19,BUY-CORE,PNBHOUSING,1034.9,1.03,100,1060,-2.37
2026-07-31 09:22:22,SELL,SONACOMS,764.05,0.53,0,760,0.53
2026-07-31 09:22:22,SELL-CORE,SONACOMS,764.05,0.53,0,760,0.53
2026-07-31 09:22:23,BUY-CORE,PGEL,619.75,0.47,57,620,-0.04
2026-07-31 09:22:25,BUY-CORE,CONCOR,526.35,0.65,57,530,-0.69
2026-07-31 09:22:28,SELL,DABUR,424.0,0.71,0,435,-2.53
2026-07-31 09:22:28,SELL-CORE,DABUR,424.0,0.71,0,435,-2.53
2026-07-31 09:22:29,SELL,IRFC,88.75,0.72,0,90,-1.39
2026-07-31 09:22:30,SELL-CORE,IRFC,88.75,0.72,0,90,-1.39
2026-07-31 09:22:32,BUY-CORE,INDHOTEL,754.5,0.51,57,760,-0.72
2026-07-31 09:22:33,BUY-CORE,BHARATFORG,2189.4,0.93,73,2180,0.43
2026-07-31 09:22:34,BUY-CORE,MANAPPURAM,370.7,0.59,57,365,1.56
2026-07-31 09:22:36,SELL,PAGEIND,40950.0,0.52,0,42000,-2.5
2026-07-31 09:22:37,SELL-CORE,PAGEIND,40950.0,0.52,0,42000,-2.5
2026-07-31 09:22:38,SELL,RADICO,4342.8,0.57,0,4400,-1.3
2026-07-31 09:22:38,SELL-CORE,RADICO,4342.8,0.57,0,4400,-1.3
2026-07-31 09:22:39,BUY-CORE,IEX,132.56,0.73,73,135,-1.81
2026-07-31 09:22:40,SELL,GODREJCP,1063.3,0.61,0,1090,-2.45
2026-07-31 09:22:41,SELL-CORE,GODREJCP,1063.3,0.61,0,1090,-2.45
2026-07-31 09:22:42,SELL,ASTRAL,1457.2,0.58,22,1500,-2.85
2026-07-31 09:22:42,SELL-CORE,ASTRAL,1457.2,0.58,22,1500,-2.85
2026-07-31 09:22:43,BUY-CORE,TIINDIA,2722.3,0.97,53,2800,-2.77
2026-07-31 09:22:45,SELL,JUBLFOOD,436.5,0.73,0,435,0.34
2026-07-31 09:22:45,SELL-CORE,JUBLFOOD,436.5,0.73,0,435,0.34
2026-07-31 09:22:47,BUY-CORE,MOTILALOFS,850.95,0.74,73,880,-3.3
2026-07-31 09:22:50,SELL-CORE,COLPAL,2081.8,0.96,0,2100,-0.87
2026-07-31 09:25:32,BUY-CORE,BSE,3538.5,0.89,73,3600,-1.71
2026-07-31 09:25:34,SELL,ADANIENT,3044.0,0.75,27,3100,-1.81
2026-07-31 09:25:35,SELL-CORE,ADANIENT,3044.0,0.75,27,3100,-1.81
2026-07-31 09:25:36,SELL,HDFCBANK,752.4,0.62,22,770,-2.29
2026-07-31 09:25:37,SELL-CORE,HDFCBANK,752.4,0.62,22,770,-2.29
2026-07-31 09:25:49,SELL,COALINDIA,410.5,0.76,0,420,-2.26
2026-07-31 09:25:50,SELL-CORE,COALINDIA,410.5,0.76,0,420,-2.26
2026-07-31 09:25:54,SELL,ASIANPAINT,2741.8,0.58,22,2800,-2.08
2026-07-31 09:25:54,SELL-CORE,ASIANPAINT,2741.8,0.58,22,2800,-2.08
2026-07-31 09:25:57,SELL,HINDUNILVR,2102.9,0.61,22,2140,-1.73
2026-07-31 09:25:57,SELL-CORE,HINDUNILVR,2102.9,0.61,22,2140,-1.73
2026-07-31 09:25:59,SELL,NMDC,85.08,0.77,27,86,-1.07
2026-07-31 09:26:00,SELL-CORE,NMDC,85.08,0.77,27,86,-1.07
2026-07-31 09:26:04,BUY,AMBER,7409.5,1.03,73,7400,0.13
2026-07-31 09:26:07,BUY-CORE,NBCC,94.6,0.52,57,100,-5.4
2026-07-31 09:26:08,SELL,EICHERMOT,7813.0,0.58,0,7900,-1.1
2026-07-31 09:26:09,SELL-CORE,EICHERMOT,7813.0,0.58,0,7900,-1.1
2026-07-31 09:26:13,BUY-CORE,PNB,112.33,0.8,73,112,0.29
2026-07-31 09:26:17,SELL,HCLTECH,1316.4,0.83,0,1330,-1.02
2026-07-31 09:26:18,SELL,PATANJALI,354.85,0.72,27,360,-1.43
2026-07-31 09:26:31,BUY-CORE,INDUSINDBK,1010.55,0.91,42,1010,0.05
2026-07-31 09:26:33,SELL,BPCL,315.5,0.74,0,320,-1.41
2026-07-31 09:26:34,SELL-CORE,BPCL,315.5,0.74,0,320,-1.41
2026-07-31 09:26:35,BUY-CORE,COCHINSHIP,1417.9,0.56,57,1420,-0.15
2026-07-31 09:26:37,SELL-CORE,IOC,139.44,0.82,42,142.5,-2.15
2026-07-31 09:26:44,BUY-CORE,CROMPTON,261.15,0.58,57,270,-3.28
2026-07-31 09:26:47,BUY-CORE,LODHA,1287.35,0.43,44,1300,-0.97
2026-07-31 09:26:49,BUY-CORE,UNOMINDA,1180.7,0.68,57,1200,-1.61
2026-07-31 09:26:51,SELL-CORE,TATACONSUM,1088.5,1.0,27,1100,-1.05
2026-07-31 09:26:52,BUY-CORE,GODREJPROP,2125.7,0.52,57,2140,-0.67
2026-07-31 09:26:55,SELL,BIOCON,425.7,0.81,27,430,-1.0
2026-07-31 09:26:55,SELL-CORE,BIOCON,425.7,0.81,27,430,-1.0
2026-07-31 09:26:58,BUY,BOSCHLTD,41540.0,1.18,73,41000,1.32
2026-07-31 09:26:58,BUY-CORE,BOSCHLTD,41540.0,1.18,73,41000,1.32
2026-07-31 09:27:00,BUY-CORE,SONACOMS,765.65,0.45,57,760,0.74
2026-07-31 09:27:02,BUY-CORE,JSWENERGY,546.05,0.87,73,560,-2.49
2026-07-31 09:27:03,BUY-CORE,NAM-INDIA,1163.5,0.44,57,1220,-4.63
2026-07-31 09:27:05,BUY-CORE,PHOENIXLTD,1896.8,0.87,53,1940,-2.23
2026-07-31 09:27:09,BUY-CORE,CAMS,797.3,0.64,44,800,-0.34
2026-07-31 09:27:11,SELL,ALKEM,5811.5,0.23,22,6000,-3.14
2026-07-31 09:27:12,SELL-CORE,ALKEM,5811.5,0.23,22,6000,-3.14
2026-07-31 09:27:14,SELL,PIDILITIND,1624.0,0.43,0,1700,-4.47
2026-07-31 09:27:15,SELL-CORE,PIDILITIND,1624.0,0.43,0,1700,-4.47
2026-07-31 09:27:24,BUY-CORE,OBEROIRLTY,1825.9,0.48,57,1840,-0.77
2026-07-31 09:27:26,SELL,PIIND,2760.0,0.69,0,2800,-1.43
2026-07-31 09:27:27,SELL-CORE,PIIND,2760.0,0.69,0,2800,-1.43
2026-07-31 09:31:19,SELL,VEDL,264.65,0.59,22,270,-1.98
2026-07-31 09:31:20,SELL-CORE,VEDL,264.65,0.59,22,270,-1.98
2026-07-31 09:31:22,SELL,TITAN,4841.4,0.75,0,4800,0.86
2026-07-31 09:31:23,SELL-CORE,TITAN,4841.4,0.75,0,4800,0.86
2026-07-31 09:31:30,BUY-CORE,ASIANPAINT,2748.9,0.57,36,2800,-1.82
2026-07-31 09:31:31,BUY-CORE,NHPC,78.38,0.99,73,78,0.49
2026-07-31 09:31:34,SELL,KOTAKBANK,389.25,0.63,22,400,-2.69
2026-07-31 09:31:35,SELL-CORE,KOTAKBANK,389.25,0.63,22,400,-2.69
2026-07-31 09:31:37,BUY-CORE,RECLTD,372.4,0.64,57,370,0.65
2026-07-31 09:31:39,SELL,COFORGE,1724.0,0.8,0,1720,0.23
2026-07-31 09:31:41,BUY-CORE,YESBANK,22.65,0.67,57,24,-5.63
2026-07-31 09:31:45,BUY-CORE,ADANIPORTS,1665.5,0.75,53,1700,-2.03
2026-07-31 09:31:48,BUY-CORE,RVNL,223.13,0.74,53,230,-2.99
2026-07-31 09:31:49,BUY-CORE,360ONE,1153.2,0.43,57,1200,-3.9
2026-07-31 09:31:54,SELL,HDFCLIFE,545.15,0.71,27,560,-2.65
2026-07-31 09:31:55,SELL-CORE,HDFCLIFE,545.15,0.71,27,560,-2.65
2026-07-31 09:32:00,SELL,INDUSTOWER,392.2,0.45,22,400,-1.95
2026-07-31 09:32:00,SELL-CORE,INDUSTOWER,392.2,0.45,22,400,-1.95
2026-07-31 09:32:01,SELL,JSWSTEEL,1271.1,0.65,0,1300,-2.22
2026-07-31 09:32:02,SELL-CORE,JSWSTEEL,1271.1,0.65,0,1300,-2.22
2026-07-31 09:32:05,SELL,OFSS,11122.0,0.78,27,11300,-1.58
2026-07-31 09:32:09,SELL-CORE,APLAPOLLO,1874.2,1.04,27,1840,1.86
2026-07-31 09:32:16,SELL,IOC,139.3,0.81,27,142.5,-2.25
2026-07-31 09:32:21,SELL-CORE,ICICIGI,1633.2,0.88,27,1660,-1.61
2026-07-31 09:32:31,BUY-CORE,BIOCON,426.1,0.8,73,430,-0.91
2026-07-31 09:32:34,SELL,DRREDDY,1147.8,0.68,22,1170,-1.9
2026-07-31 09:32:35,SELL-CORE,DRREDDY,1147.8,0.68,22,1170,-1.9
2026-07-31 09:32:41,SELL-CORE,PETRONET,277.35,1.34,43,275,0.85
2026-07-31 09:32:44,BUY-CORE,ALKEM,5828.5,0.22,44,6000,-2.86
2026-07-31 09:32:46,BUY-CORE,MANAPPURAM,369.9,0.59,57,365,1.34
2026-07-31 09:32:50,SELL,GODREJCP,1058.3,0.6,0,1090,-2.91
2026-07-31 09:32:51,SELL-CORE,GODREJCP,1058.3,0.6,0,1090,-2.91
2026-07-31 09:32:54,SELL-CORE,SHREECEM,26265.0,1.25,27,26500,-0.89
2026-07-31 09:32:56,SELL,SUPREMEIND,3452.0,0.58,22,3500,-1.37
2026-07-31 09:32:57,SELL-CORE,SUPREMEIND,3452.0,0.58,22,3500,-1.37
2026-07-31 09:32:58,COIL,DALBHARAT,1789.2,1.36,71,1800,-0.6
2026-07-31 09:35:27,BUY-CORE,NIFTY,24310.7,0.79,73,24350,-0.16
2026-07-31 09:35:32,SELL,ADANIGREEN,1356.1,0.71,0,1400,-3.14
2026-07-31 09:35:33,SELL-CORE,ADANIGREEN,1356.1,0.71,0,1400,-3.14
2026-07-31 09:35:38,SELL,BHARTIARTL,1949.0,0.68,0,1960,-0.56
2026-07-31 09:35:38,SELL-CORE,BHARTIARTL,1949.0,0.68,0,1960,-0.56
2026-07-31 09:35:48,BUY,NHPC,78.2,1.0,100,78,0.26
2026-07-31 09:36:04,BUY-CORE,UNIONBANK,171.2,0.92,53,170,0.71
2026-07-31 09:36:09,SELL-CORE,POWERGRID,285.0,0.88,0,290,-1.72
2026-07-31 09:36:16,SELL,LICHSGFIN,523.05,0.85,0,540,-3.14
2026-07-31 09:36:24,BUY-CORE,MAXHEALTH,1124.9,0.53,44,1130,-0.45
2026-07-31 09:36:28,BUY,PRESTIGE,1605.6,1.01,73,1600,0.35
2026-07-31 09:36:29,BUY-CORE,PRESTIGE,1605.6,1.01,73,1600,0.35
2026-07-31 09:36:39,SELL,MPHASIS,2291.5,0.85,0,2350,-2.49
2026-07-31 09:36:40,BUY-CORE,ICICIPRULI,511.15,0.67,57,520,-1.7
2026-07-31 09:36:43,BUY-CORE,BLUESTARCO,1702.5,0.84,53,1680,1.34
2026-07-31 09:36:44,SELL,ALKEM,5816.5,0.23,22,6000,-3.06
2026-07-31 09:36:45,SELL-CORE,ALKEM,5816.5,0.23,22,6000,-3.06
2026-07-31 09:36:53,SELL,DALBHARAT,1790.5,0.84,0,1840,-2.69
2026-07-31 09:36:54,SELL-CORE,DALBHARAT,1790.5,0.84,0,1840,-2.69
2026-07-31 09:40:37,BUY-CORE,MCX,2691.9,0.94,73,2750,-2.11
2026-07-31 09:40:41,SELL,TATASTEEL,186.75,0.7,22,190,-1.71
2026-07-31 09:40:42,SELL-CORE,TATASTEEL,186.75,0.7,22,190,-1.71
2026-07-31 09:40:49,BUY-CORE,COALINDIA,412.6,0.68,36,420,-1.76
2026-07-31 09:40:52,BUY-CORE,ASIANPAINT,2749.0,0.57,44,2800,-1.82
2026-07-31 09:40:56,SELL,TRENT,2994.0,0.65,22,3000,-0.2
2026-07-31 09:40:57,SELL-CORE,TRENT,2994.0,0.65,22,3000,-0.2
2026-07-31 09:41:01,SELL,HEROMOTOCO,5311.0,0.69,0,5300,0.21
2026-07-31 09:41:02,SELL-CORE,HEROMOTOCO,5311.0,0.69,0,5300,0.21
2026-07-31 09:41:06,BUY-CORE,RVNL,223.54,0.74,53,230,-2.81
2026-07-31 09:41:12,SELL-CORE,UNIONBANK,170.74,0.92,27,170,0.44
2026-07-31 09:41:39,BUY-CORE,ZYDUSLIFE,1123.0,0.8,73,1120,0.27
2026-07-31 09:41:42,BUY-CORE,HAVELLS,1265.0,0.55,44,1260,0.4
2026-07-31 09:41:53,SELL,IREDA,120.05,0.82,27,120,0.04
2026-07-31 09:41:53,SELL-CORE,IREDA,120.05,0.82,27,120,0.04
2026-07-31 09:41:57,BUY-CORE,SUPREMEIND,3472.5,0.58,44,3500,-0.79
2026-07-31 09:41:59,COIL,MANKIND,2445.5,1.86,56,2460,-0.59
2026-07-31 09:45:50,SELL,ADANIENSOL,1657.7,0.52,36,1700,-2.49
2026-07-31 09:45:50,SELL-CORE,ADANIENSOL,1657.7,0.52,36,1700,-2.49
2026-07-31 09:45:58,BUY-CORE,ULTRACEMCO,11857.0,0.31,44,11960,-0.86
2026-07-31 09:46:02,SELL,ASIANPAINT,2745.8,0.57,22,2800,-1.94
2026-07-31 09:46:02,SELL-CORE,ASIANPAINT,2745.8,0.57,22,2800,-1.94
2026-07-31 09:46:08,BUY-CORE,COFORGE,1738.3,0.75,42,1720,1.06
2026-07-31 09:46:09,BUY-CORE,YESBANK,22.62,0.67,57,24,-5.75
2026-07-31 09:46:13,BUY-CORE,ADANIPORTS,1663.6,0.74,53,1700,-2.14
2026-07-31 09:46:16,BUY-CORE,360ONE,1160.3,0.46,57,1200,-3.31
2026-07-31 09:46:23,BUY-CORE,JSWSTEEL,1272.5,0.69,44,1300,-2.12
2026-07-31 09:46:42,SELL,OIL,453.0,0.58,0,460,-1.52
2026-07-31 09:46:42,SELL-CORE,OIL,453.0,0.58,0,460,-1.52
2026-07-31 09:46:48,BUY-CORE,BIOCON,426.7,0.8,73,430,-0.77
2026-07-31 09:46:53,BUY-CORE,NAM-INDIA,1164.8,0.44,57,1220,-4.52
2026-07-31 09:46:55,SELL,MPHASIS,2325.4,0.81,0,2400,-3.11
2026-07-31 09:47:01,BUY-CORE,BAJAJHLDNG,11159.0,0.24,57,11500,-2.97
2026-07-31 09:47:04,BUY-CORE,IREDA,120.08,0.82,73,120,0.07
2026-07-31 09:47:07,SELL-CORE,SHREECEM,26270.0,1.22,27,26500,-0.87
2026-07-31 09:47:08,SELL,SUPREMEIND,3460.4,0.57,22,3500,-1.13
2026-07-31 09:47:09,SELL-CORE,SUPREMEIND,3460.4,0.57,22,3500,-1.13
2026-07-31 09:47:10,SELL,SRF,2605.5,0.84,27,2700,-3.5
2026-07-31 09:47:11,SELL-CORE,SRF,2605.5,0.84,27,2700,-3.5
2026-07-31 09:50:36,SELL-CORE,SBIN,1025.5,0.76,42,1030,-0.44
2026-07-31 09:50:43,BUY-CORE,BHARTIARTL,1959.6,0.62,57,1960,-0.02
2026-07-31 09:50:44,SELL,VEDL,265.0,0.58,22,270,-1.85
2026-07-31 09:50:45,SELL-CORE,VEDL,265.0,0.58,22,270,-1.85
2026-07-31 09:50:57,BUY-CORE,NMDC,85.22,0.76,42,86,-0.91
2026-07-31 09:50:58,BUY-CORE,TRENT,3004.5,0.65,44,3000,0.15
2026-07-31 09:51:00,SELL,COFORGE,1734.2,0.75,0,1720,0.83
2026-07-31 09:51:07,BUY-CORE,RVNL,223.7,0.74,53,230,-2.74
2026-07-31 09:51:11,SELL-CORE,LUPIN,2416.0,0.94,0,2440,-0.98
2026-07-31 09:51:13,BUY-CORE,HDFCLIFE,545.75,0.7,44,560,-2.54
2026-07-31 09:51:20,BUY-CORE,OFSS,11146.0,0.77,42,11300,-1.36
2026-07-31 09:51:22,SELL,AUROPHARMA,1574.6,0.68,22,1580,-0.34
2026-07-31 09:51:23,SELL-CORE,AUROPHARMA,1574.6,0.68,22,1580,-0.34
2026-07-31 09:51:49,BUY-CORE,HAVELLS,1262.0,0.54,44,1260,0.16
2026-07-31 09:51:52,SELL,DABUR,421.3,0.85,0,430,-2.02
2026-07-31 09:51:54,BUY-CORE,IRFC,88.97,0.71,53,90,-1.14
2026-07-31 09:51:59,BUY-CORE,PAGEIND,40995.0,0.54,44,42000,-2.39
2026-07-31 09:52:07,COIL,MANKIND,2446.2,1.54,56,2460,-0.56
2026-07-31 09:55:47,SELL,ASIANPAINT,2742.6,0.56,22,2800,-2.05
2026-07-31 09:55:48,SELL-CORE,ASIANPAINT,2742.6,0.56,22,2800,-2.05
2026-07-31 09:55:52,SELL,NMDC,85.02,0.76,27,86,-1.14
2026-07-31 09:55:58,SELL,AMBUJACEM,433.35,0.59,36,440,-1.51
2026-07-31 09:55:59,SELL-CORE,AMBUJACEM,433.35,0.59,36,440,-1.51
2026-07-31 09:56:08,BUY-CORE,PATANJALI,356.4,0.73,53,360,-1.0
2026-07-31 09:56:15,SELL,OFSS,11132.0,0.78,0,11300,-1.49
2026-07-31 09:56:36,BUY-CORE,GODREJPROP,2126.3,0.5,57,2160,-1.56
2026-07-31 09:56:39,BUY-CORE,BIOCON,426.4,0.8,73,430,-0.84
2026-07-31 09:56:42,SELL,SONACOMS,765.45,0.48,36,760,0.72
2026-07-31 09:56:43,SELL-CORE,SONACOMS,765.45,0.48,36,760,0.72
2026-07-31 09:56:44,BUY-CORE,JSWENERGY,548.8,0.85,73,560,-2.0
2026-07-31 10:01:02,BUY-CORE,ADANIENSOL,1660.9,0.52,44,1700,-2.3
2026-07-31 10:01:03,BUY-CORE,TATASTEEL,187.39,0.69,44,190,-1.37
2026-07-31 10:01:26,BUY-CORE,EICHERMOT,7837.5,0.57,44,7900,-0.79
2026-07-31 10:01:56,BUY-CORE,GAIL,174.68,0.51,57,180,-2.96
2026-07-31 10:02:26,SELL-CORE,SHREECEM,26160.0,1.17,27,26500,-1.28
2026-07-31 10:02:30,COIL,MANKIND,2444.0,1.42,56,2460,-0.65
2026-07-31 10:05:37,SELL,ADANIENSOL,1658.0,0.51,22,1700,-2.47
2026-07-31 10:05:37,SELL-CORE,ADANIENSOL,1658.0,0.51,22,1700,-2.47
2026-07-31 10:05:52,BUY-CORE,KOTAKBANK,389.35,0.63,57,400,-2.66
2026-07-31 10:06:19,SELL,INDUSINDBK,1001.3,0.82,0,1010,-0.86
2026-07-31 10:06:26,BUY-CORE,CDSL,1341.9,0.95,53,1360,-1.33
2026-07-31 10:06:28,SELL,ICICIGI,1633.8,0.84,27,1660,-1.58
2026-07-31 10:06:29,SELL-CORE,ICICIGI,1633.8,0.84,27,1660,-1.58
2026-07-31 10:06:41,SELL-CORE,BOSCHLTD,41430.0,1.18,47,41000,1.05
2026-07-31 10:06:52,SELL,PAGEIND,40700.0,0.65,0,41500,-1.93
2026-07-31 10:06:53,SELL-CORE,PAGEIND,40700.0,0.65,0,41500,-1.93
2026-07-31 10:06:58,SELL,JUBLFOOD,436.0,0.74,0,435,0.23
2026-07-31 10:06:58,SELL-CORE,JUBLFOOD,436.0,0.74,0,435,0.23
2026-07-31 10:11:12,SELL,HDFCLIFE,545.6,0.7,22,560,-2.57
2026-07-31 10:11:13,SELL-CORE,HDFCLIFE,545.6,0.7,22,560,-2.57
2026-07-31 10:11:27,BUY-CORE,UPL,605.55,0.89,53,610,-0.73
2026-07-31 10:11:28,BUY-CORE,BPCL,316.7,0.74,42,320,-1.03
2026-07-31 10:11:41,SELL,HINDPETRO,388.3,0.79,27,400,-2.92
2026-07-31 10:11:41,SELL-CORE,HINDPETRO,388.3,0.79,27,400,-2.92
2026-07-31 10:11:50,SELL,HAVELLS,1260.2,0.54,22,1280,-1.55
2026-07-31 10:11:51,SELL-CORE,HAVELLS,1260.2,0.54,22,1280,-1.55
2026-07-31 10:12:08,COIL,MANKIND,2441.0,1.33,56,2460,-0.77
2026-07-31 10:15:57,SELL-CORE,BANKBARODA,242.65,0.9,42,250,-2.94
2026-07-31 10:16:18,BUY-CORE,RVNL,223.8,0.73,73,230,-2.7
2026-07-31 10:16:23,BUY-CORE,PATANJALI,355.9,0.73,53,360,-1.14
2026-07-31 10:16:38,SELL,BPCL,316.35,0.73,27,320,-1.14
2026-07-31 10:21:13,BUY-CORE,HDFCLIFE,547.2,0.69,44,560,-2.29
2026-07-31 10:21:16,SELL-CORE,UNIONBANK,170.47,0.9,0,170,0.28
2026-07-31 10:21:22,BUY-CORE,OFSS,11180.0,0.73,53,11400,-1.93
2026-07-31 10:21:29,BUY-CORE,BPCL,316.45,0.73,42,320,-1.11
2026-07-31 10:21:32,SELL-CORE,FORTIS,944.5,1.32,43,940,0.48
2026-07-31 10:21:42,BUY-CORE,PRESTIGE,1611.4,0.89,53,1620,-0.53
2026-07-31 10:21:57,SELL,INDHOTEL,747.3,0.52,22,760,-1.67
2026-07-31 10:21:58,SELL-CORE,INDHOTEL,747.3,0.52,22,760,-1.67
2026-07-31 10:22:08,SELL,SUPREMEIND,3451.0,0.56,22,3500,-1.4
2026-07-31 10:22:08,SELL-CORE,SUPREMEIND,3451.0,0.56,22,3500,-1.4
2026-07-31 10:25:50,BUY-CORE,HEROMOTOCO,5331.5,0.67,44,5400,-1.27
2026-07-31 10:26:00,BUY-CORE,GRASIM,3127.6,0.35,57,3200,-2.26
2026-07-31 10:26:07,SELL,AUROPHARMA,1569.9,0.78,27,1580,-0.64
2026-07-31 10:26:07,SELL-CORE,AUROPHARMA,1569.9,0.78,27,1580,-0.64
2026-07-31 10:26:15,BUY-CORE,IOC,139.88,0.79,53,142.5,-1.84
2026-07-31 10:26:16,SELL,CIPLA,1465.4,0.53,22,1500,-2.31
2026-07-31 10:26:16,SELL-CORE,CIPLA,1465.4,0.53,22,1500,-2.31
2026-07-31 10:26:19,BUY-CORE,CDSL,1344.0,0.94,53,1360,-1.18
2026-07-31 10:26:31,SELL-CORE,BOSCHLTD,41485.0,1.14,47,41000,1.18
2026-07-31 10:26:39,BUY-CORE,INDHOTEL,747.95,0.52,36,760,-1.59
2026-07-31 10:31:15,SELL-CORE,AXISBANK,1226.6,0.84,42,1260,-2.65
2026-07-31 10:31:23,BUY-CORE,ULTRACEMCO,11946.0,0.27,44,11960,-0.12
2026-07-31 10:31:33,BUY-CORE,YESBANK,22.66,0.66,57,24,-5.58
2026-07-31 10:31:59,SELL,RBLBANK,376.1,0.56,22,380,-1.03
2026-07-31 10:32:00,SELL-CORE,RBLBANK,376.1,0.56,22,380,-1.03
2026-07-31 10:32:14,BUY-CORE,JSWENERGY,553.0,0.85,73,560,-1.25
2026-07-31 10:32:22,SELL,PIDILITIND,1623.7,0.45,22,1700,-4.49
2026-07-31 10:32:22,SELL-CORE,PIDILITIND,1623.7,0.45,22,1700,-4.49
2026-07-31 10:32:24,BUY-CORE,RADICO,4356.0,0.57,36,4400,-1.0
2026-07-31 10:32:24,SELL,RADICO,4356.0,0.57,36,4400,-1.0
2026-07-31 10:32:25,SELL-CORE,RADICO,4356.0,0.57,36,4400,-1.0
2026-07-31 10:35:39,SELL,ADANIGREEN,1356.1,0.71,27,1400,-3.14
2026-07-31 10:35:39,SELL-CORE,ADANIGREEN,1356.1,0.71,27,1400,-3.14
2026-07-31 10:35:47,BUY-CORE,TITAN,4860.0,0.75,53,4800,1.25
2026-07-31 10:35:50,BUY-CORE,COALINDIA,412.7,0.69,44,420,-1.74
2026-07-31 10:35:54,SELL,ASIANPAINT,2747.5,0.55,22,2800,-1.88
2026-07-31 10:35:54,SELL-CORE,ASIANPAINT,2747.5,0.55,22,2800,-1.88
2026-07-31 10:35:57,SELL,KOTAKBANK,389.15,0.63,36,400,-2.71
2026-07-31 10:35:58,SELL-CORE,KOTAKBANK,389.15,0.63,36,400,-2.71
2026-07-31 10:36:04,BUY-CORE,AMBUJACEM,433.3,0.58,36,440,-1.52
2026-07-31 10:36:30,BUY-CORE,GAIL,175.14,0.52,57,180,-2.7
2026-07-31 10:36:42,BUY-CORE,DRREDDY,1146.5,0.69,44,1170,-2.01
2026-07-31 10:36:44,SELL,HAVELLS,1260.0,0.55,22,1280,-1.56
2026-07-31 10:36:44,SELL-CORE,HAVELLS,1260.0,0.55,22,1280,-1.56
2026-07-31 10:37:00,COIL,MANKIND,2441.0,1.14,47,2460,-0.77
2026-07-31 10:40:42,SELL-CORE,AXISBANK,1228.7,0.84,42,1260,-2.48
2026-07-31 10:40:55,BUY-CORE,ASIANPAINT,2749.5,0.55,44,2800,-1.8
2026-07-31 10:41:17,SELL,VMM,107.2,0.49,22,115,-6.78
2026-07-31 10:41:18,SELL-CORE,VMM,107.2,0.49,22,115,-6.78
2026-07-31 10:41:29,BUY-CORE,IOC,139.88,0.8,53,142.5,-1.84
2026-07-31 10:41:36,BUY-CORE,LICI,422.45,0.99,73,420,0.58
2026-07-31 10:46:11,BUY-CORE,NTPC,344.6,0.7,44,350,-1.54
2026-07-31 10:46:34,SELL-CORE,APLAPOLLO,1865.2,1.08,27,1840,1.37
2026-07-31 10:47:06,BUY-CORE,TATAELXSI,3655.8,0.64,36,3700,-1.19
2026-07-31 10:50:52,SELL,KOTAKBANK,389.35,0.64,36,400,-2.66
2026-07-31 10:50:52,SELL-CORE,KOTAKBANK,389.35,0.64,36,400,-2.66
2026-07-31 10:50:58,BUY-CORE,HEROMOTOCO,5328.7,0.67,44,5400,-1.32
2026-07-31 10:51:24,BUY-CORE,CDSL,1342.1,0.93,53,1360,-1.32
2026-07-31 10:51:29,BUY-CORE,OIL,457.2,0.59,44,460,-0.61
2026-07-31 10:51:42,BUY,PETRONET,279.3,1.23,73,280,-0.25
2026-07-31 10:51:43,BUY-CORE,PETRONET,279.3,1.23,73,280,-0.25
2026-07-31 10:51:45,SELL,INDHOTEL,746.15,0.51,0,760,-1.82
2026-07-31 10:51:45,SELL-CORE,INDHOTEL,746.15,0.51,0,760,-1.82
2026-07-31 10:51:51,SELL,ASTRAL,1456.6,0.6,22,1500,-2.89
2026-07-31 10:51:52,SELL-CORE,ASTRAL,1456.6,0.6,22,1500,-2.89
2026-07-31 10:51:58,SELL,PIIND,2763.0,0.68,22,2800,-1.32
2026-07-31 10:51:58,SELL-CORE,PIIND,2763.0,0.68,22,2800,-1.32
2026-07-31 10:55:40,BUY-CORE,COALINDIA,413.0,0.68,44,420,-1.67
2026-07-31 10:55:43,BUY-CORE,ASIANPAINT,2749.6,0.56,44,2800,-1.8
2026-07-31 10:55:47,BUY-CORE,NMDC,85.32,0.75,42,86,-0.79
2026-07-31 10:56:14,BUY-CORE,IOC,140.21,0.79,53,142.5,-1.61
2026-07-31 10:56:30,BUY-CORE,HAVELLS,1263.6,0.54,44,1280,-1.28
2026-07-31 10:56:33,SELL,MPHASIS,2320.8,0.81,0,2400,-3.3
2026-07-31 10:56:37,SELL,ALKEM,5756.5,0.29,22,6000,-4.06
2026-07-31 10:56:37,SELL-CORE,ALKEM,5756.5,0.29,22,6000,-4.06
2026-07-31 10:56:40,BUY-CORE,RADICO,4371.3,0.57,44,4400,-0.65
2026-07-31 11:01:40,SELL,ICICIGI,1631.2,0.81,0,1660,-1.73
2026-07-31 11:01:41,SELL,MAXHEALTH,1115.9,0.55,0,1130,-1.25
2026-07-31 11:01:42,SELL-CORE,MAXHEALTH,1115.9,0.55,0,1130,-1.25
2026-07-31 11:02:00,BUY-CORE,MANAPPURAM,369.4,0.56,57,370,-0.16
2026-07-31 11:02:01,BUY-CORE,TATAELXSI,3659.8,0.65,36,3700,-1.09
2026-07-31 11:06:52,SELL,AUROPHARMA,1568.8,0.78,27,1580,-0.71
2026-07-31 11:06:53,SELL-CORE,AUROPHARMA,1568.8,0.78,27,1580,-0.71
2026-07-31 11:07:15,BUY-CORE,BIOCON,426.4,0.8,73,430,-0.84
2026-07-31 11:07:34,BUY-CORE,SRF,2608.9,0.84,53,2700,-3.37
2026-07-31 11:10:37,SELL-CORE,SBIN,1023.8,0.81,42,1030,-0.6
2026-07-31 11:10:46,BUY-CORE,TITAN,4855.6,0.74,53,4800,1.16
2026-07-31 11:10:53,SELL,MARUTI,14133.0,0.41,0,14300,-1.17
2026-07-31 11:10:54,SELL-CORE,MARUTI,14133.0,0.41,0,14300,-1.17
2026-07-31 11:10:56,SELL,NMDC,85.09,0.76,27,86,-1.06
2026-07-31 11:11:00,BUY,AMBER,7450.0,1.03,100,7400,0.68
2026-07-31 11:11:30,BUY,LICI,421.95,1.0,100,420,0.46
2026-07-31 11:11:52,SELL,ASTRAL,1455.1,0.6,22,1500,-2.99
2026-07-31 11:11:52,SELL-CORE,ASTRAL,1455.1,0.6,22,1500,-2.99
2026-07-31 11:16:33,BUY-CORE,APOLLOHOSP,8994.5,0.54,44,9100,-1.16
2026-07-31 11:16:38,BUY-CORE,CDSL,1343.6,0.93,53,1360,-1.21
2026-07-31 11:16:51,BUY-CORE,ZYDUSLIFE,1122.9,0.81,73,1120,0.26
2026-07-31 11:17:01,BUY-CORE,MANAPPURAM,370.0,0.55,57,370,0.0
2026-07-31 11:17:06,BUY-CORE,IREDA,120.12,0.8,73,120,0.1
2026-07-31 11:20:45,SELL-CORE,SBIN,1024.4,0.81,42,1030,-0.54
2026-07-31 11:21:02,BUY-CORE,MARUTI,14226.0,0.38,57,14300,-0.52
2026-07-31 11:21:03,SELL,SAIL,168.79,0.56,22,172.5,-2.15
2026-07-31 11:21:04,SELL-CORE,SAIL,168.79,0.56,22,172.5,-2.15
2026-07-31 11:21:38,BUY-CORE,RBLBANK,376.5,0.54,44,380,-0.92
2026-07-31 11:22:08,SELL,SHREECEM,26255.0,0.75,27,26500,-0.92
2026-07-31 11:26:23,SELL-CORE,LT,3925.1,0.74,42,4000,-1.87
2026-07-31 11:26:31,BUY-CORE,KOTAKBANK,389.55,0.63,44,400,-2.61
2026-07-31 11:26:45,BUY-CORE,PATANJALI,359.7,0.63,57,360,-0.08
2026-07-31 11:26:53,SELL,OFSS,11123.0,0.78,27,11300,-1.57
2026-07-31 11:26:53,SELL-CORE,OFSS,11123.0,0.78,27,11300,-1.57
2026-07-31 11:27:05,SELL,RBLBANK,376.2,0.54,36,380,-1.0
2026-07-31 11:27:05,SELL-CORE,RBLBANK,376.2,0.54,36,380,-1.0
2026-07-31 11:27:19,SELL-CORE,BOSCHLTD,41250.0,1.24,47,41000,0.61
2026-07-31 11:27:30,SELL,RADICO,4353.0,0.58,36,4400,-1.07
2026-07-31 11:27:31,SELL-CORE,RADICO,4353.0,0.58,36,4400,-1.07
2026-07-31 11:27:38,SELL,MANKIND,2430.3,0.85,27,2460,-1.21
2026-07-31 11:31:24,BUY-CORE,ASIANPAINT,2753.9,0.48,44,2800,-1.65
2026-07-31 11:31:27,SELL,KOTAKBANK,389.3,0.63,36,400,-2.67
2026-07-31 11:31:27,SELL-CORE,KOTAKBANK,389.3,0.63,36,400,-2.67
2026-07-31 11:31:32,BUY-CORE,YESBANK,22.68,0.65,57,24,-5.5
2026-07-31 11:32:02,SELL,ICICIGI,1634.9,0.81,27,1660,-1.51
2026-07-31 11:32:04,BUY,LICI,422.0,1.0,100,420,0.48
2026-07-31 11:32:20,SELL-CORE,BLUESTARCO,1689.7,0.98,27,1660,1.79
2026-07-31 11:32:26,SELL,GODREJCP,1068.5,0.63,0,1080,-1.06
2026-07-31 11:32:27,SELL-CORE,GODREJCP,1068.5,0.63,0,1080,-1.06
2026-07-31 11:35:27,BUY-CORE,NIFTY,24367.45,0.93,73,24350,0.07
2026-07-31 11:35:32,SELL,ADANIGREEN,1356.0,0.71,27,1400,-3.14
2026-07-31 11:35:32,SELL-CORE,ADANIGREEN,1356.0,0.71,27,1400,-3.14
2026-07-31 11:36:48,SELL,SHREECEM,26240.0,0.85,27,26500,-0.98
2026-07-31 11:40:41,BUY,MIDCPNIFTY,14735.4,1.02,100,14700,0.24
2026-07-31 11:40:47,SELL-CORE,AXISBANK,1228.2,0.84,42,1260,-2.52
2026-07-31 11:40:59,BUY-CORE,MARUTI,14176.0,0.38,57,14300,-0.87
2026-07-31 11:41:34,SELL,SBILIFE,1876.4,0.56,36,1900,-1.24
2026-07-31 11:41:34,SELL-CORE,SBILIFE,1876.4,0.56,36,1900,-1.24
2026-07-31 11:41:38,BUY-CORE,HINDPETRO,389.7,0.79,53,400,-2.58
2026-07-31 11:41:50,SELL-CORE,IRFC,88.81,0.72,42,90,-1.32
2026-07-31 11:45:49,BUY-CORE,ADANIGREEN,1359.6,0.7,44,1400,-2.89
2026-07-31 11:45:56,SELL,CANBK,124.33,0.76,27,130,-4.36
2026-07-31 11:45:57,SELL-CORE,CANBK,124.33,0.76,27,130,-4.36
2026-07-31 11:46:26,SELL-CORE,JSWSTEEL,1265.8,0.9,27,1280,-1.11
2026-07-31 11:46:53,BUY-CORE,BIOCON,426.5,0.81,73,430,-0.81
2026-07-31 11:47:03,SELL,INDHOTEL,747.55,0.53,22,760,-1.64
2026-07-31 11:47:04,SELL-CORE,INDHOTEL,747.55,0.53,22,760,-1.64
2026-07-31 11:47:06,BUY-CORE,TATAELXSI,3658.7,0.67,36,3700,-1.12
2026-07-31 11:50:58,SELL,KOTAKBANK,389.25,0.64,22,400,-2.69
2026-07-31 11:50:58,SELL-CORE,KOTAKBANK,389.25,0.64,22,400,-2.69
2026-07-31 11:51:12,BUY-CORE,LUPIN,2426.3,0.96,53,2420,0.26
2026-07-31 11:51:21,BUY-CORE,OFSS,11120.0,0.77,42,11300,-1.59
2026-07-31 11:51:23,BUY-CORE,AUROPHARMA,1579.4,0.7,44,1580,-0.04
2026-07-31 11:51:32,BUY-CORE,CIPLA,1472.5,0.53,36,1500,-1.83
2026-07-31 11:51:35,BUY-CORE,CDSL,1343.2,0.93,53,1360,-1.24
2026-07-31 11:51:38,SELL,SBILIFE,1874.7,0.57,22,1900,-1.33
2026-07-31 11:51:39,SELL-CORE,SBILIFE,1874.7,0.57,22,1900,-1.33
2026-07-31 11:51:59,BUY-CORE,MANAPPURAM,368.55,0.55,44,370,-0.39
2026-07-31 11:52:07,SELL,SUPREMEIND,3440.0,0.61,22,3500,-1.71
2026-07-31 11:52:08,SELL-CORE,SUPREMEIND,3440.0,0.61,22,3500,-1.71
2026-07-31 11:55:46,SELL,PFC,420.85,0.73,27,425,-0.98
2026-07-31 11:55:47,SELL-CORE,PFC,420.85,0.73,27,425,-0.98
2026-07-31 11:55:55,SELL,RECLTD,370.25,0.66,36,370,0.07
2026-07-31 11:55:56,SELL-CORE,RECLTD,370.25,0.66,36,370,0.07
2026-07-31 11:55:59,SELL,INDIGO,5221.0,0.69,22,5300,-1.49
2026-07-31 11:56:00,SELL-CORE,INDIGO,5221.0,0.69,22,5300,-1.49
2026-07-31 11:56:13,BUY-CORE,PERSISTENT,5514.3,0.57,57,5600,-1.53
2026-07-31 11:56:17,SELL,VMM,107.14,0.53,22,115,-6.83
2026-07-31 11:56:18,SELL-CORE,VMM,107.14,0.53,22,115,-6.83
2026-07-31 11:56:24,BUY-CORE,BANKINDIA,137.3,0.9,73,140,-1.93
2026-07-31 11:56:38,BUY-CORE,OIL,457.25,0.54,44,460,-0.6
2026-07-31 11:56:49,SELL,HAVELLS,1259.2,0.54,22,1280,-1.62
2026-07-31 11:56:49,SELL-CORE,HAVELLS,1259.2,0.54,22,1280,-1.62
2026-07-31 11:56:53,SELL-CORE,PETRONET,278.7,1.23,47,280,-0.46
2026-07-31 11:57:00,BUY-CORE,RADICO,4357.1,0.59,36,4400,-0.97
2026-07-31 12:01:08,BUY-CORE,BANKBARODA,242.75,0.9,53,250,-2.9
2026-07-31 12:01:09,BUY-CORE,TITAN,4859.8,0.75,53,4800,1.25
2026-07-31 12:01:18,BUY-CORE,KOTAKBANK,389.7,0.64,36,400,-2.58
2026-07-31 12:01:32,SELL-CORE,HDFCLIFE,545.0,0.72,42,560,-2.68
2026-07-31 12:01:43,BUY-CORE,MUTHOOTFIN,3097.7,0.46,57,3100,-0.07
2026-07-31 12:01:50,BUY-CORE,RBLBANK,376.55,0.54,44,380,-0.91
2026-07-31 12:02:11,SELL,TATAELXSI,3659.5,0.7,36,3700,-1.09
2026-07-31 12:02:12,SELL-CORE,TATAELXSI,3659.5,0.7,36,3700,-1.09
2026-07-31 12:02:15,BUY-CORE,KPITTECH,591.9,0.69,44,600,-1.35
2026-07-31 12:15:51,BUY-CORE,PFC,423.0,0.65,44,430,-1.63
2026-07-31 12:16:00,BUY-CORE,RECLTD,372.3,0.66,44,370,0.62
2026-07-31 12:16:14,SELL,HDFCLIFE,545.6,0.7,22,560,-2.57
2026-07-31 12:16:16,BUY-CORE,UNIONBANK,170.99,0.9,53,170,0.58
2026-07-31 12:16:24,BUY-CORE,AUROPHARMA,1581.1,0.71,53,1580,0.07
2026-07-31 12:16:31,BUY-CORE,APOLLOHOSP,8974.0,0.56,44,9100,-1.38
2026-07-31 12:17:06,BUY,TIINDIA,2754.1,1.0,73,2800,-1.64
2026-07-31 12:17:07,COIL,TIINDIA,2754.1,1.0,73,2800,-1.64
2026-07-31 12:20:46,BUY-CORE,TITAN,4864.0,0.76,73,4800,1.33
2026-07-31 12:21:17,SELL,OFSS,11152.0,0.71,27,11400,-2.18
2026-07-31 12:21:36,BUY-CORE,HINDPETRO,390.35,0.8,73,400,-2.41
2026-07-31 12:21:47,SELL,MPHASIS,2343.0,0.85,0,2388,-1.88
2026-07-31 12:21:47,SELL-CORE,MPHASIS,2343.0,0.85,0,2388,-1.88
2026-07-31 12:25:39,SELL,CANBK,124.41,0.76,27,130,-4.3
2026-07-31 12:25:40,SELL-CORE,CANBK,124.41,0.76,27,130,-4.3
2026-07-31 12:26:07,BUY-CORE,HDFCLIFE,548.0,0.52,57,560,-2.14
2026-07-31 12:26:10,BUY-CORE,GRASIM,3117.9,0.33,57,3200,-2.57
2026-07-31 12:26:52,SELL,ALKEM,5773.5,0.29,22,6000,-3.77
2026-07-31 12:26:53,SELL-CORE,ALKEM,5773.5,0.29,22,6000,-3.77
2026-07-31 12:27:05,SELL,MANKIND,2455.5,0.85,27,2460,-0.18
2026-07-31 12:31:28,BUY-CORE,SAIL,169.4,0.57,44,172.5,-1.8
2026-07-31 12:31:33,BUY-CORE,INDIGO,5230.5,0.68,44,5300,-1.31
2026-07-31 12:31:37,SELL,EICHERMOT,7831.0,0.61,22,7900,-0.87
2026-07-31 12:31:38,SELL-CORE,EICHERMOT,7831.0,0.61,22,7900,-0.87
2026-07-31 12:31:52,SELL,POWERGRID,283.85,0.85,0,290,-2.12
2026-07-31 12:31:53,BUY-CORE,OFSS,11170.0,0.71,42,11400,-2.02
2026-07-31 12:32:05,SELL,RBLBANK,376.0,0.54,22,380,-1.05
2026-07-31 12:32:06,SELL-CORE,RBLBANK,376.0,0.54,22,380,-1.05
2026-07-31 12:32:27,SELL,INDHOTEL,746.5,0.52,22,760,-1.78
2026-07-31 12:32:28,SELL-CORE,INDHOTEL,746.5,0.52,22,760,-1.78
2026-07-31 12:35:43,BUY-CORE,COALINDIA,414.0,0.68,44,420,-1.43
2026-07-31 12:36:01,BUY-CORE,HCLTECH,1354.0,0.68,44,1360,-0.44
2026-07-31 12:36:37,BUY-CORE,IRFC,89.48,0.73,73,90,-0.58
2026-07-31 12:41:00,SELL,INDIGO,5223.5,0.68,22,5300,-1.44
2026-07-31 12:41:01,SELL-CORE,INDIGO,5223.5,0.68,22,5300,-1.44
2026-07-31 12:41:03,BUY-CORE,TECHM,1659.1,0.44,36,1660,-0.05
2026-07-31 12:41:12,SELL,HCLTECH,1354.0,0.69,36,1360,-0.44
2026-07-31 12:41:12,SELL-CORE,HCLTECH,1354.0,0.69,36,1360,-0.44
2026-07-31 12:41:23,BUY,VOLTAS,1347.4,1.01,100,1320,2.08
2026-07-31 12:41:31,BUY-CORE,RBLBANK,377.75,0.46,57,385,-1.88
2026-07-31 12:41:53,BUY-CORE,MANAPPURAM,370.3,0.56,57,370,0.08
2026-07-31 12:45:37,BUY,NIFTY,24406.55,1.03,100,24350,0.23
2026-07-31 12:46:02,BUY-CORE,NTPC,345.35,0.7,44,350,-1.33
2026-07-31 12:46:22,SELL,POWERGRID,283.9,0.84,0,290,-2.1
2026-07-31 12:46:53,SELL,MPHASIS,2346.9,0.74,27,2400,-2.21
2026-07-31 12:46:53,SELL-CORE,MPHASIS,2346.9,0.74,27,2400,-2.21
2026-07-31 12:46:57,SELL,INDHOTEL,747.1,0.53,22,760,-1.7
2026-07-31 12:46:58,SELL-CORE,INDHOTEL,747.1,0.53,22,760,-1.7
2026-07-31 12:47:03,SELL,IEX,131.06,0.67,36,135,-2.92
2026-07-31 12:47:03,SELL-CORE,IEX,131.06,0.67,36,135,-2.92
2026-07-31 12:50:41,SELL,INFY,1137.6,0.65,0,1140,-0.21
2026-07-31 12:51:25,SELL,RBLBANK,375.2,0.55,22,380,-1.26
2026-07-31 12:51:26,SELL-CORE,RBLBANK,375.2,0.55,22,380,-1.26
2026-07-31 12:55:42,SELL,ICICIBANK,1432.7,0.59,22,1450,-1.19
2026-07-31 12:55:42,SELL-CORE,ICICIBANK,1432.7,0.59,22,1450,-1.19
2026-07-31 12:55:43,BUY-CORE,BAJFINANCE,1136.9,0.7,57,1130,0.61
2026-07-31 12:56:01,SELL,INDIGO,5223.5,0.69,22,5300,-1.44
2026-07-31 12:56:02,SELL-CORE,INDIGO,5223.5,0.69,22,5300,-1.44
2026-07-31 12:56:11,SELL,HCLTECH,1356.2,0.54,36,1380,-1.72
2026-07-31 12:56:12,SELL-CORE,HCLTECH,1356.2,0.54,36,1380,-1.72
2026-07-31 12:56:33,SELL,SBILIFE,1876.0,0.56,22,1900,-1.26
2026-07-31 12:56:33,SELL-CORE,SBILIFE,1876.0,0.56,22,1900,-1.26
2026-07-31 12:56:54,SELL,IEX,131.15,0.67,36,135,-2.85
2026-07-31 12:56:55,SELL-CORE,IEX,131.15,0.67,36,135,-2.85
2026-07-31 13:01:26,BUY,BAJAJ-AUTO,11523.0,1.0,100,11400,1.08
2026-07-31 13:06:04,SELL,HCLTECH,1351.2,0.7,22,1360,-0.65
2026-07-31 13:06:04,SELL-CORE,HCLTECH,1351.2,0.7,22,1360,-0.65
2026-07-31 13:06:07,BUY-CORE,UNIONBANK,171.71,0.85,73,172.5,-0.46
2026-07-31 13:06:53,BUY,TIINDIA,2751.8,1.0,73,2800,-1.72
2026-07-31 13:06:53,COIL,TIINDIA,2751.8,1.0,73,2800,-1.72
2026-07-31 13:06:57,BUY-CORE,DALBHARAT,1810.0,0.74,73,1860,-2.69
2026-07-31 13:10:51,BUY-CORE,ICICIBANK,1434.1,0.59,44,1450,-1.1
2026-07-31 13:10:54,SELL,ADANIENSOL,1648.5,0.58,22,1700,-3.03
2026-07-31 13:10:55,SELL-CORE,ADANIENSOL,1648.5,0.58,22,1700,-3.03
2026-07-31 13:10:59,BUY-CORE,CANBK,124.9,0.76,53,130,-3.92
2026-07-31 13:11:14,BUY-CORE,INDIGO,5231.5,0.68,44,5300,-1.29
2026-07-31 13:16:10,SELL,INDIGO,5209.0,0.69,22,5300,-1.72
2026-07-31 13:16:11,SELL-CORE,INDIGO,5209.0,0.69,22,5300,-1.72
2026-07-31 13:16:40,SELL,CIPLA,1473.5,0.55,22,1500,-1.77
2026-07-31 13:16:40,SELL-CORE,CIPLA,1473.5,0.55,22,1500,-1.77
2026-07-31 13:16:55,SELL,BIOCON,424.2,0.82,27,430,-1.35
2026-07-31 13:16:55,SELL-CORE,BIOCON,424.2,0.82,27,430,-1.35
2026-07-31 13:17:12,BUY,TIINDIA,2750.0,1.0,73,2800,-1.79
2026-07-31 13:17:13,COIL,TIINDIA,2750.0,1.0,73,2800,-1.79
2026-07-31 13:21:01,BUY-CORE,COALINDIA,413.55,0.7,44,420,-1.54
2026-07-31 13:21:15,SELL,EICHERMOT,7816.5,0.6,22,7900,-1.06
2026-07-31 13:21:15,SELL-CORE,EICHERMOT,7816.5,0.6,22,7900,-1.06
2026-07-31 13:21:40,BUY-CORE,CIPLA,1473.6,0.54,44,1500,-1.76
2026-07-31 13:21:50,BUY-CORE,UNOMINDA,1183.9,0.64,57,1200,-1.34
2026-07-31 13:22:04,SELL,INDHOTEL,745.65,0.52,0,760,-1.89
2026-07-31 13:22:05,SELL-CORE,INDHOTEL,745.65,0.52,0,760,-1.89
2026-07-31 13:25:30,BUY,MIDCPNIFTY,14811.35,1.0,100,14750,0.42
2026-07-31 13:25:39,BUY-CORE,CANBK,124.96,0.76,53,130,-3.88
2026-07-31 13:25:59,BUY-CORE,INDIANB,837.45,0.99,73,840,-0.3
2026-07-31 13:26:04,BUY-CORE,LUPIN,2428.2,0.95,53,2420,0.34
2026-07-31 13:26:06,BUY-CORE,PATANJALI,356.85,0.71,53,360,-0.87
2026-07-31 13:26:13,SELL,POWERGRID,283.95,0.83,0,290,-2.09
2026-07-31 13:26:33,BUY-CORE,HINDPETRO,390.95,0.8,53,400,-2.26
2026-07-31 13:26:41,SELL,HAVELLS,1260.0,0.53,22,1280,-1.56
2026-07-31 13:26:42,SELL-CORE,HAVELLS,1260.0,0.53,22,1280,-1.56
2026-07-31 13:26:43,BUY-CORE,CONCOR,526.15,0.67,44,530,-0.73
2026-07-31 13:26:52,SELL,RADICO,4349.9,0.61,36,4400,-1.14
2026-07-31 13:26:52,SELL-CORE,RADICO,4349.9,0.61,36,4400,-1.14
2026-07-31 13:31:39,BUY,INDIANB,838.9,1.01,100,840,-0.13
2026-07-31 13:31:50,BUY-CORE,INDUSTOWER,394.0,0.55,36,400,-1.5
2026-07-31 13:31:54,SELL-CORE,OFSS,11149.0,0.77,42,11300,-1.34
2026-07-31 13:35:49,BUY-CORE,NATIONALUM,349.7,0.74,53,350,-0.09
2026-07-31 13:36:05,BUY-CORE,AMBUJACEM,433.45,0.57,44,440,-1.49
2026-07-31 13:40:58,SELL,AMBUJACEM,432.85,0.57,36,440,-1.62
2026-07-31 13:40:59,SELL-CORE,AMBUJACEM,432.85,0.57,36,440,-1.62
2026-07-31 13:41:46,SELL,IEX,131.24,0.67,36,135,-2.79
2026-07-31 13:46:03,BUY-CORE,NMDC,85.15,0.75,42,86,-0.99
2026-07-31 13:46:23,SELL,POWERGRID,283.85,0.84,0,290,-2.12
2026-07-31 13:46:39,SELL,MAXHEALTH,1097.1,0.73,0,1120,-2.04
2026-07-31 13:46:41,SELL,CROMPTON,258.25,0.58,0,270,-4.35
2026-07-31 13:46:42,SELL-CORE,CROMPTON,258.25,0.58,0,270,-4.35
2026-07-31 13:50:56,SELL,ITC,281.4,0.8,0,287.5,-2.12
2026-07-31 13:51:02,SELL,NMDC,85.01,0.75,27,86,-1.15
2026-07-31 13:51:32,BUY-CORE,IOC,140.62,0.83,53,142.5,-1.32
2026-07-31 13:52:00,SELL,GODREJCP,1072.6,0.67,22,1080,-0.69
2026-07-31 13:52:01,SELL-CORE,GODREJCP,1072.6,0.67,22,1080,-0.69
2026-07-31 13:56:07,BUY-CORE,INDUSTOWER,393.9,0.57,36,400,-1.53
2026-07-31 13:56:40,BUY-CORE,ICICIPRULI,515.3,0.57,44,520,-0.9
2026-07-31 14:01:17,BUY-CORE,NATIONALUM,350.05,0.78,53,350,0.01
2026-07-31 14:01:33,SELL,AMBUJACEM,432.6,0.57,22,440,-1.68
2026-07-31 14:01:34,SELL-CORE,AMBUJACEM,432.6,0.57,22,440,-1.68
2026-07-31 14:01:50,SELL-CORE,OFSS,11135.0,0.77,42,11300,-1.46
2026-07-31 14:01:54,SELL-CORE,VOLTAS,1329.7,1.14,47,1320,0.73
2026-07-31 14:01:55,SELL-CORE,APLAPOLLO,1844.8,1.34,56,1840,0.26
2026-07-31 14:06:01,SELL,EICHERMOT,7825.0,0.59,22,7900,-0.95
2026-07-31 14:06:01,SELL-CORE,EICHERMOT,7825.0,0.59,22,7900,-0.95
2026-07-31 14:06:05,SELL-CORE,360ONE,1139.8,0.71,42,1160,-1.74
2026-07-31 14:06:34,SELL,LODHA,1264.2,0.66,36,1280,-1.23
2026-07-31 14:06:35,SELL-CORE,LODHA,1264.2,0.66,36,1280,-1.23
2026-07-31 14:11:01,BUY-CORE,YESBANK,22.77,0.66,57,24,-5.13
2026-07-31 14:11:43,SELL-CORE,BOSCHLTD,41025.0,1.16,27,41000,0.06
2026-07-31 14:16:20,SELL,VMM,106.99,0.53,0,115,-6.97
2026-07-31 14:16:21,SELL-CORE,VMM,106.99,0.53,0,115,-6.97
2026-07-31 14:16:37,SELL,CROMPTON,259.0,0.59,22,270,-4.07
2026-07-31 14:16:38,SELL-CORE,CROMPTON,259.0,0.59,22,270,-4.07
2026-07-31 14:16:41,BUY-CORE,HINDPETRO,391.05,0.81,73,400,-2.24
2026-07-31 14:17:02,SELL,SUPREMEIND,3438.0,0.61,22,3500,-1.77
2026-07-31 14:17:03,SELL-CORE,SUPREMEIND,3438.0,0.61,22,3500,-1.77
2026-07-31 14:20:58,BUY-CORE,NMDC,84.75,0.73,42,86,-1.45
2026-07-31 14:21:42,SELL-CORE,BIOCON,423.8,0.86,27,430,-1.44
2026-07-31 14:25:56,BUY-CORE,YESBANK,22.78,0.66,57,24,-5.08
2026-07-31 14:26:04,BUY,BAJAJ-AUTO,11522.0,1.0,100,11400,1.07
2026-07-31 14:26:15,SELL,POWERGRID,283.85,0.84,0,290,-2.12
2026-07-31 14:26:41,BUY,PNBHOUSING,1054.3,1.3,100,1040,1.37
2026-07-31 14:26:42,BUY-CORE,PNBHOUSING,1054.3,1.3,100,1040,1.37
2026-07-31 14:26:47,BUY-CORE,CONCOR,525.65,0.66,44,530,-0.82
2026-07-31 14:31:21,BUY-CORE,ICICIBANK,1434.4,0.58,44,1450,-1.08
2026-07-31 14:31:31,BUY-CORE,LT,3935.8,0.76,53,4000,-1.6
2026-07-31 14:32:04,SELL-CORE,APLAPOLLO,1828.6,1.69,43,1840,-0.62
2026-07-31 14:32:06,SELL,INDUSINDBK,1011.8,0.62,22,1030,-1.77
2026-07-31 14:32:07,SELL-CORE,INDUSINDBK,1011.8,0.62,22,1030,-1.77
2026-07-31 14:32:12,BUY-CORE,IOC,140.25,0.85,73,142.5,-1.58
2026-07-31 14:35:51,SELL,SUNPHARMA,1971.9,0.71,0,2000,-1.4
2026-07-31 14:35:52,SELL-CORE,SUNPHARMA,1971.9,0.71,0,2000,-1.4
2026-07-31 14:36:09,BUY-CORE,PATANJALI,355.8,0.71,53,360,-1.17
2026-07-31 14:36:40,BUY,JSWENERGY,554.65,1.0,100,560,-0.96
2026-07-31 14:36:42,SELL,CONCOR,524.8,0.66,36,530,-0.98
2026-07-31 14:36:42,SELL-CORE,CONCOR,524.8,0.66,36,530,-0.98
2026-07-31 14:40:43,BUY-CORE,BAJFINANCE,1145.5,0.62,57,1150,-0.39
2026-07-31 14:41:12,BUY,BAJAJ-AUTO,11493.0,1.0,100,11400,0.82
2026-07-31 14:41:45,BUY-CORE,GODREJPROP,2110.0,0.76,53,2100,0.48
2026-07-31 14:41:47,SELL-CORE,BIOCON,424.0,0.86,27,430,-1.4
2026-07-31 14:41:59,BUY-CORE,MANAPPURAM,371.85,0.59,57,370,0.5
2026-07-31 14:45:47,BUY,FINNIFTY,26566.65,1.04,73,26500,0.25
2026-07-31 14:46:19,SELL,360ONE,1135.6,0.7,0,1160,-2.1
2026-07-31 14:46:20,SELL-CORE,360ONE,1135.6,0.7,0,1160,-2.1
2026-07-31 14:46:31,SELL,POWERGRID,283.9,0.84,0,290,-2.1
2026-07-31 14:50:47,BUY-CORE,AXISBANK,1228.6,0.83,53,1260,-2.49
2026-07-31 14:51:28,BUY-CORE,CIPLA,1470.5,0.54,36,1500,-1.97
2026-07-31 14:51:29,SELL,CIPLA,1470.5,0.54,36,1500,-1.97
2026-07-31 14:51:29,SELL-CORE,CIPLA,1470.5,0.54,36,1500,-1.97
2026-07-31 14:51:37,SELL,LODHA,1258.0,0.66,36,1280,-1.72
2026-07-31 14:51:37,SELL-CORE,LODHA,1258.0,0.66,36,1280,-1.72
2026-07-31 14:51:40,SELL-CORE,TATACONSUM,1083.8,1.01,27,1100,-1.47
2026-07-31 14:52:00,SELL,SUPREMEIND,3456.2,0.6,22,3500,-1.25
2026-07-31 14:52:01,SELL-CORE,SUPREMEIND,3456.2,0.6,22,3500,-1.25
2026-07-31 14:55:40,SELL-CORE,AXISBANK,1229.0,0.83,42,1260,-2.46
2026-07-31 14:56:33,BUY-CORE,CROMPTON,260.4,0.6,44,270,-3.56
2026-07-31 14:56:39,BUY-CORE,GODREJPROP,2109.3,0.76,53,2100,0.44
2026-07-31 14:56:46,BUY-CORE,HAVELLS,1261.6,0.53,44,1280,-1.44
2026-07-31 14:56:50,BUY,PETRONET,280.4,1.19,73,280,0.14
2026-07-31 14:56:51,BUY-CORE,PETRONET,280.4,1.19,73,280,0.14
2026-07-31 15:01:10,BUY-CORE,NATIONALUM,349.55,0.83,53,350,-0.13
2026-07-31 15:01:18,BUY-CORE,NHPC,78.64,0.92,73,79,-0.46
2026-07-31 15:01:25,BUY,AMBER,7434.0,1.07,100,7400,0.46
2026-07-31 15:01:44,BUY-CORE,AUROPHARMA,1579.9,0.71,53,1580,-0.01
2026-07-31 15:01:49,BUY,UPL,604.95,1.0,73,610,-0.83
2026-07-31 15:01:50,COIL,UPL,604.95,1.0,73,610,-0.83
2026-07-31 15:01:54,BUY-CORE,CIPLA,1473.6,0.54,36,1500,-1.76
2026-07-31 15:06:11,SELL-CORE,ABB,7281.5,0.89,27,7400,-1.6
2026-07-31 15:06:12,SELL,INDUSINDBK,1014.45,0.64,22,1030,-1.51
2026-07-31 15:06:12,SELL-CORE,INDUSINDBK,1014.45,0.64,22,1030,-1.51
2026-07-31 15:06:32,BUY,JSWENERGY,554.6,1.02,100,560,-0.96
2026-07-31 15:06:43,SELL,GODREJCP,1072.1,0.68,22,1080,-0.73
2026-07-31 15:06:43,SELL-CORE,GODREJCP,1072.1,0.68,22,1080,-0.73
2026-07-31 15:10:50,BUY-CORE,ICICIBANK,1435.7,0.52,44,1450,-0.99
2026-07-31 15:10:58,BUY-CORE,NATIONALUM,350.65,0.81,53,350,0.19
2026-07-31 15:11:07,BUY-CORE,KOTAKBANK,390.35,0.59,44,400,-2.41
2026-07-31 15:11:34,SELL,ABB,7290.5,0.85,0,7400,-1.48
2026-07-31 15:11:38,SELL,APOLLOHOSP,8968.0,0.56,22,9100,-1.45
2026-07-31 15:11:39,SELL-CORE,APOLLOHOSP,8968.0,0.56,22,9100,-1.45
2026-07-31 15:11:47,BUY-CORE,SBILIFE,1883.1,0.58,57,1900,-0.89
2026-07-31 15:15:51,SELL,VEDL,264.2,0.68,22,270,-2.15
2026-07-31 15:15:51,SELL-CORE,VEDL,264.2,0.68,22,270,-2.15
2026-07-31 15:16:09,SELL,AMBUJACEM,432.0,0.57,22,435,-0.69
2026-07-31 15:16:10,SELL-CORE,AMBUJACEM,432.0,0.57,22,435,-0.69
2026-07-31 15:16:23,SELL,IDFCFIRSTB,84.59,0.65,22,88,-3.87
2026-07-31 15:16:24,SELL-CORE,IDFCFIRSTB,84.59,0.65,22,88,-3.87
2026-07-31 15:16:32,SELL,INDUSINDBK,1011.9,0.63,22,1030,-1.76
2026-07-31 15:16:33,SELL-CORE,INDUSINDBK,1011.9,0.63,22,1030,-1.76
2026-07-31 15:16:40,SELL-CORE,CDSL,1330.8,0.86,0,1360,-2.15
2026-07-31 15:20:50,SELL,DIXON,14440.0,0.48,22,14750,-2.1
2026-07-31 15:20:51,SELL-CORE,DIXON,14440.0,0.48,22,14750,-2.1
2026-07-31 15:21:20,BUY-CORE,ABB,7312.0,0.85,53,7400,-1.19
2026-07-31 15:21:29,SELL,CDSL,1331.0,0.85,27,1360,-2.13
2026-07-31 15:21:31,SELL,ICICIGI,1623.7,0.85,0,1660,-2.19
2026-07-31 15:26:06,SELL,ASIANPAINT,2739.7,0.54,22,2800,-2.15
2026-07-31 15:26:07,SELL-CORE,ASIANPAINT,2739.7,0.54,22,2800,-2.15
2026-07-31 15:26:12,SELL,TRENT,3002.3,0.64,22,3000,0.08
2026-07-31 15:26:12,SELL-CORE,TRENT,3002.3,0.64,22,3000,0.08
2026-07-31 15:26:16,BUY,AMBER,7412.5,1.02,73,7400,0.17
2026-07-31 15:26:20,BUY,INDIANB,836.1,1.04,100,840,-0.46
2026-07-31 15:26:21,BUY-CORE,INDIANB,836.1,1.04,100,840,-0.46
2026-07-31 15:26:33,SELL,VMM,107.06,0.54,0,115,-6.9
2026-07-31 15:26:33,SELL-CORE,VMM,107.06,0.54,0,115,-6.9
2026-07-31 15:26:34,SELL,ONGC,242.17,0.66,22,245,-1.16
2026-07-31 15:26:35,SELL-CORE,ONGC,242.17,0.66,22,245,-1.16
2026-07-31 15:26:41,SELL-CORE,ABB,7236.0,0.98,0,7400,-2.22
2026-07-31 15:26:44,BUY-CORE,UPL,604.15,0.99,53,610,-0.96
2026-07-31 15:27:18,SELL,GODFRYPHLP,2128.1,0.6,36,2200,-3.27
2026-07-31 15:27:19,SELL-CORE,GODFRYPHLP,2128.1,0.6,36,2200,-3.27
2026-07-31 15:27:22,SELL-CORE,DALBHARAT,1800.4,0.75,42,1860,-3.2
2026-07-31 15:31:28,BUY-CORE,BANKBARODA,242.6,0.89,53,250,-2.96
2026-07-31 15:31:30,BUY-CORE,NATIONALUM,350.05,0.8,53,350,0.01
2026-07-31 15:31:54,SELL,PATANJALI,354.6,0.72,27,360,-1.5
2026-07-31 15:31:55,SELL-CORE,PATANJALI,354.6,0.72,27,360,-1.5
2026-07-31 15:31:57,BUY-CORE,UNIONBANK,171.24,0.93,73,170,0.73
2026-07-31 15:32:05,BUY-CORE,AUROPHARMA,1580.2,0.72,53,1580,0.01
2026-07-31 15:32:46,BUY-CORE,SUPREMEIND,3465.4,0.63,44,3500,-0.99
2026-08-03 09:15:50,BUY-CORE,ADANIENT,3043.3,0.67,57,3100,-1.83
2026-08-03 09:15:51,BUY-CORE,HDFCBANK,753.2,0.56,57,770,-2.18
2026-08-03 09:15:53,BUY-CORE,ICICIBANK,1438.0,0.53,57,1450,-0.83
2026-08-03 09:15:54,BUY-CORE,TCS,2397.3,0.79,73,2420,-0.94
2026-08-03 09:15:55,BUY-CORE,INFY,1147.7,0.7,57,1160,-1.06
2026-08-03 09:15:57,BUY-CORE,WIPRO,184.9,0.62,57,187.5,-1.39
2026-08-03 09:16:00,BUY-CORE,VEDL,267.75,0.63,57,270,-0.83
2026-08-03 09:16:07,BUY-CORE,ITC,286.6,0.56,57,290,-1.17
2026-08-03 09:16:08,SELL-CORE,SUNPHARMA,1969.5,0.88,0,2000,-1.52
2026-08-03 09:16:10,BUY-CORE,ASIANPAINT,2776.0,0.42,57,2800,-0.86
2026-08-03 09:16:12,BUY-CORE,SAIL,172.14,0.55,57,175,-1.63
2026-08-03 09:16:13,BUY-CORE,HINDUNILVR,2113.0,0.52,57,2160,-2.18
2026-08-03 09:16:14,BUY-CORE,KOTAKBANK,392.85,0.52,57,400,-1.79
2026-08-03 09:16:16,BUY-CORE,TRENT,3018.5,0.64,57,3000,0.62
2026-08-03 09:16:18,BUY-CORE,COFORGE,1734.9,0.7,57,1740,-0.29
2026-08-03 09:16:19,BUY-CORE,INDIGO,5326.0,0.6,57,5300,0.49
2026-08-03 09:16:21,BUY-CORE,TECHM,1668.6,0.43,57,1660,0.52
2026-08-03 09:16:23,BUY-CORE,AMBUJACEM,436.85,0.57,57,440,-0.72
2026-08-03 09:16:24,BUY-CORE,EICHERMOT,7871.5,0.64,57,8000,-1.61
2026-08-03 09:16:29,SELL-CORE,BAJAJ-AUTO,11525.0,0.96,42,11400,1.1
2026-08-03 09:16:31,SELL,KAYNES,3778.5,0.41,22,3900,-3.12
2026-08-03 09:16:31,SELL-CORE,KAYNES,3778.5,0.41,22,3900,-3.12
2026-08-03 09:16:33,BUY-CORE,HCLTECH,1359.6,0.52,57,1380,-1.48
2026-08-03 09:16:34,BUY-CORE,HDFCLIFE,552.9,0.47,57,570,-3.0
2026-08-03 09:16:36,SELL,LAURUSLABS,1798.4,0.76,0,1780,1.03
2026-08-03 09:16:36,SELL-CORE,LAURUSLABS,1798.4,0.76,0,1780,1.03
2026-08-03 09:16:38,SELL-CORE,PERSISTENT,5413.0,0.89,27,5500,-1.58
2026-08-03 09:16:40,BUY-CORE,JSWSTEEL,1286.2,0.69,57,1300,-1.06
2026-08-03 09:16:41,BUY-CORE,IDFCFIRSTB,85.19,0.65,57,88,-3.19
2026-08-03 09:16:47,BUY,APLAPOLLO,1832.8,1.29,100,1840,-0.39
2026-08-03 09:16:48,BUY-CORE,APLAPOLLO,1832.8,1.29,100,1840,-0.39
2026-08-03 09:16:50,SELL-CORE,MUTHOOTFIN,2819.4,1.99,43,2850,-1.07
2026-08-03 09:16:51,BUY-CORE,VBL,443.9,0.71,53,460,-3.5
2026-08-03 09:16:55,BUY-CORE,IOC,144.66,0.67,57,145,-0.23
2026-08-03 09:16:59,SELL,GAIL,176.91,0.51,0,185,-4.37
2026-08-03 09:17:00,SELL-CORE,GAIL,176.91,0.51,0,185,-4.37
2026-08-03 09:17:01,BUY-CORE,ICICIGI,1640.7,0.77,73,1660,-1.16
2026-08-03 09:17:02,BUY-CORE,MAXHEALTH,1110.2,0.63,57,1130,-1.75
2026-08-03 09:17:06,SELL,OIL,456.5,0.56,0,460,-0.76
2026-08-03 09:17:06,SELL-CORE,OIL,456.5,0.56,0,460,-0.76
2026-08-03 09:17:08,BUY-CORE,HINDPETRO,397.95,0.72,73,400,-0.51
2026-08-03 09:17:11,SELL,GLENMARK,2229.0,0.58,22,2260,-1.37
2026-08-03 09:17:11,SELL-CORE,GLENMARK,2229.0,0.58,22,2260,-1.37
2026-08-03 09:17:12,SELL,GODREJPROP,2108.3,0.76,0,2100,0.4
2026-08-03 09:17:13,SELL-CORE,GODREJPROP,2108.3,0.76,0,2100,0.4
2026-08-03 09:17:16,BUY-CORE,LTM,4425.8,0.75,73,4450,-0.54
2026-08-03 09:17:18,BUY-CORE,DRREDDY,1164.5,0.6,57,1180,-1.31
2026-08-03 09:17:19,BUY-CORE,SONACOMS,774.85,0.57,57,760,1.95
2026-08-03 09:17:24,BUY-CORE,DABUR,423.55,0.65,57,435,-2.63
2026-08-03 09:17:26,BUY-CORE,BLUESTARCO,1691.9,0.78,73,1700,-0.48
2026-08-03 09:17:27,BUY-CORE,INDHOTEL,744.75,0.67,57,750,-0.7
2026-08-03 09:17:29,SELL,MANAPPURAM,365.85,0.6,0,365,0.23
2026-08-03 09:17:30,SELL-CORE,MANAPPURAM,365.85,0.6,0,365,0.23
2026-08-03 09:17:35,BUY-CORE,ASTRAL,1440.3,0.64,57,1480,-2.68
2026-08-03 09:17:37,BUY-CORE,SHREECEM,26540.0,0.58,57,26500,0.15
2026-08-03 09:17:41,BUY-CORE,COLPAL,2086.5,0.9,73,2100,-0.64
2026-08-03 09:17:42,BUY-CORE,UNITDSPR,1523.2,0.87,73,1520,0.21
2026-08-03 09:20:33,BUY-CORE,FINNIFTY,26781.9,0.41,57,26850,-0.25
2026-08-03 09:20:34,BUY,MIDCPNIFTY,14829.85,1.03,100,14750,0.54
2026-08-03 09:20:34,BUY-CORE,MIDCPNIFTY,14829.85,1.03,100,14750,0.54
2026-08-03 09:20:38,BUY-CORE,ADANIGREEN,1410.5,0.6,57,1420,-0.67
2026-08-03 09:20:39,SELL-CORE,MCX,2670.2,1.03,27,2750,-2.9
2026-08-03 09:20:42,BUY-CORE,ADANIENSOL,1663.5,0.5,57,1700,-2.15
2026-08-03 09:20:44,BUY-CORE,ADANIPOWER,212.98,0.77,73,220,-3.19
2026-08-03 09:20:45,SELL,BHARTIARTL,1969.0,0.71,0,1980,-0.56
2026-08-03 09:20:46,SELL-CORE,BHARTIARTL,1969.0,0.71,0,1980,-0.56
2026-08-03 09:20:47,BUY-CORE,BHEL,409.55,0.67,44,415,-1.31
2026-08-03 09:20:49,BUY-CORE,TITAN,4879.7,0.65,44,4850,0.61
2026-08-03 09:20:51,BUY-CORE,SHRIRAMFIN,1064.7,0.45,57,1080,-1.42
2026-08-03 09:20:52,BUY-CORE,M&M,3428.4,0.62,57,3400,0.84
2026-08-03 09:20:53,BUY-CORE,LT,3980.2,0.66,57,4000,-0.5
2026-08-03 09:20:53,BUY-CORE,HINDALCO,985.65,0.7,57,980,0.58
2026-08-03 09:20:54,BUY-CORE,PFC,426.05,0.68,57,430,-0.92
2026-08-03 09:20:57,SELL,SUNPHARMA,1950.2,0.8,0,2000,-2.49
2026-08-03 09:20:58,SELL,ANGELONE,297.3,0.82,0,305,-2.52
2026-08-03 09:20:59,SELL-CORE,ANGELONE,297.3,0.82,0,305,-2.52
2026-08-03 09:21:04,BUY-CORE,RECLTD,374.7,0.53,57,380,-1.39
2026-08-03 09:21:05,BUY-CORE,NTPC,348.75,0.63,57,355,-1.76
2026-08-03 09:21:08,BUY-CORE,AMBER,7467.0,0.78,73,7500,-0.44
2026-08-03 09:21:10,BUY-CORE,HEROMOTOCO,5440.0,0.75,73,5400,0.74
2026-08-03 09:21:12,BUY,INDIANB,840.9,1.07,100,840,0.11
2026-08-03 09:21:13,BUY-CORE,INDIANB,840.9,1.07,100,840,0.11
2026-08-03 09:21:14,BUY-CORE,TVSMOTOR,4338.2,0.56,57,4300,0.89
2026-08-03 09:21:17,BUY-CORE,PNB,113.07,0.67,57,114,-0.82
2026-08-03 09:21:23,SELL,PERSISTENT,5355.5,0.76,0,5500,-2.63
2026-08-03 09:21:25,BUY-CORE,INDUSTOWER,394.0,0.59,57,400,-1.5
2026-08-03 09:21:26,BUY-CORE,VMM,107.95,0.55,57,115,-6.13
2026-08-03 09:21:28,BUY-CORE,POWERGRID,285.85,0.83,73,290,-1.43
2026-08-03 09:21:31,SELL,TORNTPHARM,5121.0,0.55,0,5100,0.41
2026-08-03 09:21:32,SELL-CORE,TORNTPHARM,5121.0,0.55,0,5100,0.41
2026-08-03 09:21:32,BUY-CORE,NESTLEIND,1514.5,0.44,57,1540,-1.66
2026-08-03 09:21:33,BUY,VOLTAS,1336.4,1.0,100,1320,1.24
2026-08-03 09:21:34,BUY-CORE,VOLTAS,1336.4,1.0,100,1320,1.24
2026-08-03 09:21:35,BUY-CORE,BANKINDIA,139.68,0.85,73,140,-0.23
2026-08-03 09:21:36,BUY-CORE,ABB,7359.0,0.67,44,7500,-1.88
2026-08-03 09:21:38,BUY-CORE,INDUSINDBK,1017.8,0.57,57,1040,-2.13
2026-08-03 09:21:41,SELL,APOLLOHOSP,8918.0,0.82,0,9000,-0.91
2026-08-03 09:21:41,SELL-CORE,APOLLOHOSP,8918.0,0.82,0,9000,-0.91
2026-08-03 09:21:42,BUY-CORE,DMART,3931.0,0.71,73,4000,-1.73
2026-08-03 09:21:43,BUY,FORTIS,945.75,1.17,73,950,-0.45
2026-08-03 09:21:44,BUY-CORE,FORTIS,945.75,1.17,73,950,-0.45
2026-08-03 09:21:45,SELL,CIPLA,1466.5,0.52,0,1500,-2.23
2026-08-03 09:21:46,SELL-CORE,CIPLA,1466.5,0.52,0,1500,-2.23
2026-08-03 09:21:47,SELL,MARICO,869.15,0.67,0,890,-2.34
2026-08-03 09:21:47,SELL-CORE,MARICO,869.15,0.67,0,890,-2.34
2026-08-03 09:21:48,BUY-CORE,NAUKRI,1238.2,0.6,57,1260,-1.73
2026-08-03 09:21:49,BUY-CORE,MAZDOCK,2405.2,0.54,57,2400,0.22
2026-08-03 09:21:50,BUY-CORE,RBLBANK,376.55,0.52,57,380,-0.91
2026-08-03 09:21:51,BUY-CORE,CDSL,1348.0,0.85,73,1360,-0.88
2026-08-03 09:21:55,BUY-CORE,CROMPTON,263.0,0.53,57,270,-2.59
2026-08-03 09:21:57,SELL,LODHA,1242.0,0.82,0,1240,0.16
2026-08-03 09:21:58,SELL-CORE,LODHA,1242.0,0.82,0,1240,0.16
2026-08-03 09:22:00,BUY-CORE,UNOMINDA,1192.5,0.7,57,1200,-0.62
2026-08-03 09:22:02,BUY-CORE,TATACONSUM,1088.8,0.9,73,1100,-1.02
2026-08-03 09:22:05,SELL,BIOCON,424.15,0.85,27,430,-1.36
2026-08-03 09:22:05,SELL-CORE,BIOCON,424.15,0.85,27,430,-1.36
2026-08-03 09:22:06,BUY,PNBHOUSING,1057.9,1.29,100,1040,1.72
2026-08-03 09:22:07,BUY-CORE,PNBHOUSING,1057.9,1.29,100,1040,1.72
2026-08-03 09:22:10,BUY-CORE,PGEL,620.15,0.6,57,620,0.02
2026-08-03 09:22:11,BUY-CORE,JSWENERGY,559.5,0.76,73,570,-1.84
2026-08-03 09:22:12,BUY-CORE,HAVELLS,1270.6,0.52,57,1280,-0.73
2026-08-03 09:22:13,BUY-CORE,CONCOR,529.0,0.6,57,540,-2.04
2026-08-03 09:22:14,SELL-CORE,PHOENIXLTD,1886.7,1.28,27,1900,-0.7
2026-08-03 09:22:15,BUY-CORE,MPHASIS,2345.4,0.71,53,2400,-2.27
2026-08-03 09:22:16,BUY-CORE,ICICIPRULI,517.7,0.59,57,520,-0.44
2026-08-03 09:22:18,BUY,PETRONET,281.15,1.24,100,280,0.41
2026-08-03 09:22:18,BUY-CORE,PETRONET,281.15,1.24,100,280,0.41
2026-08-03 09:22:19,BUY-CORE,IRFC,90.17,0.67,57,90,0.19
2026-08-03 09:22:20,BUY-CORE,CAMS,807.8,0.53,57,810,-0.27
2026-08-03 09:22:24,BUY-CORE,PIDILITIND,1631.2,0.51,57,1700,-4.05
2026-08-03 09:22:25,SELL,BAJAJHLDNG,11310.0,0.48,0,11500,-1.65
2026-08-03 09:22:25,SELL-CORE,BAJAJHLDNG,11310.0,0.48,0,11500,-1.65
2026-08-03 09:22:26,BUY-CORE,PAGEIND,40350.0,0.61,57,41500,-2.77
2026-08-03 09:22:27,BUY-CORE,RADICO,4425.0,0.44,57,4450,-0.56
2026-08-03 09:22:31,BUY-CORE,JUBLFOOD,445.7,0.74,73,440,1.3
2026-08-03 09:22:33,BUY-CORE,MOTILALOFS,858.3,0.74,73,900,-4.63
2026-08-03 09:22:37,SELL-CORE,UNITDSPR,1514.5,0.88,27,1520,-0.36
2026-08-03 09:22:38,BUY-CORE,PIIND,2787.6,0.68,57,2800,-0.44
2026-08-03 09:25:31,SELL-CORE,BSE,3643.9,0.81,42,3700,-1.52
2026-08-03 09:25:47,BUY-CORE,COALINDIA,413.7,0.66,44,420,-1.5
2026-08-03 09:25:50,SELL,CGPOWER,860.2,0.59,22,880,-2.25
2026-08-03 09:25:51,SELL-CORE,CGPOWER,860.2,0.59,22,880,-2.25
2026-08-03 09:26:03,BUY-CORE,NBCC,95.92,0.51,57,100,-4.08
2026-08-03 09:26:07,SELL-CORE,HDFCAMC,2616.4,0.94,0,2600,0.63
2026-08-03 09:26:08,BUY-CORE,360ONE,1140.5,0.71,73,1160,-1.68
2026-08-03 09:26:12,SELL-CORE,LUPIN,2396.2,0.93,0,2420,-0.98
2026-08-03 09:26:15,SELL,CUMMINSIND,5509.0,0.84,27,5500,0.16
2026-08-03 09:26:15,SELL-CORE,CUMMINSIND,5509.0,0.84,27,5500,0.16
2026-08-03 09:26:17,BUY-CORE,GRASIM,3106.5,0.44,44,3140,-1.07
2026-08-03 09:26:19,BUY-CORE,LTF,321.75,0.53,57,325,-1.0
2026-08-03 09:26:25,BUY-CORE,AUBANK,1051.0,0.71,73,1060,-0.85
2026-08-03 09:26:41,BUY-CORE,SBILIFE,1889.3,0.57,57,1900,-0.56
2026-08-03 09:26:42,BUY-CORE,LICI,428.55,0.55,57,440,-2.6
2026-08-03 09:26:46,BUY-CORE,PRESTIGE,1623.3,0.78,73,1620,0.2
2026-08-03 09:26:50,SELL,KFINTECH,938.7,0.57,0,980,-4.21
2026-08-03 09:26:51,SELL-CORE,KFINTECH,938.7,0.57,0,980,-4.21
2026-08-03 09:26:54,SELL,ZYDUSLIFE,1123.3,0.8,0,1120,0.29
2026-08-03 09:26:55,SELL-CORE,ZYDUSLIFE,1123.3,0.8,0,1120,0.29
2026-08-03 09:27:05,SELL,ALKEM,5693.0,0.83,0,5800,-1.84
2026-08-03 09:27:05,SELL-CORE,ALKEM,5693.0,0.83,0,5800,-1.84
2026-08-03 09:27:06,BUY-CORE,BHARATFORG,2220.2,0.45,57,2240,-0.88
2026-08-03 09:27:08,BUY-CORE,TATAELXSI,3704.3,0.62,57,3700,0.12
2026-08-03 09:27:16,BUY-CORE,SUPREMEIND,3470.9,0.63,57,3500,-0.83
2026-08-03 09:27:18,BUY-CORE,SRF,2636.4,0.55,57,2800,-5.84
2026-08-03 09:31:21,SELL,TATASTEEL,190.28,0.61,36,195,-2.42
2026-08-03 09:31:21,SELL-CORE,TATASTEEL,190.28,0.61,36,195,-2.42
2026-08-03 09:31:25,BUY-CORE,TITAN,4890.1,0.65,57,4850,0.83
2026-08-03 09:31:28,BUY-CORE,PFC,426.35,0.67,57,430,-0.85
2026-08-03 09:31:31,BUY-CORE,ANGELONE,298.35,0.68,44,310,-3.76
2026-08-03 09:31:34,SELL,MARUTI,13947.0,0.66,22,14000,-0.38
2026-08-03 09:31:34,SELL-CORE,MARUTI,13947.0,0.66,22,14000,-0.38
2026-08-03 09:31:40,BUY-CORE,YESBANK,22.9,0.67,57,24,-4.58
2026-08-03 09:31:44,BUY,INDIANB,840.75,1.07,100,840,0.09
2026-08-03 09:31:44,BUY-CORE,INDIANB,840.75,1.07,100,840,0.09
2026-08-03 09:31:59,BUY,VOLTAS,1330.0,1.09,100,1320,0.76
2026-08-03 09:32:00,BUY-CORE,VOLTAS,1330.0,1.09,100,1320,0.76
2026-08-03 09:32:03,SELL,LICHSGFIN,523.25,0.74,27,540,-3.1
2026-08-03 09:32:04,SELL-CORE,LICHSGFIN,523.25,0.74,27,540,-3.1
2026-08-03 09:32:06,BUY-CORE,COCHINSHIP,1427.0,0.71,73,1400,1.93
2026-08-03 09:32:09,BUY-CORE,MARICO,873.3,0.66,44,890,-1.88
2026-08-03 09:32:26,BUY-CORE,BRITANNIA,5454.5,0.48,57,5600,-2.6
2026-08-03 09:32:29,BUY-CORE,IRFC,89.85,0.68,57,90,-0.17
2026-08-03 09:32:34,BUY-CORE,IEX,132.59,0.74,53,135,-1.79
2026-08-03 09:32:35,BUY-CORE,GODREJCP,1089.2,0.62,57,1080,0.85
2026-08-03 09:32:38,BUY-CORE,TIINDIA,2768.8,0.93,73,2800,-1.11
2026-08-03 09:32:42,BUY-CORE,OBEROIRLTY,1832.2,0.42,57,1880,-2.54
2026-08-03 09:32:44,BUY-CORE,UNITDSPR,1522.2,0.88,53,1520,0.14
2026-08-03 09:35:48,SELL,SUNPHARMA,1941.9,0.84,0,2000,-2.9
2026-08-03 09:35:54,SELL,NMDC,84.95,0.73,27,86,-1.22
2026-08-03 09:35:54,SELL-CORE,NMDC,84.95,0.73,27,86,-1.22
2026-08-03 09:36:10,SELL,PATANJALI,353.95,0.71,0,360,-1.68
2026-08-03 09:36:11,SELL-CORE,PATANJALI,353.95,0.71,0,360,-1.68
2026-08-03 09:36:12,BUY-CORE,LAURUSLABS,1818.9,0.5,44,1820,-0.06
2026-08-03 09:36:27,BUY-CORE,UPL,616.4,0.65,57,620,-0.58
2026-08-03 09:36:29,BUY-CORE,APOLLOHOSP,8985.5,0.56,44,9100,-1.26
2026-08-03 09:36:30,BUY-CORE,FORTIS,961.7,0.91,73,950,1.23
2026-08-03 09:36:40,SELL,OIL,451.75,0.73,0,455,-0.71
2026-08-03 09:36:40,SELL-CORE,OIL,451.75,0.73,0,455,-0.71
2026-08-03 09:36:41,SELL,LODHA,1245.2,0.81,27,1240,0.42
2026-08-03 09:36:42,SELL-CORE,LODHA,1245.2,0.81,27,1240,0.42
2026-08-03 09:36:50,BUY,PNBHOUSING,1068.2,1.21,100,1040,2.71
2026-08-03 09:36:50,BUY-CORE,PNBHOUSING,1068.2,1.21,100,1040,2.71
2026-08-03 09:36:56,BUY-CORE,PHOENIXLTD,1914.0,0.78,73,1940,-1.34
2026-08-03 09:37:06,SELL-CORE,IEX,132.51,0.74,42,135,-1.84
2026-08-03 09:37:10,BUY-CORE,GODFRYPHLP,2208.0,0.53,57,2250,-1.87
2026-08-03 09:37:13,BUY-CORE,SUPREMEIND,3475.2,0.56,44,3500,-0.71
2026-08-03 09:40:53,BUY-CORE,ANGELONE,299.15,0.69,57,310,-3.5
2026-08-03 09:41:09,BUY-CORE,PNB,113.11,0.66,57,114,-0.78
2026-08-03 09:41:12,SELL,LUPIN,2397.0,0.85,0,2440,-1.76
2026-08-03 09:41:15,BUY-CORE,CUMMINSIND,5545.0,0.84,53,5500,0.82
2026-08-03 09:41:16,SELL,LAURUSLABS,1814.0,0.5,36,1820,-0.33
2026-08-03 09:41:16,SELL-CORE,LAURUSLABS,1814.0,0.5,36,1820,-0.33
2026-08-03 09:41:24,SELL,AUROPHARMA,1573.7,0.71,0,1580,-0.4
2026-08-03 09:41:25,SELL-CORE,AUROPHARMA,1573.7,0.71,0,1580,-0.4
2026-08-03 09:41:27,BUY,VOLTAS,1329.1,1.08,100,1320,0.69
2026-08-03 09:41:29,BUY-CORE,ABB,7431.0,0.63,44,7500,-0.92
2026-08-03 09:41:48,BUY-CORE,KEI,5017.7,0.94,53,4900,2.4
2026-08-03 09:41:52,BUY,BOSCHLTD,41390.0,1.01,100,41500,-0.27
2026-08-03 09:41:52,BUY-CORE,BOSCHLTD,41390.0,1.01,100,41500,-0.27
2026-08-03 09:45:40,SELL,BSE,3646.7,0.71,27,3700,-1.44
2026-08-03 09:45:41,SELL-CORE,BSE,3646.7,0.71,27,3700,-1.44
2026-08-03 09:45:59,SELL,CGPOWER,860.7,0.58,22,880,-2.19
2026-08-03 09:45:59,SELL-CORE,CGPOWER,860.7,0.58,22,880,-2.19
2026-08-03 09:46:04,BUY-CORE,NMDC,84.97,0.73,53,86,-1.2
2026-08-03 09:46:08,BUY-CORE,AMBER,7471.5,0.78,73,7500,-0.38
2026-08-03 09:46:14,SELL-CORE,HDFCAMC,2616.6,0.93,27,2600,0.64
2026-08-03 09:46:32,SELL-CORE,VBL,443.45,0.71,42,460,-3.6
2026-08-03 09:46:35,SELL,APOLLOHOSP,8944.5,0.8,27,9000,-0.62
2026-08-03 09:46:36,SELL-CORE,APOLLOHOSP,8944.5,0.8,27,9000,-0.62
2026-08-03 09:46:37,BUY-CORE,DMART,3930.9,0.71,53,4000,-1.73
2026-08-03 09:46:52,BUY-CORE,BIOCON,426.4,0.84,53,430,-0.84
2026-08-03 09:47:05,BUY-CORE,BAJAJHLDNG,11419.0,0.83,53,11500,-0.7
2026-08-03 09:50:59,SELL,NMDC,84.87,0.73,27,86,-1.31
2026-08-03 09:51:00,SELL-CORE,NMDC,84.87,0.73,27,86,-1.31
2026-08-03 09:51:02,BUY-CORE,NTPC,347.1,0.72,53,350,-0.83
2026-08-03 09:51:03,BUY-CORE,COFORGE,1723.5,0.74,73,1720,0.2
2026-08-03 09:51:06,BUY-CORE,TECHM,1657.6,0.44,57,1660,-0.14
2026-08-03 09:51:16,BUY-CORE,HCLTECH,1348.8,0.71,53,1360,-0.82
2026-08-03 09:51:18,SELL,LAURUSLABS,1816.4,0.51,36,1820,-0.2
2026-08-03 09:51:19,SELL-CORE,LAURUSLABS,1816.4,0.51,36,1820,-0.2
2026-08-03 09:51:23,BUY-CORE,INDUSTOWER,393.0,0.58,44,400,-1.75
2026-08-03 09:51:32,SELL,MUTHOOTFIN,2815.0,0.83,0,2900,-2.93
2026-08-03 09:51:39,SELL,MAZDOCK,2384.9,0.52,36,2450,-2.66
2026-08-03 09:51:40,SELL-CORE,MAZDOCK,2384.9,0.52,36,2450,-2.66
2026-08-03 09:51:48,SELL,LODHA,1242.6,0.81,27,1240,0.21
2026-08-03 09:51:48,SELL-CORE,LODHA,1242.6,0.81,27,1240,0.21
2026-08-03 09:52:00,SELL,HAVELLS,1262.0,0.54,36,1280,-1.41
2026-08-03 09:52:00,SELL-CORE,HAVELLS,1262.0,0.54,36,1280,-1.41
2026-08-03 09:52:17,SELL,SUPREMEIND,3465.0,0.61,22,3500,-1.0
2026-08-03 09:52:17,SELL-CORE,SUPREMEIND,3465.0,0.61,22,3500,-1.0
2026-08-03 09:55:51,SELL,MARUTI,13997.0,0.49,22,14200,-1.43
2026-08-03 09:55:51,SELL-CORE,MARUTI,13997.0,0.49,22,14200,-1.43
2026-08-03 09:55:54,BUY-CORE,NMDC,84.8,0.71,42,86,-1.4
2026-08-03 09:56:07,SELL,POLYCAB,9083.0,0.72,0,9100,-0.19
2026-08-03 09:56:08,SELL-CORE,POLYCAB,9083.0,0.72,0,9100,-0.19
2026-08-03 09:56:11,SELL,CUMMINSIND,5510.0,0.83,27,5500,0.18
2026-08-03 09:56:12,SELL-CORE,CUMMINSIND,5510.0,0.83,27,5500,0.18
2026-08-03 09:56:22,BUY-CORE,VOLTAS,1330.7,0.99,73,1320,0.81
2026-08-03 09:56:49,BUY-CORE,PGEL,615.3,0.59,44,620,-0.76
2026-08-03 09:56:57,SELL,ALKEM,5688.5,0.79,0,5800,-1.92
2026-08-03 09:56:58,SELL-CORE,ALKEM,5688.5,0.79,0,5800,-1.92
2026-08-03 09:57:01,BUY-CORE,PAGEIND,40405.0,0.61,44,41500,-2.64
2026-08-03 10:00:51,BUY,NIFTY,24567.6,1.01,100,24550,0.07
2026-08-03 10:00:55,BUY-CORE,BSE,3657.0,0.66,57,3700,-1.16
2026-08-03 10:01:18,SELL,NMDC,84.85,0.71,27,86,-1.34
2026-08-03 10:01:23,BUY-CORE,TECHM,1657.5,0.44,44,1660,-0.15
2026-08-03 10:01:30,SELL-CORE,BAJAJ-AUTO,11497.0,1.03,47,11400,0.85
2026-08-03 10:01:44,BUY,VOLTAS,1334.0,1.0,100,1320,1.06
2026-08-03 10:02:02,SELL,LODHA,1242.0,0.8,27,1240,0.16
2026-08-03 10:02:02,SELL-CORE,LODHA,1242.0,0.8,27,1240,0.16
2026-08-03 10:02:06,BUY-CORE,TATACONSUM,1091.3,0.86,73,1100,-0.79
2026-08-03 10:02:31,BUY-CORE,DALBHARAT,1821.6,0.7,57,1860,-2.06
2026-08-03 10:02:32,BUY-CORE,OBEROIRLTY,1832.2,0.42,57,1880,-2.54
2026-08-03 10:05:50,BUY-CORE,DIXON,13926.0,0.54,36,14500,-3.96
2026-08-03 10:05:55,BUY-CORE,NMDC,84.88,0.71,42,86,-1.3
2026-08-03 10:06:17,SELL,AUBANK,1044.8,0.79,27,1040,0.46
2026-08-03 10:06:18,SELL-CORE,AUBANK,1044.8,0.79,27,1040,0.46
2026-08-03 10:12:02,BUY-CORE,SUPREMEIND,3479.3,0.56,44,3500,-0.59
2026-08-03 10:12:03,BUY-CORE,DALBHARAT,1827.2,0.65,57,1840,-0.7
2026-08-03 10:16:03,SELL,NTPC,346.0,0.71,27,350,-1.14
2026-08-03 10:16:03,SELL-CORE,NTPC,346.0,0.71,27,350,-1.14
2026-08-03 10:16:16,SELL,CUMMINSIND,5517.0,0.83,27,5500,0.31
2026-08-03 10:16:16,SELL-CORE,CUMMINSIND,5517.0,0.83,27,5500,0.31
2026-08-03 10:16:22,SELL-CORE,POWERGRID,284.45,0.85,42,290,-1.91
2026-08-03 10:16:24,BUY-CORE,AUROPHARMA,1584.5,0.7,44,1580,0.28
2026-08-03 10:16:32,BUY-CORE,CIPLA,1473.1,0.52,44,1500,-1.79
2026-08-03 10:16:34,SELL,MAZDOCK,2384.8,0.51,22,2450,-2.66
2026-08-03 10:16:34,SELL-CORE,MAZDOCK,2384.8,0.51,22,2450,-2.66
2026-08-03 10:16:50,BUY-CORE,NAM-INDIA,1173.3,0.46,44,1220,-3.83
2026-08-03 10:16:51,BUY-CORE,BRITANNIA,5464.0,0.49,57,5600,-2.43
2026-08-03 10:17:01,BUY,TIINDIA,2791.8,1.0,100,2800,-0.29
2026-08-03 10:20:36,BUY,NIFTY,24585.15,1.12,100,24550,0.14
2026-08-03 10:20:45,BUY-CORE,ADANIENSOL,1651.2,0.5,44,1700,-2.87
2026-08-03 10:21:16,BUY-CORE,GRASIM,3133.6,0.37,57,3200,-2.08
2026-08-03 10:21:21,SELL,POWERGRID,284.45,0.85,27,290,-1.91
2026-08-03 10:21:24,SELL,AUBANK,1045.1,0.78,27,1040,0.49
2026-08-03 10:21:24,SELL-CORE,AUBANK,1045.1,0.78,27,1040,0.49
2026-08-03 10:21:27,BUY,VOLTAS,1342.8,1.0,100,1320,1.73
2026-08-03 10:21:58,BUY-CORE,INDHOTEL,745.7,0.55,57,760,-1.88
2026-08-03 10:25:30,BUY-CORE,BSE,3646.0,0.7,44,3700,-1.46
2026-08-03 10:25:53,BUY-CORE,NTPC,346.1,0.71,42,350,-1.11
2026-08-03 10:26:00,SELL,TVSMOTOR,4299.2,0.73,27,4300,-0.02
2026-08-03 10:26:01,SELL-CORE,TVSMOTOR,4299.2,0.73,27,4300,-0.02
2026-08-03 10:26:13,BUY-CORE,ONGC,242.39,0.64,36,245,-1.07
2026-08-03 10:26:39,BUY-CORE,BIOCON,427.35,0.84,73,430,-0.62
2026-08-03 10:27:00,BUY-CORE,MANKIND,2474.7,0.58,57,2500,-1.01
2026-08-03 10:31:11,BUY-CORE,ADANIENSOL,1649.2,0.58,44,1700,-2.99
2026-08-03 10:31:13,SELL,TATASTEEL,190.34,0.6,36,195,-2.39
2026-08-03 10:31:13,SELL-CORE,TATASTEEL,190.34,0.6,36,195,-2.39
2026-08-03 10:31:28,SELL,NMDC,84.65,0.72,0,86,-1.57
2026-08-03 10:31:39,SELL-CORE,BAJAJ-AUTO,11469.0,1.02,27,11400,0.61
2026-08-03 10:31:48,SELL,JSWSTEEL,1271.4,0.62,36,1300,-2.2
2026-08-03 10:31:48,SELL-CORE,JSWSTEEL,1271.4,0.62,36,1300,-2.2
2026-08-03 10:32:10,SELL,LODHA,1239.1,0.81,27,1240,-0.07
2026-08-03 10:32:10,SELL-CORE,LODHA,1239.1,0.81,27,1240,-0.07
2026-08-03 10:32:14,BUY-CORE,TATACONSUM,1092.3,0.87,73,1100,-0.7
2026-08-03 10:32:16,BUY-CORE,KFINTECH,950.95,0.5,57,980,-2.96
2026-08-03 10:35:49,SELL,NTPC,345.8,0.71,27,350,-1.2
2026-08-03 10:35:59,SELL,KAYNES,3793.5,0.4,22,3900,-2.73
2026-08-03 10:35:59,SELL-CORE,KAYNES,3793.5,0.4,22,3900,-2.73
2026-08-03 10:40:37,SELL,BSE,3645.0,0.7,36,3700,-1.49
2026-08-03 10:40:38,SELL-CORE,BSE,3645.0,0.7,36,3700,-1.49
2026-08-03 10:40:50,BUY-CORE,M&M,3401.0,0.63,44,3400,0.03
2026-08-03 10:40:55,SELL,ANGELONE,297.35,0.78,27,305,-2.51
2026-08-03 10:40:56,SELL-CORE,ANGELONE,297.35,0.78,27,305,-2.51
2026-08-03 10:41:02,BUY-CORE,NTPC,346.3,0.71,42,350,-1.06
2026-08-03 10:41:06,SELL,TECHM,1645.7,0.46,22,1660,-0.86
2026-08-03 10:41:06,SELL-CORE,TECHM,1645.7,0.46,22,1660,-0.86
2026-08-03 10:41:21,SELL,JSWSTEEL,1270.8,0.61,22,1300,-2.25
2026-08-03 10:41:22,SELL-CORE,JSWSTEEL,1270.8,0.61,22,1300,-2.25
2026-08-03 10:41:37,BUY-CORE,MAZDOCK,2391.5,0.51,44,2450,-2.39
2026-08-03 10:41:51,SELL,ZYDUSLIFE,1125.0,0.82,27,1120,0.45
2026-08-03 10:41:52,SELL-CORE,ZYDUSLIFE,1125.0,0.82,27,1120,0.45
2026-08-03 10:45:48,SELL,TATASTEEL,189.96,0.6,36,195,-2.58
2026-08-03 10:45:48,SELL-CORE,TATASTEEL,189.96,0.6,36,195,-2.58
2026-08-03 10:46:12,SELL,FEDERALBNK,358.35,0.78,27,360,-0.46
2026-08-03 10:46:12,SELL-CORE,FEDERALBNK,358.35,0.78,27,360,-0.46
2026-08-03 10:46:13,BUY-CORE,TVSMOTOR,4308.9,0.72,53,4300,0.21
2026-08-03 10:46:17,BUY-CORE,POLYCAB,9133.0,0.71,53,9100,0.36
2026-08-03 10:46:41,SELL,GAIL,173.9,0.41,0,180,-3.39
2026-08-03 10:46:41,SELL-CORE,GAIL,173.9,0.41,0,180,-3.39
2026-08-03 10:50:51,BUY-CORE,CGPOWER,865.15,0.58,44,880,-1.69
2026-08-03 10:51:12,BUY-CORE,JSWSTEEL,1275.9,0.61,44,1300,-1.85
2026-08-03 10:51:14,BUY-CORE,POWERGRID,284.7,0.84,53,290,-1.83
2026-08-03 10:51:33,BUY-CORE,LODHA,1249.7,0.81,73,1240,0.78
2026-08-03 10:51:36,BUY-CORE,TATACONSUM,1093.0,0.87,73,1100,-0.64
2026-08-03 10:51:37,SELL,GLENMARK,2229.9,0.55,22,2260,-1.33
2026-08-03 10:51:37,SELL-CORE,GLENMARK,2229.9,0.55,22,2260,-1.33
2026-08-03 10:51:41,SELL,ZYDUSLIFE,1123.0,0.72,27,1120,0.27
2026-08-03 10:51:42,SELL-CORE,ZYDUSLIFE,1123.0,0.72,27,1120,0.27
2026-08-03 10:56:14,BUY-CORE,AUROPHARMA,1587.7,0.69,57,1580,0.49
2026-08-03 10:56:26,BUY-CORE,CDSL,1342.9,0.81,53,1360,-1.26
2026-08-03 10:56:33,BUY-CORE,PRESTIGE,1626.8,0.77,73,1620,0.42
2026-08-03 10:56:44,BUY-CORE,PHOENIXLTD,1926.9,0.83,73,1940,-0.68
2026-08-03 11:01:28,SELL,TECHM,1645.0,0.45,22,1660,-0.9
2026-08-03 11:01:29,SELL-CORE,TECHM,1645.0,0.45,22,1660,-0.9
2026-08-03 11:01:37,SELL,KAYNES,3791.2,0.4,22,3900,-2.79
2026-08-03 11:01:38,SELL-CORE,KAYNES,3791.2,0.4,22,3900,-2.79
2026-08-03 11:01:40,SELL,PATANJALI,354.6,0.71,27,360,-1.5
2026-08-03 11:01:41,SELL-CORE,PATANJALI,354.6,0.71,27,360,-1.5
2026-08-03 11:01:50,SELL,AUBANK,1043.4,0.76,0,1040,0.33
2026-08-03 11:01:50,SELL-CORE,AUBANK,1043.4,0.76,0,1040,0.33
2026-08-03 11:01:54,BUY-CORE,ABB,7402.0,0.6,44,7500,-1.31
2026-08-03 11:02:19,BUY-CORE,NAM-INDIA,1170.7,0.45,44,1220,-4.04
2026-08-03 11:05:50,SELL,PFC,424.25,0.65,36,430,-1.34
2026-08-03 11:05:51,SELL-CORE,PFC,424.25,0.65,36,430,-1.34
2026-08-03 11:05:55,SELL,CGPOWER,862.95,0.58,36,880,-1.94
2026-08-03 11:05:55,SELL-CORE,CGPOWER,862.95,0.58,36,880,-1.94
2026-08-03 11:06:18,SELL,JSWSTEEL,1271.1,0.61,36,1300,-2.22
2026-08-03 11:06:19,SELL-CORE,JSWSTEEL,1271.1,0.61,36,1300,-2.22
2026-08-03 11:06:35,BUY-CORE,CDSL,1343.4,0.81,53,1360,-1.22
2026-08-03 11:10:58,SELL,TECHM,1643.5,0.45,22,1660,-0.99
2026-08-03 11:10:59,SELL-CORE,TECHM,1643.5,0.45,22,1660,-0.99
2026-08-03 11:11:17,SELL,AUBANK,1042.3,0.76,0,1040,0.22
2026-08-03 11:11:17,SELL-CORE,AUBANK,1042.3,0.76,0,1040,0.22
2026-08-03 11:17:21,SELL,TATASTEEL,190.15,0.59,36,195,-2.49
2026-08-03 11:17:22,SELL-CORE,TATASTEEL,190.15,0.59,36,195,-2.49
2026-08-03 11:17:31,SELL,CGPOWER,860.4,0.57,22,880,-2.23
2026-08-03 11:17:32,SELL-CORE,CGPOWER,860.4,0.57,22,880,-2.23
2026-08-03 11:17:36,SELL,RECLTD,371.8,0.65,0,375,-0.85
2026-08-03 11:17:37,SELL-CORE,RECLTD,371.8,0.65,0,375,-0.85
2026-08-03 11:17:44,SELL,TVSMOTOR,4296.7,0.72,27,4300,-0.08
2026-08-03 11:17:45,SELL-CORE,TVSMOTOR,4296.7,0.72,27,4300,-0.08
2026-08-03 11:17:47,SELL-CORE,BAJAJ-AUTO,11494.0,1.02,47,11400,0.82
2026-08-03 11:17:54,SELL,JSWSTEEL,1271.0,0.61,36,1300,-2.23
2026-08-03 11:17:55,SELL-CORE,JSWSTEEL,1271.0,0.61,36,1300,-2.23
2026-08-03 11:18:03,SELL,LICHSGFIN,519.9,0.74,0,540,-3.72
2026-08-03 11:18:04,SELL-CORE,LICHSGFIN,519.9,0.74,0,540,-3.72
2026-08-03 11:22:07,BUY-CORE,FEDERALBNK,359.4,0.79,53,360,-0.17
2026-08-03 11:22:09,SELL,HDFCAMC,2592.7,0.85,27,2600,-0.28
2026-08-03 11:22:51,SELL,ICICIPRULI,515.0,0.64,36,520,-0.96
2026-08-03 11:22:52,SELL-CORE,ICICIPRULI,515.0,0.64,36,520,-0.96
2026-08-03 11:22:56,SELL,BHARATFORG,2198.7,0.62,36,2220,-0.96
2026-08-03 11:22:57,SELL-CORE,BHARATFORG,2198.7,0.62,36,2220,-0.96
2026-08-03 11:26:43,SELL,JSWSTEEL,1272.8,0.61,36,1300,-2.09
2026-08-03 11:26:43,SELL-CORE,JSWSTEEL,1272.8,0.61,36,1300,-2.09
2026-08-03 11:26:49,BUY,VOLTAS,1329.0,1.01,73,1320,0.68
2026-08-03 11:27:02,BUY-CORE,BANDHANBNK,175.57,0.59,57,185,-5.1
2026-08-03 11:32:17,SELL,NMDC,84.53,0.7,0,86,-1.71
2026-08-03 11:32:32,BUY-CORE,CUMMINSIND,5535.0,0.8,53,5500,0.64
2026-08-03 11:32:43,BUY-CORE,ABB,7460.5,0.46,44,7600,-1.84
2026-08-03 11:32:58,BUY-CORE,PRESTIGE,1618.5,0.77,53,1620,-0.09
2026-08-03 11:33:13,BUY-CORE,INDHOTEL,741.85,0.66,44,750,-1.09
2026-08-03 11:36:03,SELL-CORE,FEDERALBNK,358.7,0.79,42,360,-0.36
2026-08-03 11:36:26,SELL,MAZDOCK,2380.1,0.51,22,2450,-2.85
2026-08-03 11:36:26,SELL-CORE,MAZDOCK,2380.1,0.51,22,2450,-2.85
2026-08-03 11:36:33,SELL,LODHA,1238.7,0.81,27,1240,-0.1
2026-08-03 11:36:33,SELL-CORE,LODHA,1238.7,0.81,27,1240,-0.1
2026-08-03 11:40:48,BUY-CORE,ANGELONE,298.95,0.67,57,310,-3.56
2026-08-03 11:40:54,BUY-CORE,NTPC,347.0,0.71,53,350,-0.86
2026-08-03 11:41:39,BUY-CORE,ICICIPRULI,515.75,0.63,44,520,-0.82
2026-08-03 11:45:50,SELL,TATASTEEL,189.94,0.59,36,195,-2.59
2026-08-03 11:45:50,SELL-CORE,TATASTEEL,189.94,0.59,36,195,-2.59
2026-08-03 11:46:16,BUY-CORE,PATANJALI,357.0,0.71,42,360,-0.83
2026-08-03 11:46:31,BUY,FORTIS,953.3,1.11,100,950,0.35
2026-08-03 11:46:44,BUY-CORE,BIOCON,427.7,0.67,44,440,-2.8
2026-08-03 11:46:49,SELL,CONCOR,524.35,0.64,22,530,-1.07
2026-08-03 11:46:50,SELL-CORE,CONCOR,524.35,0.64,22,530,-1.07
2026-08-03 11:51:37,SELL,LICHSGFIN,518.75,0.71,0,540,-3.94
2026-08-03 11:51:37,SELL-CORE,LICHSGFIN,518.75,0.71,0,540,-3.94
2026-08-03 11:52:11,BUY,TIINDIA,2773.2,1.03,100,2800,-0.96
2026-08-03 11:55:49,BUY-CORE,ADANIENSOL,1652.2,0.48,44,1700,-2.81
2026-08-03 11:56:13,SELL,TVSMOTOR,4295.7,0.7,22,4300,-0.1
2026-08-03 11:56:13,SELL-CORE,TVSMOTOR,4295.7,0.7,22,4300,-0.1
2026-08-03 11:56:18,BUY-CORE,KAYNES,3826.0,0.36,57,3950,-3.14
2026-08-03 11:56:51,SELL,ZYDUSLIFE,1122.9,0.85,27,1120,0.26
2026-08-03 12:01:33,SELL,POLYCAB,9081.0,0.7,0,9100,-0.21
2026-08-03 12:01:34,SELL-CORE,POLYCAB,9081.0,0.7,0,9100,-0.21
2026-08-03 12:01:43,BUY-CORE,POWERGRID,284.85,0.84,53,290,-1.78
2026-08-03 12:01:46,SELL,AUROPHARMA,1576.3,0.71,27,1580,-0.23
2026-08-03 12:01:47,SELL-CORE,AUROPHARMA,1576.3,0.71,27,1580,-0.23
2026-08-03 12:01:53,BUY-CORE,UPL,619.75,0.61,57,620,-0.04
2026-08-03 12:02:15,BUY-CORE,CONCOR,526.55,0.64,44,530,-0.65
2026-08-03 12:05:54,SELL,RECLTD,371.55,0.65,0,375,-0.92
2026-08-03 12:05:54,SELL-CORE,RECLTD,371.55,0.65,0,375,-0.92
2026-08-03 12:06:01,SELL-CORE,FEDERALBNK,358.2,0.79,42,360,-0.5
2026-08-03 12:06:12,SELL,JSWSTEEL,1272.7,0.6,36,1300,-2.1
2026-08-03 12:06:13,SELL-CORE,JSWSTEEL,1272.7,0.6,36,1300,-2.1
2026-08-03 12:06:24,SELL,CIPLA,1468.3,0.5,22,1500,-2.11
2026-08-03 12:06:25,SELL-CORE,CIPLA,1468.3,0.5,22,1500,-2.11
2026-08-03 12:06:52,BUY,TIINDIA,2772.2,1.01,100,2800,-0.99
2026-08-03 12:11:07,SELL-CORE,CUMMINSIND,5507.5,0.79,42,5500,0.14
2026-08-03 12:11:24,BUY-CORE,MAZDOCK,2392.0,0.5,44,2450,-2.37
2026-08-03 12:11:30,BUY-CORE,LODHA,1241.4,0.81,53,1240,0.11
2026-08-03 12:11:37,COIL,BOSCHLTD,41280.0,1.0,73,41500,-0.53
2026-08-03 12:11:41,SELL,CONCOR,525.5,0.64,22,530,-0.85
2026-08-03 12:11:41,SELL-CORE,CONCOR,525.5,0.64,22,530,-0.85
2026-08-03 12:16:19,SELL,CUMMINSIND,5508.0,0.78,0,5500,0.15
2026-08-03 12:16:46,BUY-CORE,PRESTIGE,1631.6,0.74,73,1620,0.72
2026-08-03 12:20:58,BUY-CORE,YESBANK,22.87,0.66,44,24,-4.71
2026-08-03 12:21:06,SELL-CORE,BAJAJ-AUTO,11490.0,1.01,47,11400,0.79
2026-08-03 12:21:13,SELL,JSWSTEEL,1272.4,0.6,22,1300,-2.12
2026-08-03 12:21:14,SELL-CORE,JSWSTEEL,1272.4,0.6,22,1300,-2.12
2026-08-03 12:21:59,BUY-CORE,OBEROIRLTY,1834.6,0.44,44,1860,-1.37
2026-08-03 12:26:01,SELL,TECHM,1643.0,0.44,22,1660,-1.02
2026-08-03 12:26:02,SELL-CORE,TECHM,1643.0,0.44,22,1660,-1.02
2026-08-03 12:26:06,BUY-CORE,TVSMOTOR,4315.5,0.7,44,4300,0.36
2026-08-03 12:26:11,SELL-CORE,LUPIN,2374.8,1.43,43,2400,-1.05
2026-08-03 12:26:18,BUY-CORE,JSWSTEEL,1273.7,0.6,36,1300,-2.02
2026-08-03 12:32:02,SELL,GAIL,173.77,0.41,0,180,-3.46
2026-08-03 12:32:03,SELL-CORE,GAIL,173.77,0.41,0,180,-3.46
2026-08-03 12:32:15,BUY,BOSCHLTD,41225.0,1.1,73,41000,0.55
2026-08-03 12:35:52,BUY-CORE,ANGELONE,299.8,0.66,57,310,-3.29
2026-08-03 12:36:00,BUY-CORE,YESBANK,22.85,0.66,57,24,-4.79
2026-08-03 12:36:26,SELL,MAZDOCK,2382.8,0.5,22,2450,-2.74
2026-08-03 12:36:26,SELL-CORE,MAZDOCK,2382.8,0.5,22,2450,-2.74
2026-08-03 12:36:36,SELL,GODREJPROP,2096.8,0.81,0,2100,-0.15
2026-08-03 12:40:57,SELL,TECHM,1643.7,0.44,22,1660,-0.98
2026-08-03 12:40:57,SELL-CORE,TECHM,1643.7,0.44,22,1660,-0.98
2026-08-03 12:41:01,SELL,FEDERALBNK,358.15,0.78,27,360,-0.51
2026-08-03 12:41:22,BUY-CORE,UPL,617.85,0.6,57,620,-0.35
2026-08-03 12:41:28,SELL,GAIL,173.79,0.41,0,180,-3.45
2026-08-03 12:41:28,SELL-CORE,GAIL,173.79,0.41,0,180,-3.45
2026-08-03 12:41:40,BUY,BOSCHLTD,41250.0,1.09,73,41000,0.61
2026-08-03 12:41:40,BUY-CORE,BOSCHLTD,41250.0,1.09,73,41000,0.61
2026-08-03 12:41:59,SELL-CORE,UNITDSPR,1523.9,0.91,42,1520,0.26
2026-08-03 12:46:06,BUY,NHPC,79.5,1.08,100,78,1.92
2026-08-03 12:46:16,BUY-CORE,FEDERALBNK,358.25,0.79,42,360,-0.49
2026-08-03 12:46:18,SELL,HDFCAMC,2576.7,0.8,27,2600,-0.9
2026-08-03 12:50:52,SELL,COALINDIA,412.95,0.64,22,420,-1.68
2026-08-03 12:50:52,SELL-CORE,COALINDIA,412.95,0.64,22,420,-1.68
2026-08-03 12:51:07,SELL,FEDERALBNK,357.9,0.79,27,360,-0.58
2026-08-03 12:51:20,SELL,POWERGRID,284.1,0.84,27,290,-2.03
2026-08-03 12:51:20,SELL-CORE,POWERGRID,284.1,0.84,27,290,-2.03
2026-08-03 12:51:31,SELL,CIPLA,1468.6,0.49,0,1500,-2.09
2026-08-03 12:51:32,SELL-CORE,CIPLA,1468.6,0.49,0,1500,-2.09
2026-08-03 12:51:48,BUY,BOSCHLTD,41235.0,1.09,73,41000,0.57
2026-08-03 12:51:52,BUY-CORE,PHOENIXLTD,1924.5,0.83,73,1940,-0.8
2026-08-03 12:51:55,SELL-CORE,PETRONET,280.9,1.19,58,280,0.32
2026-08-03 12:51:58,SELL,BHARATFORG,2199.9,0.63,36,2220,-0.91
2026-08-03 12:51:59,SELL-CORE,BHARATFORG,2199.9,0.63,36,2220,-0.91
2026-08-03 12:52:03,SELL,IEX,131.39,0.78,0,132.5,-0.84
2026-08-03 12:52:04,SELL-CORE,IEX,131.39,0.78,0,132.5,-0.84
2026-08-03 12:52:07,SELL-CORE,TIINDIA,2753.1,0.94,42,2800,-1.68
2026-08-03 12:56:07,BUY-CORE,ANGELONE,300.4,0.66,57,310,-3.1
2026-08-03 12:56:13,BUY-CORE,NTPC,347.2,0.71,53,350,-0.8
2026-08-03 12:57:12,BUY-CORE,MANKIND,2470.0,0.69,44,2500,-1.2
2026-08-03 13:01:22,SELL,M&M,3395.9,0.63,36,3400,-0.12
2026-08-03 13:01:22,SELL-CORE,M&M,3395.9,0.63,36,3400,-0.12
2026-08-03 13:01:37,BUY,INDIANB,843.75,1.03,100,840,0.45
2026-08-03 13:06:00,SELL,FEDERALBNK,357.6,0.79,27,360,-0.67
2026-08-03 13:06:01,SELL-CORE,FEDERALBNK,357.6,0.79,27,360,-0.67
2026-08-03 13:06:25,SELL,MAZDOCK,2384.5,0.5,22,2450,-2.67
2026-08-03 13:06:26,SELL-CORE,MAZDOCK,2384.5,0.5,22,2450,-2.67
2026-08-03 13:06:30,BUY-CORE,MAXHEALTH,1105.1,0.64,44,1120,-1.33
2026-08-03 13:06:34,SELL-CORE,LODHA,1238.2,0.81,42,1240,-0.15
2026-08-03 13:10:58,SELL,M&M,3393.5,0.63,36,3400,-0.19
2026-08-03 13:10:59,SELL-CORE,M&M,3393.5,0.63,36,3400,-0.19
2026-08-03 13:11:24,BUY-CORE,PATANJALI,356.8,0.71,53,360,-0.89
2026-08-03 13:11:46,SELL,GAIL,173.83,0.41,0,180,-3.43
2026-08-03 13:11:46,SELL-CORE,GAIL,173.83,0.41,0,180,-3.43
2026-08-03 13:11:56,SELL,GODREJPROP,2091.9,0.81,0,2100,-0.39
2026-08-03 13:16:08,BUY,AMBER,7445.0,1.05,73,7400,0.61
2026-08-03 13:16:10,BUY-CORE,NBCC,95.58,0.52,44,100,-4.42
2026-08-03 13:16:13,SELL,FEDERALBNK,358.0,0.79,27,360,-0.56
2026-08-03 13:17:04,BUY-CORE,SRF,2650.6,0.55,57,2800,-5.34
2026-08-03 13:17:06,SELL-CORE,COLPAL,2068.2,1.05,58,2100,-1.51
2026-08-03 13:17:06,COIL,COLPAL,2068.2,1.05,58,2100,-1.51
2026-08-03 13:21:58,BUY-CORE,TATAPOWER,380.35,0.65,44,385,-1.21
2026-08-03 13:26:29,BUY,INDIANB,843.9,1.02,100,840,0.46
2026-08-03 13:26:34,BUY-CORE,KAYNES,3817.7,0.44,44,3900,-2.11
2026-08-03 13:26:43,BUY-CORE,POWERGRID,284.45,0.83,42,290,-1.91
2026-08-03 13:27:23,SELL,IEX,127.36,0.84,0,130,-2.03
2026-08-03 13:31:18,BUY,NIFTY,24587.5,1.01,100,24600,-0.05
2026-08-03 13:31:44,BUY-CORE,AMBER,7455.0,0.79,53,7500,-0.6
2026-08-03 13:31:47,BUY-CORE,NBCC,95.74,0.52,44,100,-4.26
2026-08-03 13:32:33,BUY,PETRONET,281.15,1.19,100,280,0.41
2026-08-03 13:32:47,COIL,COLPAL,2068.6,1.05,47,2100,-1.5
2026-08-03 13:36:04,BUY,AMBER,7450.0,1.04,73,7400,0.68
2026-08-03 13:41:19,BUY-CORE,FEDERALBNK,358.5,0.81,53,360,-0.42
2026-08-03 13:41:59,SELL,ZYDUSLIFE,1116.0,0.82,0,1120,-0.36
2026-08-03 13:47:48,BUY-CORE,ANGELONE,301.0,0.67,57,310,-2.9
2026-08-03 13:48:13,SELL,POWERGRID,284.5,0.83,27,290,-1.9
2026-08-03 13:48:23,SELL,APOLLOHOSP,8852.0,0.67,0,9000,-1.64
2026-08-03 13:48:33,SELL-CORE,LODHA,1235.3,0.81,42,1240,-0.38
2026-08-03 13:48:39,BUY-CORE,TATAPOWER,380.3,0.65,44,385,-1.22
2026-08-03 13:50:51,SELL,M&M,3392.0,0.62,36,3400,-0.24
2026-08-03 13:50:51,SELL-CORE,M&M,3392.0,0.62,36,3400,-0.24
2026-08-03 13:51:34,SELL,MAXHEALTH,1100.8,0.68,22,1120,-1.71
2026-08-03 13:51:35,SELL-CORE,MAXHEALTH,1100.8,0.68,22,1120,-1.71
2026-08-03 13:55:45,BUY-CORE,DIXON,13888.0,0.57,44,14500,-4.22
2026-08-03 13:56:08,BUY-CORE,POWERGRID,284.65,0.82,42,290,-1.84
2026-08-03 13:56:32,BUY-CORE,BIOCON,426.45,0.85,53,430,-0.83
2026-08-03 14:01:41,BUY,AMBER,7450.0,1.04,73,7400,0.68
2026-08-03 14:02:08,BUY,FORTIS,954.0,1.07,100,950,0.42
2026-08-03 14:06:16,SELL,LAURUSLABS,1813.1,0.57,36,1800,0.73
2026-08-03 14:06:16,SELL-CORE,LAURUSLABS,1813.1,0.57,36,1800,0.73
2026-08-03 14:06:45,SELL,GLENMARK,2221.7,0.61,22,2260,-1.69
2026-08-03 14:06:46,SELL-CORE,GLENMARK,2221.7,0.61,22,2260,-1.69
2026-08-03 14:06:51,SELL-CORE,BOSCHLTD,41205.0,1.06,58,41000,0.5
2026-08-03 14:07:03,SELL,PAGEIND,40185.0,0.72,27,41000,-1.99
2026-08-03 14:07:04,SELL-CORE,PAGEIND,40185.0,0.72,27,41000,-1.99
2026-08-03 14:10:59,BUY,AMBER,7446.0,1.04,73,7400,0.62
2026-08-03 14:11:02,BUY-CORE,NBCC,95.64,0.52,44,100,-4.36
2026-08-03 14:16:01,BUY-CORE,COALINDIA,414.65,0.64,44,420,-1.27
2026-08-03 14:16:09,BUY-CORE,NTPC,347.65,0.56,44,355,-2.07
2026-08-03 14:16:38,SELL,CDSL,1327.0,0.82,27,1360,-2.43
2026-08-03 14:16:39,SELL-CORE,CDSL,1327.0,0.82,27,1360,-2.43
2026-08-03 14:16:40,SELL,GAIL,173.92,0.41,0,180,-3.38
2026-08-03 14:16:41,SELL-CORE,GAIL,173.92,0.41,0,180,-3.38
2026-08-03 14:16:43,SELL,MAXHEALTH,1095.9,0.68,0,1120,-2.15
2026-08-03 14:16:59,BUY-CORE,CAMS,804.0,0.65,44,810,-0.74
2026-08-03 14:21:27,SELL,OIL,453.65,0.63,22,460,-1.38
2026-08-03 14:21:27,SELL-CORE,OIL,453.65,0.63,22,460,-1.38
2026-08-03 14:21:33,SELL,BIOCON,425.15,0.84,0,430,-1.13
2026-08-03 14:21:33,SELL-CORE,BIOCON,425.15,0.84,0,430,-1.13
2026-08-03 14:26:36,SELL-CORE,POWERGRID,284.75,0.82,42,290,-1.81
2026-08-03 14:26:45,SELL,APOLLOHOSP,8803.0,0.85,0,8900,-1.09
2026-08-03 14:26:58,SELL,KFINTECH,942.9,0.55,36,980,-3.79
2026-08-03 14:26:58,SELL-CORE,KFINTECH,942.9,0.55,36,980,-3.79
2026-08-03 14:27:14,BUY-CORE,TIINDIA,2751.6,0.92,42,2800,-1.73
2026-08-03 14:32:17,BUY-CORE,NBCC,95.71,0.52,44,100,-4.29
2026-08-03 14:32:41,BUY,FORTIS,953.15,1.11,73,950,0.33
2026-08-03 14:32:44,BUY-CORE,MAZDOCK,2394.7,0.5,44,2450,-2.26
2026-08-03 14:33:05,BUY-CORE,BHARATFORG,2207.7,0.62,44,2220,-0.55
2026-08-03 14:35:46,BUY-CORE,COALINDIA,415.0,0.64,44,420,-1.19
2026-08-03 14:36:17,BUY-CORE,UPL,621.35,0.61,57,620,0.22
2026-08-03 14:36:34,BUY,BOSCHLTD,41250.0,1.04,73,41000,0.61
2026-08-03 14:36:48,SELL-CORE,TIINDIA,2742.7,0.92,0,2800,-2.05
2026-08-03 14:41:32,BUY,AMBER,7447.5,1.04,73,7400,0.64
2026-08-03 14:41:57,SELL-CORE,FORTIS,946.8,1.11,47,950,-0.34
2026-08-03 14:42:06,SELL,LODHA,1233.1,0.8,27,1240,-0.56
2026-08-03 14:42:14,SELL-CORE,BOSCHLTD,41280.0,0.93,42,41500,-0.53
2026-08-03 14:46:07,BUY-CORE,NTPC,347.5,0.63,44,355,-2.11
2026-08-03 14:46:16,SELL-CORE,BAJAJ-AUTO,11504.0,1.04,47,11400,0.91
2026-08-03 14:46:48,SELL,GLENMARK,2221.2,0.6,22,2260,-1.72
2026-08-03 14:46:48,SELL-CORE,GLENMARK,2221.2,0.6,22,2260,-1.72
2026-08-03 14:47:04,SELL,PAGEIND,40200.0,0.72,27,41000,-1.95
2026-08-03 14:47:05,SELL-CORE,PAGEIND,40200.0,0.72,27,41000,-1.95
2026-08-03 14:52:43,BUY,MIDCPNIFTY,14860.4,1.14,73,14800,0.41
2026-08-03 14:52:51,SELL,TATASTEEL,189.99,0.6,36,195,-2.57
2026-08-03 14:52:52,SELL-CORE,TATASTEEL,189.99,0.6,36,195,-2.57
2026-08-03 14:53:02,BUY-CORE,DIXON,13944.0,0.56,36,14500,-3.83
2026-08-03 14:53:03,SELL,DIXON,13944.0,0.56,36,14500,-3.83
2026-08-03 14:53:03,SELL-CORE,DIXON,13944.0,0.56,36,14500,-3.83
2026-08-03 14:53:38,BUY-CORE,FORTIS,948.5,1.1,58,950,-0.16
2026-08-03 14:53:47,SELL,BANDHANBNK,174.02,0.59,36,185,-5.94
2026-08-03 14:53:47,SELL-CORE,BANDHANBNK,174.02,0.59,36,185,-5.94
2026-08-03 14:57:20,SELL,BHARATFORG,2199.1,0.62,36,2220,-0.94
2026-08-03 14:57:20,SELL-CORE,BHARATFORG,2199.1,0.62,36,2220,-0.94
2026-08-03 14:57:23,SELL,PAGEIND,40190.0,0.72,27,41000,-1.98
2026-08-03 14:57:24,SELL-CORE,PAGEIND,40190.0,0.72,27,41000,-1.98
2026-08-03 15:01:37,BUY-CORE,ADANIENSOL,1645.6,0.56,44,1700,-3.2
2026-08-03 15:01:47,SELL,DIXON,13900.0,0.56,36,14500,-4.14
2026-08-03 15:01:48,SELL-CORE,DIXON,13900.0,0.56,36,14500,-4.14
2026-08-03 15:02:06,SELL,LAURUSLABS,1811.9,0.56,36,1820,-0.45
2026-08-03 15:02:07,SELL-CORE,LAURUSLABS,1811.9,0.56,36,1820,-0.45
2026-08-03 15:02:11,BUY-CORE,IDFCFIRSTB,84.82,0.67,44,88,-3.61
2026-08-03 15:05:36,SELL,RELIANCE,1308.1,0.64,36,1310,-0.15
2026-08-03 15:05:36,SELL-CORE,RELIANCE,1308.1,0.64,36,1310,-0.15
2026-08-03 15:06:07,SELL-CORE,BAJAJ-AUTO,11510.0,1.04,47,11400,0.96
2026-08-03 15:10:47,SELL,M&M,3394.4,0.63,36,3400,-0.16
2026-08-03 15:10:48,SELL-CORE,M&M,3394.4,0.63,36,3400,-0.16
2026-08-03 15:11:01,SELL-CORE,AMBER,7428.0,1.04,47,7400,0.38
2026-08-03 15:11:05,BUY,INDIANB,839.2,1.0,100,840,-0.1
2026-08-03 15:11:13,SELL-CORE,LAURUSLABS,1809.1,0.82,42,1780,1.63
2026-08-03 15:15:46,BUY-CORE,ADANIENSOL,1647.0,0.62,44,1700,-3.12
2026-08-03 15:15:49,BUY-CORE,BHEL,407.3,0.75,53,410,-0.66
2026-08-03 15:16:04,BUY-CORE,TECHM,1650.9,0.41,44,1680,-1.73
2026-08-03 15:16:17,SELL,INDUSTOWER,391.6,0.71,27,400,-2.1
2026-08-03 15:16:18,SELL-CORE,INDUSTOWER,391.6,0.71,27,400,-2.1
2026-08-03 15:16:33,SELL,GAIL,173.94,0.42,0,180,-3.37
2026-08-03 15:16:34,SELL-CORE,GAIL,173.94,0.42,0,180,-3.37
2026-08-03 15:16:38,SELL,LODHA,1234.1,0.8,0,1240,-0.48
2026-08-03 15:16:44,BUY-CORE,BIOCON,427.25,0.85,53,430,-0.64
2026-08-03 15:16:46,SELL,ZYDUSLIFE,1115.5,0.83,0,1120,-0.4
2026-08-03 15:16:50,BUY,PHOENIXLTD,1908.0,1.02,73,1920,-0.62
2026-08-03 15:16:50,COIL,PHOENIXLTD,1908.0,1.02,73,1920,-0.62
2026-08-03 15:20:43,SELL,RELIANCE,1309.0,0.63,22,1310,-0.08
2026-08-03 15:20:44,SELL-CORE,RELIANCE,1309.0,0.63,22,1310,-0.08
2026-08-03 15:20:58,SELL,COALINDIA,414.4,0.63,22,420,-1.33
2026-08-03 15:20:58,SELL-CORE,COALINDIA,414.4,0.63,22,420,-1.33
2026-08-03 15:21:01,BUY-CORE,DIXON,13892.0,0.56,44,14500,-4.19
2026-08-03 15:21:23,BUY-CORE,INDUSTOWER,391.6,0.71,42,400,-2.1
2026-08-03 15:25:30,BUY-CORE,RELIANCE,1309.0,0.63,36,1310,-0.08
2026-08-03 15:26:06,BUY-CORE,IDFCFIRSTB,84.72,0.67,44,88,-3.73
2026-08-03 15:31:25,BUY-CORE,TATASTEEL,191.0,0.6,36,195,-2.05
2026-08-03 15:31:33,BUY-CORE,COALINDIA,416.0,0.63,44,420,-0.95
2026-08-03 15:31:38,BUY,NHPC,79.25,1.03,100,79,0.32
2026-08-03 15:31:45,BUY,AMBER,7400.0,1.04,73,7400,0.0
2026-08-03 15:31:46,BUY-CORE,AMBER,7400.0,1.04,73,7400,0.0
2026-08-03 15:32:01,SELL,INDUSTOWER,395.3,0.59,36,400,-1.17
2026-08-03 15:32:02,SELL-CORE,INDUSTOWER,395.3,0.59,36,400,-1.17
2026-08-03 15:32:07,SELL,AUBANK,1060.0,0.69,22,1060,0.0
2026-08-03 15:32:08,SELL-CORE,AUBANK,1060.0,0.69,22,1060,0.0
2026-08-03 15:32:10,BUY,VOLTAS,1324.8,1.0,100,1320,0.36
2026-08-03 15:32:20,BUY-CORE,MAZDOCK,2390.0,0.52,44,2450,-2.45
2026-08-03 15:32:24,SELL,MAXHEALTH,1100.4,0.67,0,1120,-1.75
2026-08-03 15:32:34,SELL,BIOCON,427.0,0.84,0,430,-0.7
2026-08-03 15:32:34,SELL-CORE,BIOCON,427.0,0.84,0,430,-0.7
2026-08-03 15:32:57,SELL,COLPAL,2077.0,0.83,27,2100,-1.1
2026-08-04 09:15:40,SELL,BANKNIFTY,57710.4,0.73,0,58000,-0.5
2026-08-04 09:15:41,SELL-CORE,BANKNIFTY,57710.4,0.73,0,58000,-0.5
2026-08-04 09:15:42,SELL-CORE,MIDCPNIFTY,14824.6,1.28,27,14800,0.17
2026-08-04 09:15:44,BUY-CORE,BSE,3571.9,0.64,44,3700,-3.46
2026-08-04 09:15:46,SELL,HDFCBANK,751.75,0.55,0,770,-2.37
2026-08-04 09:15:47,SELL-CORE,HDFCBANK,751.75,0.55,0,770,-2.37
2026-08-04 09:15:50,SELL,TCS,2444.4,0.63,0,2480,-1.44
2026-08-04 09:15:51,SELL-CORE,TCS,2444.4,0.63,0,2480,-1.44
2026-08-04 09:15:52,SELL,INFY,1169.3,0.55,0,1200,-2.56
2026-08-04 09:15:52,SELL-CORE,INFY,1169.3,0.55,0,1200,-2.56
2026-08-04 09:15:54,SELL,WIPRO,188.18,0.55,0,190,-0.96
2026-08-04 09:15:55,SELL-CORE,WIPRO,188.18,0.55,0,190,-0.96
2026-08-04 09:15:57,BUY-CORE,BHARTIARTL,1960.1,0.58,57,1980,-1.01
2026-08-04 09:15:59,SELL,CANBK,126.56,0.82,0,130,-2.65
2026-08-04 09:16:00,SELL-CORE,CANBK,126.56,0.82,0,130,-2.65
2026-08-04 09:16:01,SELL-CORE,BANKBARODA,245.49,0.89,27,250,-1.8
2026-08-04 09:16:03,SELL,TITAN,4894.1,0.7,0,4850,0.91
2026-08-04 09:16:03,SELL-CORE,TITAN,4894.1,0.7,0,4850,0.91
2026-08-04 09:16:05,BUY-CORE,M&M,3413.9,0.63,57,3400,0.41
2026-08-04 09:16:13,SELL,MARUTI,14077.0,0.34,0,14400,-2.24
2026-08-04 09:16:13,SELL-CORE,MARUTI,14077.0,0.34,0,14400,-2.24
2026-08-04 09:16:15,SELL,HINDUNILVR,2106.8,0.59,0,2160,-2.46
2026-08-04 09:16:15,SELL-CORE,HINDUNILVR,2106.8,0.59,0,2160,-2.46
2026-08-04 09:16:20,SELL,COFORGE,1758.7,0.7,0,1740,1.07
2026-08-04 09:16:20,SELL-CORE,COFORGE,1758.7,0.7,0,1740,1.07
2026-08-04 09:16:22,SELL,INDIGO,5393.5,0.74,0,5400,-0.12
2026-08-04 09:16:22,SELL-CORE,INDIGO,5393.5,0.74,0,5400,-0.12
2026-08-04 09:16:24,SELL,TECHM,1652.6,0.42,0,1660,-0.45
2026-08-04 09:16:25,SELL-CORE,TECHM,1652.6,0.42,0,1660,-0.45
2026-08-04 09:16:27,SELL,AMBUJACEM,440.0,0.48,0,445,-1.12
2026-08-04 09:16:28,SELL-CORE,AMBUJACEM,440.0,0.48,0,445,-1.12
2026-08-04 09:16:30,BUY-CORE,ADANIPORTS,1707.0,0.69,57,1760,-3.01
2026-08-04 09:16:31,SELL,FEDERALBNK,359.9,0.83,0,360,-0.03
2026-08-04 09:16:32,SELL-CORE,FEDERALBNK,359.9,0.83,0,360,-0.03
2026-08-04 09:16:35,SELL,PNB,113.1,0.69,0,114,-0.79
2026-08-04 09:16:36,SELL-CORE,PNB,113.1,0.69,0,114,-0.79
2026-08-04 09:16:37,BUY-CORE,BAJAJ-AUTO,11593.0,0.72,73,11500,0.81
2026-08-04 09:16:38,BUY-CORE,POLYCAB,9181.5,0.64,57,9200,-0.2
2026-08-04 09:16:39,SELL,BAJAJFINSV,2076.5,0.41,0,2080,-0.17
2026-08-04 09:16:40,SELL-CORE,BAJAJFINSV,2076.5,0.41,0,2080,-0.17
2026-08-04 09:16:42,SELL,HCLTECH,1365.0,0.6,0,1370,-0.36
2026-08-04 09:16:43,SELL-CORE,HCLTECH,1365.0,0.6,0,1370,-0.36
2026-08-04 09:16:44,SELL,HDFCLIFE,547.35,0.81,0,555,-1.38
2026-08-04 09:16:44,SELL-CORE,HDFCLIFE,547.35,0.81,0,555,-1.38
2026-08-04 09:16:46,BUY-CORE,LAURUSLABS,1823.5,0.56,57,1800,1.31
2026-08-04 09:16:48,SELL,PERSISTENT,5495.0,0.59,0,5600,-1.88
2026-08-04 09:16:49,SELL-CORE,PERSISTENT,5495.0,0.59,0,5600,-1.88
2026-08-04 09:16:53,BUY-CORE,ONGC,241.8,0.5,57,250,-3.28
2026-08-04 09:16:56,SELL-CORE,DLF,653.8,1.01,47,660,-0.94
2026-08-04 09:16:56,COIL,DLF,653.8,1.01,47,660,-0.94
2026-08-04 09:16:58,BUY-CORE,AUROPHARMA,1547.7,0.82,73,1580,-2.04
2026-08-04 09:17:03,SELL,LICHSGFIN,510.3,0.76,0,530,-3.72
2026-08-04 09:17:04,SELL-CORE,LICHSGFIN,510.3,0.76,0,530,-3.72
2026-08-04 09:17:05,SELL,UPL,599.7,0.8,0,620,-3.27
2026-08-04 09:17:06,SELL-CORE,UPL,599.7,0.8,0,620,-3.27
2026-08-04 09:17:07,SELL,BPCL,325.2,0.55,0,330,-1.45
2026-08-04 09:17:07,SELL-CORE,BPCL,325.2,0.55,0,330,-1.45
2026-08-04 09:17:10,SELL,IOC,142.94,0.7,0,145,-1.42
2026-08-04 09:17:11,SELL-CORE,IOC,142.94,0.7,0,145,-1.42
2026-08-04 09:17:13,SELL,MARICO,870.55,0.61,0,890,-2.19
2026-08-04 09:17:13,SELL-CORE,MARICO,870.55,0.61,0,890,-2.19
2026-08-04 09:17:15,BUY-CORE,MAZDOCK,2395.1,0.52,57,2450,-2.24
2026-08-04 09:17:17,SELL,CDSL,1317.6,0.82,0,1360,-3.12
2026-08-04 09:17:17,SELL-CORE,CDSL,1317.6,0.82,0,1360,-3.12
2026-08-04 09:17:21,SELL,SBILIFE,1877.7,0.68,0,1900,-1.17
2026-08-04 09:17:21,SELL-CORE,SBILIFE,1877.7,0.68,0,1900,-1.17
2026-08-04 09:17:22,SELL-CORE,LICI,394.6,2.54,56,390,1.18
2026-08-04 09:17:26,SELL-CORE,JINDALSTEL,1109.3,0.89,0,1100,0.85
2026-08-04 09:17:27,SELL,HINDPETRO,393.0,0.72,0,400,-1.75
2026-08-04 09:17:28,SELL-CORE,HINDPETRO,393.0,0.72,0,400,-1.75
2026-08-04 09:17:32,SELL,TATAPOWER,381.5,0.68,0,385,-0.91
2026-08-04 09:17:33,SELL-CORE,TATAPOWER,381.5,0.68,0,385,-0.91
2026-08-04 09:17:35,SELL,LTM,4641.1,0.64,0,4700,-1.25
2026-08-04 09:17:36,SELL-CORE,LTM,4641.1,0.64,0,4700,-1.25
2026-08-04 09:17:40,SELL,NAM-INDIA,1178.9,0.5,22,1200,-1.76
2026-08-04 09:17:41,SELL-CORE,NAM-INDIA,1178.9,0.5,22,1200,-1.76
2026-08-04 09:17:43,SELL,MPHASIS,2412.0,0.67,0,2400,0.5
2026-08-04 09:17:44,SELL-CORE,MPHASIS,2412.0,0.67,0,2400,0.5
2026-08-04 09:17:45,SELL,ICICIPRULI,512.2,0.69,0,520,-1.5
2026-08-04 09:17:46,SELL-CORE,ICICIPRULI,512.2,0.69,0,520,-1.5
2026-08-04 09:17:47,SELL-CORE,DABUR,415.3,1.04,27,425,-2.28
2026-08-04 09:17:48,SELL,IRFC,89.96,0.72,0,90,-0.04
2026-08-04 09:17:49,SELL-CORE,IRFC,89.96,0.72,0,90,-0.04
2026-08-04 09:17:50,SELL,CAMS,797.0,0.56,0,810,-1.6
2026-08-04 09:17:51,SELL-CORE,CAMS,797.0,0.56,0,810,-1.6
2026-08-04 09:17:58,SELL,IREDA,120.21,0.65,0,125,-3.83
2026-08-04 09:17:59,SELL-CORE,IREDA,120.21,0.65,0,125,-3.83
2026-08-04 09:18:00,BUY-CORE,TIINDIA,2772.8,0.91,73,2800,-0.97
2026-08-04 09:20:43,BUY-CORE,BANKNIFTY,57835.0,0.71,73,58000,-0.28
2026-08-04 09:20:44,BUY-CORE,MIDCPNIFTY,14846.8,1.06,58,14800,0.32
2026-08-04 09:20:46,SELL,BSE,3566.7,0.63,0,3700,-3.6
2026-08-04 09:20:47,SELL-CORE,BSE,3566.7,0.63,0,3700,-3.6
2026-08-04 09:20:48,SELL,RELIANCE,1308.3,0.64,22,1310,-0.13
2026-08-04 09:20:48,SELL-CORE,RELIANCE,1308.3,0.64,22,1310,-0.13
2026-08-04 09:20:50,BUY-CORE,ADANIENT,3075.8,0.66,57,3150,-2.36
2026-08-04 09:20:52,BUY-CORE,MCX,2653.3,0.89,73,2750,-3.52
2026-08-04 09:20:53,BUY-CORE,ICICIBANK,1448.6,0.57,57,1460,-0.78
2026-08-04 09:20:56,BUY-CORE,ADANIENSOL,1652.1,0.54,57,1700,-2.82
2026-08-04 09:20:58,BUY-CORE,TATASTEEL,190.79,0.6,57,195,-2.16
2026-08-04 09:21:00,BUY-CORE,BHEL,410.1,0.7,57,415,-1.18
2026-08-04 09:21:01,BUY-CORE,VEDL,268.75,0.63,57,270,-0.46
2026-08-04 09:21:02,BUY-CORE,CANBK,128.09,0.83,73,130,-1.47
2026-08-04 09:21:03,BUY-CORE,BANKBARODA,246.52,0.89,53,250,-1.39
2026-08-04 09:21:08,BUY-CORE,COALINDIA,415.05,0.64,57,420,-1.18
2026-08-04 09:21:10,SELL,ITC,285.3,0.56,0,290,-1.62
2026-08-04 09:21:11,SELL-CORE,ITC,285.3,0.56,0,290,-1.62
2026-08-04 09:21:12,BUY-CORE,SUNPHARMA,1953.0,0.65,44,2000,-2.35
2026-08-04 09:21:13,SELL,ANGELONE,299.55,0.7,0,310,-3.37
2026-08-04 09:21:14,SELL-CORE,ANGELONE,299.55,0.7,0,310,-3.37
2026-08-04 09:21:15,BUY-CORE,CGPOWER,862.05,0.56,57,880,-2.04
2026-08-04 09:21:16,BUY-CORE,ASIANPAINT,2791.6,0.49,57,2820,-1.01
2026-08-04 09:21:17,BUY-CORE,NHPC,79.86,0.78,73,80,-0.18
2026-08-04 09:21:20,BUY-CORE,TMPV,347.3,0.63,44,350,-0.77
2026-08-04 09:21:22,BUY-CORE,RECLTD,367.9,0.62,44,375,-1.89
2026-08-04 09:21:25,BUY-CORE,YESBANK,22.9,0.66,57,24,-4.58
2026-08-04 09:21:27,BUY-CORE,ASHOKLEY,174.5,0.5,44,175,-0.29
2026-08-04 09:21:30,BUY-CORE,NBCC,95.19,0.57,44,100,-4.81
2026-08-04 09:21:33,BUY-CORE,HDFCAMC,2576.9,0.91,73,2600,-0.89
2026-08-04 09:21:34,SELL,RVNL,230.41,0.65,0,240,-4.0
2026-08-04 09:21:35,SELL-CORE,RVNL,230.41,0.65,0,240,-4.0
2026-08-04 09:21:36,BUY-CORE,PNB,113.38,0.69,44,114,-0.54
2026-08-04 09:21:38,BUY-CORE,BAJAJFINSV,2078.2,0.42,44,2080,-0.09
2026-08-04 09:21:39,BUY-CORE,KAYNES,3837.9,0.4,57,3900,-1.59
2026-08-04 09:21:41,BUY,LUPIN,2381.1,1.29,73,2400,-0.79
2026-08-04 09:21:41,BUY-CORE,LUPIN,2381.1,1.29,73,2400,-0.79
2026-08-04 09:21:42,COIL,LUPIN,2381.1,1.29,73,2400,-0.79
2026-08-04 09:21:45,BUY-CORE,UNIONBANK,173.83,0.74,73,175,-0.67
2026-08-04 09:21:48,BUY-CORE,LTF,321.7,0.58,57,325,-1.02
2026-08-04 09:21:49,BUY-CORE,HAL,4671.0,0.75,73,4650,0.45
2026-08-04 09:21:50,BUY-CORE,JSWSTEEL,1283.5,0.65,57,1300,-1.27
2026-08-04 09:21:53,BUY-CORE,MOTHERSON,155.47,0.3,57,160,-2.83
2026-08-04 09:21:55,SELL,DLF,655.55,0.8,27,660,-0.67
2026-08-04 09:21:56,SELL,AUBANK,1046.8,0.76,27,1040,0.65
2026-08-04 09:21:57,SELL-CORE,AUBANK,1046.8,0.76,27,1040,0.65
2026-08-04 09:21:59,BUY-CORE,NESTLEIND,1522.0,0.43,57,1540,-1.17
2026-08-04 09:22:00,BUY-CORE,VOLTAS,1337.7,0.93,73,1340,-0.17
2026-08-04 09:22:03,BUY-CORE,INDUSINDBK,1021.5,0.53,57,1040,-1.78
2026-08-04 09:22:04,SELL,VBL,442.8,0.73,0,460,-3.74
2026-08-04 09:22:05,SELL-CORE,VBL,442.8,0.73,0,460,-3.74
2026-08-04 09:22:06,BUY-CORE,LICHSGFIN,515.5,0.68,57,540,-4.54
2026-08-04 09:22:09,BUY-CORE,DMART,4011.6,0.69,57,4000,0.29
2026-08-04 09:22:12,BUY-CORE,NAUKRI,1272.5,0.47,57,1300,-2.12
2026-08-04 09:22:16,BUY-CORE,MAXHEALTH,1096.4,0.67,57,1120,-2.11
2026-08-04 09:22:19,BUY-CORE,BANDHANBNK,174.27,0.59,44,185,-5.8
2026-08-04 09:22:21,BUY-CORE,JINDALSTEL,1113.9,0.73,53,1120,-0.54
2026-08-04 09:22:24,SELL,GLENMARK,2204.5,0.7,0,2240,-1.58
2026-08-04 09:22:25,SELL-CORE,GLENMARK,2204.5,0.7,0,2240,-1.58
2026-08-04 09:22:28,SELL,BIOCON,425.0,0.83,27,430,-1.16
2026-08-04 09:22:29,SELL-CORE,BIOCON,425.0,0.83,27,430,-1.16
2026-08-04 09:22:32,SELL,DRREDDY,1163.3,0.59,0,1180,-1.42
2026-08-04 09:22:32,SELL-CORE,DRREDDY,1163.3,0.59,0,1180,-1.42
2026-08-04 09:22:36,SELL,CONCOR,521.85,0.59,22,525,-0.6
2026-08-04 09:22:36,SELL-CORE,CONCOR,521.85,0.59,22,525,-0.6
2026-08-04 09:22:41,BUY-CORE,BLUESTARCO,1732.4,0.45,57,1720,0.72
2026-08-04 09:22:42,BUY-CORE,INDHOTEL,747.4,0.57,57,760,-1.66
2026-08-04 09:22:44,SELL,BHARATFORG,2190.2,0.62,0,2220,-1.34
2026-08-04 09:22:44,SELL-CORE,BHARATFORG,2190.2,0.62,0,2220,-1.34
2026-08-04 09:22:46,SELL,TATAELXSI,3756.1,0.51,36,3850,-2.44
2026-08-04 09:22:47,SELL-CORE,TATAELXSI,3756.1,0.51,36,3850,-2.44
2026-08-04 09:22:48,BUY-CORE,PIDILITIND,1646.3,0.55,57,1660,-0.83
2026-08-04 09:22:52,BUY-CORE,ASTRAL,1462.7,0.68,57,1460,0.18
2026-08-04 09:22:56,BUY-CORE,SUPREMEIND,3542.9,0.57,57,3500,1.23
2026-08-04 09:22:58,BUY-CORE,MANKIND,2473.2,0.68,44,2500,-1.07
2026-08-04 09:23:00,SELL-CORE,UNITDSPR,1528.7,0.91,42,1520,0.57
2026-08-04 09:23:01,BUY-CORE,PIIND,2833.2,0.74,73,2800,1.19
2026-08-04 09:25:36,BUY-CORE,FINNIFTY,26820.5,0.71,73,26850,-0.11
2026-08-04 09:25:37,BUY,MIDCPNIFTY,14846.55,1.07,73,14800,0.31
2026-08-04 09:25:40,SELL,SBIN,1035.5,0.74,0,1040,-0.43
2026-08-04 09:25:40,SELL-CORE,SBIN,1035.5,0.74,0,1040,-0.43
2026-08-04 09:25:51,BUY-CORE,SHRIRAMFIN,1084.1,0.42,57,1100,-1.45
2026-08-04 09:25:53,BUY-CORE,LT,4001.6,0.71,42,4000,0.04
2026-08-04 09:25:53,SELL-CORE,LT,4001.6,0.71,42,4000,0.04
2026-08-04 09:25:57,BUY-CORE,ITC,286.6,0.45,57,295,-2.85
2026-08-04 09:25:59,SELL,DIXON,13890.0,0.55,0,14500,-4.21
2026-08-04 09:26:00,SELL-CORE,DIXON,13890.0,0.55,0,14500,-4.21
2026-08-04 09:26:03,BUY-CORE,SAIL,171.66,0.55,57,175,-1.91
2026-08-04 09:26:05,SELL,TMPV,346.55,0.63,22,350,-0.99
2026-08-04 09:26:05,SELL-CORE,TMPV,346.55,0.63,22,350,-0.99
2026-08-04 09:26:06,BUY-CORE,NMDC,84.15,0.95,73,85,-1.0
2026-08-04 09:26:08,SELL,RECLTD,367.9,0.62,36,375,-1.89
2026-08-04 09:26:08,SELL-CORE,RECLTD,367.9,0.62,36,375,-1.89
2026-08-04 09:26:10,BUY-CORE,NTPC,347.45,0.62,44,355,-2.13
2026-08-04 09:26:11,BUY-CORE,CHOLAFIN,1871.2,0.69,44,1860,0.6
2026-08-04 09:26:14,SELL,ASHOKLEY,173.51,0.61,0,172.5,0.59
2026-08-04 09:26:15,SELL-CORE,ASHOKLEY,173.51,0.61,0,172.5,0.59
2026-08-04 09:26:18,BUY,INDIANB,843.5,1.01,100,840,0.42
2026-08-04 09:26:19,BUY-CORE,INDIANB,843.5,1.01,100,840,0.42
2026-08-04 09:26:26,SELL,PATANJALI,359.15,0.61,0,360,-0.24
2026-08-04 09:26:27,SELL-CORE,PATANJALI,359.15,0.61,0,360,-0.24
2026-08-04 09:26:28,BUY-CORE,CUMMINSIND,5518.0,0.77,73,5500,0.33
2026-08-04 09:26:35,BUY-CORE,OFSS,11480.0,0.54,44,11600,-1.03
2026-08-04 09:26:40,BUY-CORE,BANKINDIA,140.09,0.83,73,140,0.06
2026-08-04 09:26:44,BUY-CORE,COCHINSHIP,1438.5,0.6,44,1440,-0.1
2026-08-04 09:26:45,BUY-CORE,APOLLOHOSP,8843.0,0.83,73,8900,-0.64
2026-08-04 09:26:47,BUY,FORTIS,937.7,1.5,64,940,-0.24
2026-08-04 09:26:48,BUY-CORE,FORTIS,937.7,1.5,64,940,-0.24
2026-08-04 09:26:56,SELL,BANDHANBNK,174.0,0.59,22,185,-5.95
2026-08-04 09:26:57,SELL-CORE,BANDHANBNK,174.0,0.59,22,185,-5.95
2026-08-04 09:26:58,BUY-CORE,LODHA,1244.8,0.8,73,1240,0.39
2026-08-04 09:27:01,SELL,UNOMINDA,1207.6,0.75,0,1200,0.63
2026-08-04 09:27:02,SELL-CORE,UNOMINDA,1207.6,0.75,0,1200,0.63
2026-08-04 09:27:06,SELL-CORE,PNBHOUSING,1078.9,1.41,43,1060,1.78
2026-08-04 09:27:08,BUY-CORE,ZYDUSLIFE,1118.7,0.82,53,1120,-0.12
2026-08-04 09:27:09,BUY,BOSCHLTD,41055.0,1.02,73,41000,0.13
2026-08-04 09:27:10,BUY-CORE,BOSCHLTD,41055.0,1.02,73,41000,0.13
2026-08-04 09:27:11,BUY-CORE,SONACOMS,781.0,0.58,57,780,0.13
2026-08-04 09:27:12,SELL,PGEL,615.9,0.67,0,620,-0.66
2026-08-04 09:27:13,SELL-CORE,PGEL,615.9,0.67,0,620,-0.66
2026-08-04 09:27:16,SELL,PHOENIXLTD,1919.5,0.83,27,1940,-1.06
2026-08-04 09:27:17,SELL-CORE,PHOENIXLTD,1919.5,0.83,27,1940,-1.06
2026-08-04 09:27:18,SELL,MPHASIS,2406.5,0.69,0,2400,0.27
2026-08-04 09:27:19,SELL-CORE,MPHASIS,2406.5,0.69,0,2400,0.27
2026-08-04 09:27:21,BUY,PETRONET,282.7,1.06,100,280,0.96
2026-08-04 09:27:22,BUY-CORE,PETRONET,282.7,1.06,100,280,0.96
2026-08-04 09:27:27,BUY-CORE,BAJAJHLDNG,11500.0,0.54,57,11500,0.0
2026-08-04 09:27:28,BUY-CORE,RADICO,4449.4,0.59,57,4450,-0.01
2026-08-04 09:27:30,BUY-CORE,IEX,128.74,0.66,57,132.5,-2.84
2026-08-04 09:27:31,BUY-CORE,KPITTECH,621.6,0.62,44,630,-1.33
2026-08-04 09:27:34,SELL,JUBLFOOD,468.15,0.52,0,470,-0.39
2026-08-04 09:27:35,SELL-CORE,JUBLFOOD,468.15,0.52,0,470,-0.39
2026-08-04 09:27:37,BUY-CORE,MOTILALOFS,873.0,0.7,57,900,-3.0
2026-08-04 09:27:38,SELL,DALBHARAT,1824.2,0.54,0,1860,-1.92
2026-08-04 09:27:39,SELL-CORE,DALBHARAT,1824.2,0.54,0,1860,-1.92
2026-08-04 09:27:40,BUY-CORE,SRF,2651.7,0.55,57,2800,-5.3
2026-08-04 09:31:09,SELL-CORE,MIDCPNIFTY,14836.25,1.27,47,14800,0.24
2026-08-04 09:31:11,SELL,RELIANCE,1305.8,0.64,0,1310,-0.32
2026-08-04 09:31:11,SELL-CORE,RELIANCE,1305.8,0.64,0,1310,-0.32
2026-08-04 09:31:18,BUY-CORE,ADANIPOWER,212.65,0.71,53,220,-3.34
2026-08-04 09:31:33,BUY-CORE,INDIGO,5421.0,0.74,53,5400,0.39
2026-08-04 09:31:37,SELL,NBCC,95.36,0.57,0,100,-4.64
2026-08-04 09:31:37,SELL-CORE,NBCC,95.36,0.57,0,100,-4.64
2026-08-04 09:31:40,SELL-CORE,HDFCAMC,2572.6,1.0,27,2600,-1.05
2026-08-04 09:31:44,SELL,KAYNES,3801.4,0.45,36,3900,-2.53
2026-08-04 09:31:44,SELL-CORE,KAYNES,3801.4,0.45,36,3900,-2.53
2026-08-04 09:31:45,COIL,LUPIN,2378.6,1.3,71,2400,-0.89
2026-08-04 09:31:50,BUY-CORE,INDUSTOWER,393.0,0.58,57,400,-1.75
2026-08-04 09:31:53,SELL,POWERGRID,285.25,0.8,27,290,-1.64
2026-08-04 09:31:53,SELL-CORE,POWERGRID,285.25,0.8,27,290,-1.64
2026-08-04 09:31:57,SELL,TORNTPHARM,5004.5,0.56,22,5100,-1.87
2026-08-04 09:31:57,SELL-CORE,TORNTPHARM,5004.5,0.56,22,5100,-1.87
2026-08-04 09:32:00,BUY-CORE,MUTHOOTFIN,2886.0,0.56,44,3000,-3.8
2026-08-04 09:32:08,BUY-CORE,GAIL,173.85,0.42,44,180,-3.42
2026-08-04 09:32:11,BUY-CORE,CROMPTON,266.95,0.6,36,270,-1.13
2026-08-04 09:32:12,SELL,CROMPTON,266.95,0.6,36,270,-1.13
2026-08-04 09:32:12,SELL-CORE,CROMPTON,266.95,0.6,36,270,-1.13
2026-08-04 09:32:16,SELL,HINDPETRO,392.8,0.72,27,400,-1.8
2026-08-04 09:32:16,SELL-CORE,HINDPETRO,392.8,0.72,27,400,-1.8
2026-08-04 09:32:17,BUY-CORE,UNOMINDA,1215.1,0.5,36,1240,-2.01
2026-08-04 09:32:19,SELL-CORE,TATACONSUM,1093.0,0.91,0,1100,-0.64
2026-08-04 09:32:26,SELL,CONCOR,520.5,0.59,0,525,-0.86
2026-08-04 09:32:27,SELL-CORE,CONCOR,520.5,0.59,0,525,-0.86
2026-08-04 09:32:35,SELL,PAGEIND,39855.0,0.75,0,41000,-2.79
2026-08-04 09:32:35,SELL-CORE,PAGEIND,39855.0,0.75,0,41000,-2.79
2026-08-04 09:32:42,SELL,OBEROIRLTY,1821.6,0.49,0,1840,-1.0
2026-08-04 09:32:43,SELL-CORE,OBEROIRLTY,1821.6,0.49,0,1840,-1.0
2026-08-04 09:32:45,SELL-CORE,UNITDSPR,1524.0,0.91,27,1520,0.26
2026-08-04 09:35:34,SELL,FINNIFTY,26778.4,0.69,22,26850,-0.27
2026-08-04 09:35:35,SELL-CORE,FINNIFTY,26778.4,0.69,22,26850,-0.27
2026-08-04 09:35:36,BUY-CORE,MIDCPNIFTY,14842.2,1.06,58,14800,0.29
2026-08-04 09:35:49,BUY-CORE,PFC,419.2,0.76,53,425,-1.36
2026-08-04 09:35:50,SELL,ULTRACEMCO,11962.0,0.33,0,12000,-0.32
2026-08-04 09:35:50,SELL-CORE,ULTRACEMCO,11962.0,0.33,0,12000,-0.32
2026-08-04 09:35:52,SELL,ITC,286.6,0.45,36,295,-2.85
2026-08-04 09:35:52,SELL-CORE,ITC,286.6,0.45,36,295,-2.85
2026-08-04 09:35:58,BUY-CORE,RECLTD,368.1,0.61,44,375,-1.84
2026-08-04 09:36:00,SELL,NTPC,347.4,0.62,36,355,-2.14
2026-08-04 09:36:00,SELL-CORE,NTPC,347.4,0.62,36,355,-2.14
2026-08-04 09:36:02,BUY-CORE,YESBANK,22.92,0.65,57,24,-4.5
2026-08-04 09:36:04,SELL,ASHOKLEY,174.59,0.51,22,175,-0.23
2026-08-04 09:36:04,SELL-CORE,ASHOKLEY,174.59,0.51,22,175,-0.23
2026-08-04 09:36:06,BUY-CORE,NBCC,95.57,0.57,57,100,-4.43
2026-08-04 09:36:08,BUY,INDIANB,843.7,1.01,73,840,0.44
2026-08-04 09:36:09,BUY-CORE,INDIANB,843.7,1.01,73,840,0.44
2026-08-04 09:36:20,BUY-CORE,VMM,111.97,0.57,44,115,-2.63
2026-08-04 09:36:21,BUY-CORE,POWERGRID,285.5,0.79,42,290,-1.55
2026-08-04 09:36:27,BUY-CORE,VBL,445.3,0.54,36,470,-5.26
2026-08-04 09:36:35,SELL,DIVISLAB,8314.5,0.82,0,8400,-1.02
2026-08-04 09:36:35,SELL-CORE,DIVISLAB,8314.5,0.82,0,8400,-1.02
2026-08-04 09:36:41,BUY-CORE,PRESTIGE,1629.9,0.8,73,1620,0.61
2026-08-04 09:36:44,SELL-CORE,GODREJPROP,2068.5,1.27,47,2060,0.41
2026-08-04 09:36:49,SELL,PGEL,619.65,0.68,0,620,-0.06
2026-08-04 09:36:51,BUY-CORE,NAM-INDIA,1187.1,0.48,57,1200,-1.08
2026-08-04 09:36:55,BUY-CORE,CAMS,808.6,0.46,57,820,-1.39
2026-08-04 09:36:58,BUY-CORE,TATAELXSI,3766.7,0.51,44,3850,-2.16
2026-08-04 09:37:01,BUY-CORE,IEX,128.45,0.66,57,132.5,-3.06
2026-08-04 09:37:08,BUY-CORE,UNITDSPR,1532.6,0.8,73,1540,-0.48
2026-08-04 09:40:47,BUY-CORE,FINNIFTY,26815.85,0.7,44,26850,-0.13
2026-08-04 09:40:49,BUY-CORE,BSE,3589.0,0.62,57,3700,-3.0
2026-08-04 09:41:05,BUY-CORE,ANGELONE,303.05,0.64,57,310,-2.24
2026-08-04 09:41:10,BUY-CORE,TMPV,347.5,0.63,44,350,-0.71
2026-08-04 09:41:15,BUY-CORE,ASHOKLEY,174.51,0.51,36,175,-0.28
2026-08-04 09:41:21,BUY-CORE,RVNL,233.3,0.6,57,240,-2.79
2026-08-04 09:41:22,BUY-CORE,PNB,113.51,0.65,57,115,-1.3
2026-08-04 09:41:25,SELL-CORE,LUPIN,2379.0,1.29,47,2400,-0.88
2026-08-04 09:41:26,BUY-CORE,HCLTECH,1366.1,0.54,36,1380,-1.01
2026-08-04 09:41:28,SELL,PATANJALI,359.1,0.61,0,360,-0.25
2026-08-04 09:41:29,SELL-CORE,PATANJALI,359.1,0.61,0,360,-0.25
2026-08-04 09:41:37,BUY-CORE,AUBANK,1049.7,0.76,53,1040,0.93
2026-08-04 09:41:38,BUY-CORE,AUROPHARMA,1549.4,0.82,73,1580,-1.94
2026-08-04 09:41:45,BUY-CORE,COCHINSHIP,1443.5,0.6,44,1440,0.24
2026-08-04 09:41:47,BUY-CORE,DMART,4007.7,0.69,44,4000,0.19
2026-08-04 09:41:49,SELL,CIPLA,1456.5,0.46,22,1500,-2.9
2026-08-04 09:41:50,SELL-CORE,CIPLA,1456.5,0.46,22,1500,-2.9
2026-08-04 09:41:53,BUY-CORE,CDSL,1341.2,0.73,73,1360,-1.38
2026-08-04 09:42:02,SELL,TATACONSUM,1096.2,0.76,27,1100,-0.35
2026-08-04 09:42:03,COIL,GODREJPROP,2065.2,1.25,47,2080,-0.71
2026-08-04 09:42:05,BUY-CORE,TATAPOWER,382.8,0.64,44,390,-1.85
2026-08-04 09:42:08,BUY-CORE,ZYDUSLIFE,1121.5,0.82,73,1120,0.13
2026-08-04 09:42:11,BUY-CORE,PGEL,619.8,0.69,36,620,-0.03
2026-08-04 09:42:14,SELL,BRITANNIA,5466.5,0.55,22,5600,-2.38
2026-08-04 09:42:15,SELL-CORE,BRITANNIA,5466.5,0.55,22,5600,-2.38
2026-08-04 09:42:25,SELL,GODREJCP,1074.4,0.72,0,1080,-0.52
2026-08-04 09:42:26,SELL-CORE,GODREJCP,1074.4,0.72,0,1080,-0.52
2026-08-04 09:45:49,BUY-CORE,AXISBANK,1253.5,0.72,53,1260,-0.52
2026-08-04 09:45:50,BUY-CORE,WIPRO,188.18,0.55,44,190,-0.96
2026-08-04 09:46:00,BUY-CORE,DIXON,13945.0,0.54,57,14500,-3.83
2026-08-04 09:46:05,SELL,RECLTD,368.15,0.61,36,375,-1.83
2026-08-04 09:46:05,SELL-CORE,RECLTD,368.15,0.61,36,375,-1.83
2026-08-04 09:46:13,BUY-CORE,HDFCAMC,2576.8,0.89,53,2600,-0.89
2026-08-04 09:46:15,BUY-CORE,360ONE,1171.3,0.37,57,1220,-3.99
2026-08-04 09:46:25,SELL,MOTHERSON,153.68,0.48,22,155,-0.85
2026-08-04 09:46:25,SELL-CORE,MOTHERSON,153.68,0.48,22,155,-0.85
2026-08-04 09:46:26,SELL,DLF,655.3,0.75,27,670,-2.19
2026-08-04 09:46:32,SELL,UPL,586.05,0.83,0,610,-3.93
2026-08-04 09:46:36,BUY-CORE,CIPLA,1458.7,0.46,44,1500,-2.75
2026-08-04 09:46:45,SELL,UNOMINDA,1213.3,0.5,22,1240,-2.15
2026-08-04 09:46:46,SELL-CORE,UNOMINDA,1213.3,0.5,22,1240,-2.15
2026-08-04 09:46:47,BUY-CORE,TATACONSUM,1098.3,0.76,42,1100,-0.15
2026-08-04 09:46:49,BUY-CORE,KFINTECH,949.0,0.55,57,980,-3.16
2026-08-04 09:46:50,SELL-CORE,BIOCON,422.05,1.27,27,420,0.49
2026-08-04 09:46:55,BUY-CORE,CONCOR,523.2,0.59,57,530,-1.28
2026-08-04 09:46:56,BUY-CORE,PHOENIXLTD,1938.8,0.81,73,1940,-0.06
2026-08-04 09:46:59,BUY,PETRONET,282.85,1.05,73,280,1.02
2026-08-04 09:46:59,BUY-CORE,PETRONET,282.85,1.05,73,280,1.02
2026-08-04 09:47:01,SELL,BLUESTARCO,1718.7,0.53,0,1720,-0.08
2026-08-04 09:47:02,SELL-CORE,BLUESTARCO,1718.7,0.53,0,1720,-0.08
2026-08-04 09:47:04,SELL,MANAPPURAM,360.2,0.74,0,360,0.06
2026-08-04 09:47:04,SELL-CORE,MANAPPURAM,360.2,0.74,0,360,0.06
2026-08-04 09:50:41,BUY-CORE,NIFTY,24636.25,0.89,53,24600,0.15
2026-08-04 09:51:05,BUY-CORE,CHOLAFIN,1874.2,0.7,44,1860,0.76
2026-08-04 09:51:09,SELL,ASHOKLEY,174.2,0.51,36,175,-0.46
2026-08-04 09:51:09,SELL-CORE,ASHOKLEY,174.2,0.51,36,175,-0.46
2026-08-04 09:51:18,BUY-CORE,LUPIN,2393.6,0.81,53,2420,-1.09
2026-08-04 09:51:21,BUY-CORE,UNIONBANK,174.23,0.73,53,175,-0.44
2026-08-04 09:51:36,SELL,DMART,3986.1,0.68,0,4000,-0.35
2026-08-04 09:51:36,SELL-CORE,DMART,3986.1,0.68,0,4000,-0.35
2026-08-04 09:51:38,BUY-CORE,IOC,143.31,0.63,44,145,-1.17
2026-08-04 09:51:52,SELL,BIOCON,422.65,0.83,0,430,-1.71
2026-08-04 09:51:59,BUY-CORE,BRITANNIA,5470.0,0.55,36,5600,-2.32
2026-08-04 09:52:03,BUY-CORE,INDHOTEL,747.5,0.57,57,760,-1.64
2026-08-04 09:52:14,SELL,OBEROIRLTY,1820.2,0.49,0,1840,-1.08
2026-08-04 09:52:15,SELL-CORE,OBEROIRLTY,1820.2,0.49,0,1840,-1.08
2026-08-04 09:55:42,BUY-CORE,SBIN,1038.7,0.73,53,1050,-1.08
2026-08-04 09:55:52,BUY-CORE,TITAN,4904.7,0.69,44,4850,1.13
2026-08-04 09:56:06,BUY-CORE,AMBER,7460.0,0.81,53,7500,-0.53
2026-08-04 09:56:13,BUY-CORE,PNB,113.49,0.69,44,114,-0.45
2026-08-04 09:56:21,BUY-CORE,INDUSTOWER,393.0,0.58,44,400,-1.75
2026-08-04 09:56:37,SELL,ABCAPITAL,419.6,0.52,22,425,-1.27
2026-08-04 09:56:37,SELL-CORE,ABCAPITAL,419.6,0.52,22,425,-1.27
2026-08-04 09:56:40,BUY-CORE,MAXHEALTH,1094.3,0.98,53,1100,-0.52
2026-08-04 09:56:45,SELL,UNOMINDA,1212.0,0.5,0,1240,-2.26
2026-08-04 09:56:46,SELL-CORE,UNOMINDA,1212.0,0.5,0,1240,-2.26
2026-08-04 09:56:55,BUY-CORE,NAM-INDIA,1196.0,0.35,57,1260,-5.08
2026-08-04 09:57:06,BUY-CORE,GODREJCP,1079.0,0.67,44,1080,-0.09
2026-08-04 10:00:59,BUY,NIFTY,24630.35,1.0,73,24600,0.12
2026-08-04 10:01:18,SELL,MARUTI,14111.0,0.33,22,14400,-2.01
2026-08-04 10:01:18,SELL-CORE,MARUTI,14111.0,0.33,22,14400,-2.01
2026-08-04 10:01:41,BUY-CORE,TORNTPHARM,5044.5,0.5,44,5100,-1.09
2026-08-04 10:01:44,SELL,MUTHOOTFIN,2874.7,0.61,22,3000,-4.18
2026-08-04 10:01:45,SELL-CORE,MUTHOOTFIN,2874.7,0.61,22,3000,-4.18
2026-08-04 10:01:49,BUY-CORE,IOC,143.29,0.62,44,145,-1.18
2026-08-04 10:01:56,BUY-CORE,BANDHANBNK,174.55,0.58,44,185,-5.65
2026-08-04 10:02:18,SELL,JUBLFOOD,466.95,0.54,0,470,-0.65
2026-08-04 10:02:19,SELL-CORE,JUBLFOOD,466.95,0.54,0,470,-0.65
2026-08-04 10:02:23,SELL-CORE,COLPAL,2040.4,1.09,27,2100,-2.84
2026-08-04 10:02:24,BUY-CORE,PIIND,2826.9,0.72,53,2800,0.96
2026-08-04 10:05:44,SELL,WIPRO,187.8,0.56,22,190,-1.16
2026-08-04 10:05:45,SELL-CORE,WIPRO,187.8,0.56,22,190,-1.16
2026-08-04 10:05:54,SELL,ITC,285.6,0.57,22,290,-1.52
2026-08-04 10:05:55,SELL-CORE,ITC,285.6,0.57,22,290,-1.52
2026-08-04 10:05:56,BUY-CORE,SUNPHARMA,1956.5,0.64,57,2000,-2.17
2026-08-04 10:06:08,BUY-CORE,EICHERMOT,7980.0,0.72,53,8000,-0.25
2026-08-04 10:06:27,BUY,VOLTAS,1347.0,1.03,100,1340,0.52
2026-08-04 10:06:28,BUY-CORE,BANKINDIA,140.91,0.82,73,140,0.65
2026-08-04 10:06:38,BUY-CORE,ABCAPITAL,420.15,0.52,44,425,-1.14
2026-08-04 10:06:52,BUY,BOSCHLTD,41470.0,1.01,100,41500,-0.07
2026-08-04 10:06:57,SELL,BRITANNIA,5454.0,0.55,0,5600,-2.61
2026-08-04 10:06:58,SELL-CORE,BRITANNIA,5454.0,0.55,0,5600,-2.61
2026-08-04 10:07:03,BUY-CORE,ALKEM,5694.0,0.76,53,5800,-1.83
2026-08-04 10:10:46,SELL,TITAN,4892.3,0.68,22,4900,-0.16
2026-08-04 10:10:46,SELL-CORE,TITAN,4892.3,0.68,22,4900,-0.16
2026-08-04 10:10:59,SELL-CORE,AMBER,7440.5,1.09,47,7400,0.55
2026-08-04 10:11:00,SELL,ASHOKLEY,173.9,0.51,0,175,-0.63
2026-08-04 10:11:01,SELL-CORE,ASHOKLEY,173.9,0.51,0,175,-0.63
2026-08-04 10:11:26,SELL,RBLBANK,378.6,0.55,36,385,-1.66
2026-08-04 10:11:27,SELL-CORE,RBLBANK,378.6,0.55,36,385,-1.66
2026-08-04 10:11:38,BUY-CORE,BIOCON,425.0,0.84,42,430,-1.16
2026-08-04 10:11:48,SELL-CORE,BHARATFORG,2189.0,0.89,27,2200,-0.5
2026-08-04 10:11:57,SELL,MANKIND,2460.8,0.7,22,2500,-1.57
2026-08-04 10:11:58,SELL-CORE,MANKIND,2460.8,0.7,22,2500,-1.57
2026-08-04 10:15:56,SELL,BHARTIARTL,1952.1,0.56,0,1980,-1.41
2026-08-04 10:15:56,SELL-CORE,BHARTIARTL,1952.1,0.56,0,1980,-1.41
2026-08-04 10:16:14,BUY-CORE,AMBER,7448.0,1.09,58,7400,0.65
2026-08-04 10:16:28,SELL,INDUSTOWER,391.35,0.71,27,400,-2.16
2026-08-04 10:16:29,SELL-CORE,INDUSTOWER,391.35,0.71,27,400,-2.16
2026-08-04 10:16:33,BUY-CORE,OFSS,11494.0,0.56,44,11600,-0.91
2026-08-04 10:16:34,SELL,DLF,658.5,0.79,27,660,-0.23
2026-08-04 10:16:36,BUY-CORE,TORNTPHARM,5050.5,0.51,44,5100,-0.97
2026-08-04 10:16:40,BUY-CORE,VBL,446.65,0.53,57,470,-4.97
2026-08-04 10:16:49,SELL-CORE,ICICIGI,1642.1,0.92,27,1660,-1.08
2026-08-04 10:16:53,SELL,JINDALSTEL,1111.3,0.73,27,1120,-0.78
2026-08-04 10:16:54,SELL-CORE,JINDALSTEL,1111.3,0.73,27,1120,-0.78
2026-08-04 10:17:02,BUY-CORE,SONACOMS,780.85,0.58,44,780,0.11
2026-08-04 10:17:05,SELL,CONCOR,520.15,0.59,22,525,-0.92
2026-08-04 10:17:06,SELL-CORE,CONCOR,520.15,0.59,22,525,-0.92
2026-08-04 10:17:11,BUY-CORE,INDHOTEL,747.5,0.57,44,760,-1.64
2026-08-04 10:17:12,BUY-CORE,ALKEM,5687.5,0.77,53,5800,-1.94
2026-08-04 10:17:13,SELL,BHARATFORG,2190.6,0.64,22,2220,-1.32
2026-08-04 10:20:53,SELL,WIPRO,187.98,0.56,22,190,-1.06
2026-08-04 10:20:54,SELL-CORE,WIPRO,187.98,0.56,22,190,-1.06
2026-08-04 10:21:09,BUY,NMDC,84.0,1.04,100,85,-1.18
2026-08-04 10:21:12,BUY-CORE,CHOLAFIN,1870.9,0.69,44,1860,0.59
2026-08-04 10:21:28,BUY-CORE,LTF,318.9,0.58,57,325,-1.88
2026-08-04 10:21:32,BUY-CORE,POWERGRID,284.95,0.76,42,290,-1.74
2026-08-04 10:21:32,SELL-CORE,POWERGRID,284.95,0.76,42,290,-1.74
2026-08-04 10:21:39,BUY-CORE,MUTHOOTFIN,2887.5,0.56,44,3000,-3.75
2026-08-04 10:21:53,BUY-CORE,JINDALSTEL,1111.5,0.72,42,1120,-0.76
2026-08-04 10:21:55,BUY-CORE,UNOMINDA,1215.0,0.51,44,1240,-2.02
2026-08-04 10:26:02,BUY-CORE,HDFCAMC,2578.1,0.88,53,2600,-0.84
2026-08-04 10:26:06,BUY-CORE,BAJAJFINSV,2079.3,0.44,44,2080,-0.03
2026-08-04 10:26:25,BUY-CORE,MARICO,878.3,0.55,44,900,-2.41
2026-08-04 10:26:34,SELL,JINDALSTEL,1110.1,0.72,27,1120,-0.88
2026-08-04 10:26:46,SELL,ICICIPRULI,510.1,0.61,0,520,-1.9
2026-08-04 10:26:47,SELL-CORE,ICICIPRULI,510.1,0.61,0,520,-1.9
2026-08-04 10:31:29,BUY-CORE,MARUTI,14133.0,0.34,57,14400,-1.85
2026-08-04 10:31:34,SELL-CORE,INDIGO,5393.0,0.75,42,5400,-0.13
2026-08-04 10:31:40,SELL,FEDERALBNK,358.35,0.77,27,360,-0.46
2026-08-04 10:31:41,SELL-CORE,FEDERALBNK,358.35,0.77,27,360,-0.46
2026-08-04 10:32:07,SELL,DIVISLAB,8256.0,0.68,0,8400,-1.71
2026-08-04 10:32:14,BUY-CORE,UNOMINDA,1214.2,0.51,44,1240,-2.08
2026-08-04 10:32:18,SELL-CORE,BIOCON,425.85,0.84,42,430,-0.97
2026-08-04 10:32:27,SELL-CORE,PETRONET,281.55,1.16,47,280,0.55
2026-08-04 10:32:36,SELL,JUBLFOOD,467.3,0.54,22,470,-0.57
2026-08-04 10:32:37,SELL-CORE,JUBLFOOD,467.3,0.54,22,470,-0.57
2026-08-04 10:32:43,SELL-CORE,PIIND,2825.0,0.73,42,2800,0.89
2026-08-04 10:35:32,SELL,ADANIENT,3066.4,0.67,36,3100,-1.08
2026-08-04 10:35:33,SELL-CORE,ADANIENT,3066.4,0.67,36,3100,-1.08
2026-08-04 10:35:56,BUY,AMBER,7449.5,1.09,73,7400,0.67
2026-08-04 10:35:56,BUY-CORE,AMBER,7449.5,1.09,73,7400,0.67
2026-08-04 10:36:06,SELL,HDFCLIFE,542.8,0.72,0,555,-2.2
2026-08-04 10:36:20,SELL,LICHSGFIN,513.2,0.75,27,530,-3.17
2026-08-04 10:36:21,SELL-CORE,LICHSGFIN,513.2,0.75,27,530,-3.17
2026-08-04 10:36:27,SELL,RBLBANK,377.9,0.54,22,385,-1.84
2026-08-04 10:36:27,SELL-CORE,RBLBANK,377.9,0.54,22,385,-1.84
2026-08-04 10:36:33,SELL,OIL,449.05,0.72,27,455,-1.31
2026-08-04 10:36:34,SELL-CORE,OIL,449.05,0.72,27,455,-1.31
2026-08-04 10:36:43,SELL,SONACOMS,776.9,0.58,22,780,-0.4
2026-08-04 10:36:44,SELL-CORE,SONACOMS,776.9,0.58,22,780,-0.4
2026-08-04 10:36:53,SELL,TATAELXSI,3754.2,0.53,22,3800,-1.21
2026-08-04 10:36:53,SELL-CORE,TATAELXSI,3754.2,0.53,22,3800,-1.21
2026-08-04 10:36:58,BUY-CORE,TIINDIA,2748.9,0.7,44,2800,-1.82
2026-08-04 10:40:43,BUY-CORE,ADANIENSOL,1654.0,0.54,44,1700,-2.71
2026-08-04 10:40:45,SELL,WIPRO,187.78,0.57,22,190,-1.17
2026-08-04 10:40:45,SELL-CORE,WIPRO,187.78,0.57,22,190,-1.17
2026-08-04 10:40:58,SELL,MARUTI,14116.0,0.34,36,14400,-1.97
2026-08-04 10:40:59,SELL-CORE,MARUTI,14116.0,0.34,36,14400,-1.97
2026-08-04 10:41:05,SELL-CORE,INDIGO,5387.5,0.75,42,5400,-0.23
2026-08-04 10:41:12,SELL,RVNL,233.0,0.61,36,240,-2.92
2026-08-04 10:41:13,SELL-CORE,RVNL,233.0,0.61,36,240,-2.92
2026-08-04 10:41:24,SELL,POWERGRID,284.75,0.76,27,290,-1.81
2026-08-04 10:41:33,BUY-CORE,COCHINSHIP,1441.7,0.61,44,1440,0.12
2026-08-04 10:41:45,BUY-CORE,JINDALSTEL,1113.3,0.72,42,1120,-0.6
2026-08-04 10:42:08,SELL,JUBLFOOD,467.5,0.55,22,470,-0.53
2026-08-04 10:42:09,SELL-CORE,JUBLFOOD,467.5,0.55,22,470,-0.53
2026-08-04 10:45:52,SELL-CORE,ADANIPOWER,211.6,0.77,42,220,-3.82
2026-08-04 10:45:53,SELL,BHARTIARTL,1950.6,0.55,22,1980,-1.48
2026-08-04 10:45:53,SELL-CORE,BHARTIARTL,1950.6,0.55,22,1980,-1.48
2026-08-04 10:46:14,BUY-CORE,PNB,113.57,0.66,44,115,-1.24
2026-08-04 10:46:18,SELL,HDFCLIFE,542.7,0.71,0,560,-3.09
2026-08-04 10:46:19,BUY-CORE,PATANJALI,362.1,0.61,44,365,-0.79
2026-08-04 10:46:25,BUY-CORE,POWERGRID,284.75,0.76,42,290,-1.81
2026-08-04 10:46:35,SELL,CIPLA,1456.0,0.47,22,1500,-2.93
2026-08-04 10:46:36,SELL-CORE,CIPLA,1456.0,0.47,22,1500,-2.93
2026-08-04 10:46:57,SELL,BLUESTARCO,1706.1,0.75,0,1700,0.36
2026-08-04 10:46:57,SELL-CORE,BLUESTARCO,1706.1,0.75,0,1700,0.36
2026-08-04 10:47:00,SELL,TATAELXSI,3754.8,0.52,22,3800,-1.19
2026-08-04 10:47:00,SELL-CORE,TATAELXSI,3754.8,0.52,22,3800,-1.19
2026-08-04 10:47:01,BUY-CORE,PIDILITIND,1639.8,0.61,44,1660,-1.22
2026-08-04 10:51:04,SELL,INDIGO,5379.5,0.75,27,5400,-0.38
2026-08-04 10:51:05,SELL,YESBANK,22.85,0.65,22,24,-4.79
2026-08-04 10:51:06,SELL-CORE,YESBANK,22.85,0.65,22,24,-4.79
2026-08-04 10:51:11,SELL,FEDERALBNK,358.3,0.76,27,360,-0.47
2026-08-04 10:51:12,SELL-CORE,FEDERALBNK,358.3,0.76,27,360,-0.47
2026-08-04 10:51:28,SELL,APLAPOLLO,1933.9,0.62,22,1940,-0.31
2026-08-04 10:51:28,SELL-CORE,APLAPOLLO,1933.9,0.62,22,1940,-0.31
2026-08-04 10:51:45,SELL,UNOMINDA,1212.6,0.5,22,1240,-2.21
2026-08-04 10:51:45,SELL-CORE,UNOMINDA,1212.6,0.5,22,1240,-2.21
2026-08-04 10:51:52,SELL,SONACOMS,776.55,0.58,0,780,-0.44
2026-08-04 10:51:53,SELL-CORE,SONACOMS,776.55,0.58,0,780,-0.44
2026-08-04 10:52:06,SELL,ASTRAL,1452.6,0.64,22,1480,-1.85
2026-08-04 10:52:07,SELL-CORE,ASTRAL,1452.6,0.64,22,1480,-1.85
2026-08-04 10:55:42,BUY-CORE,SUNPHARMA,1962.4,0.64,57,2000,-1.88
2026-08-04 10:55:51,SELL-CORE,AMBER,7442.0,1.09,27,7400,0.57
2026-08-04 10:55:55,BUY,INDIANB,845.0,1.12,100,840,0.6
2026-08-04 10:55:59,BUY-CORE,KAYNES,3808.0,0.43,36,3900,-2.36
2026-08-04 10:56:00,SELL,KAYNES,3808.0,0.43,36,3900,-2.36
2026-08-04 10:56:00,SELL-CORE,KAYNES,3808.0,0.43,36,3900,-2.36
2026-08-04 10:56:14,BUY-CORE,VBL,445.6,0.53,44,470,-5.19
2026-08-04 10:56:15,SELL,LICHSGFIN,513.0,0.74,27,530,-3.21
2026-08-04 10:56:15,SELL-CORE,LICHSGFIN,513.0,0.74,27,530,-3.21
2026-08-04 10:56:20,SELL,NAUKRI,1260.0,0.57,36,1280,-1.56
2026-08-04 10:56:20,SELL-CORE,NAUKRI,1260.0,0.57,36,1280,-1.56
2026-08-04 10:56:22,BUY-CORE,RBLBANK,381.1,0.55,57,385,-1.01
2026-08-04 10:56:43,BUY-CORE,PIDILITIND,1645.1,0.6,57,1660,-0.9
2026-08-04 11:00:55,SELL,ADANIENT,3063.6,0.67,36,3100,-1.17
2026-08-04 11:00:56,SELL-CORE,ADANIENT,3063.6,0.67,36,3100,-1.17
2026-08-04 11:01:01,BUY-CORE,WIPRO,188.12,0.57,44,190,-0.99
2026-08-04 11:01:02,SELL,ADANIPOWER,211.46,0.77,27,220,-3.88
2026-08-04 11:01:16,BUY-CORE,NTPC,347.55,0.55,57,355,-2.1
2026-08-04 11:01:21,SELL,NBCC,95.54,0.56,22,100,-4.46
2026-08-04 11:01:22,SELL-CORE,NBCC,95.54,0.56,22,100,-4.46
2026-08-04 11:01:25,SELL,RVNL,233.0,0.61,36,240,-2.92
2026-08-04 11:01:26,SELL-CORE,RVNL,233.0,0.61,36,240,-2.92
2026-08-04 11:01:36,SELL,POWERGRID,285.3,0.77,27,290,-1.62
2026-08-04 11:01:50,BUY-CORE,DIVISLAB,8362.0,0.59,36,8400,-0.45
2026-08-04 11:01:56,BUY-CORE,UNOMINDA,1220.8,0.5,36,1240,-1.55
2026-08-04 11:02:06,SELL,BRITANNIA,5466.0,0.54,22,5600,-2.39
2026-08-04 11:02:06,SELL-CORE,BRITANNIA,5466.0,0.54,22,5600,-2.39
2026-08-04 11:02:10,SELL,INDHOTEL,745.0,0.69,22,750,-0.67
2026-08-04 11:02:11,SELL-CORE,INDHOTEL,745.0,0.69,22,750,-0.67
2026-08-04 11:02:12,SELL,BHARATFORG,2190.9,0.65,22,2220,-1.31
2026-08-04 11:02:14,SELL,TATAELXSI,3752.9,0.52,22,3850,-2.52
2026-08-04 11:02:14,SELL-CORE,TATAELXSI,3752.9,0.52,22,3850,-2.52
2026-08-04 11:05:34,BUY-CORE,BANKNIFTY,57731.3,0.71,53,58000,-0.46
2026-08-04 11:05:42,SELL,ADANIENSOL,1650.2,0.54,22,1700,-2.93
2026-08-04 11:05:42,SELL-CORE,ADANIENSOL,1650.2,0.54,22,1700,-2.93
2026-08-04 11:05:47,BUY-CORE,TITAN,4899.0,0.67,44,4900,-0.02
2026-08-04 11:06:09,BUY-CORE,KAYNES,3816.4,0.44,57,3900,-2.14
2026-08-04 11:06:28,SELL,CIPLA,1454.7,0.55,22,1480,-1.71
2026-08-04 11:06:29,SELL-CORE,CIPLA,1454.7,0.55,22,1480,-1.71
2026-08-04 11:06:45,BUY-CORE,SONACOMS,780.3,0.6,44,770,1.34
2026-08-04 11:06:57,SELL,GODREJCP,1075.1,0.67,0,1080,-0.45
2026-08-04 11:06:58,SELL-CORE,GODREJCP,1075.1,0.67,0,1080,-0.45
2026-08-04 11:07:02,BUY-CORE,MOTILALOFS,870.7,0.69,44,900,-3.26
2026-08-04 11:10:45,BUY-CORE,ADANIENSOL,1653.5,0.54,36,1700,-2.74
2026-08-04 11:11:03,SELL,YESBANK,22.86,0.64,22,24,-4.75
2026-08-04 11:11:04,SELL-CORE,YESBANK,22.86,0.64,22,24,-4.75
2026-08-04 11:11:08,SELL-CORE,EICHERMOT,7959.5,0.72,42,8000,-0.51
2026-08-04 11:11:22,BUY-CORE,POWERGRID,285.2,0.76,53,290,-1.66
2026-08-04 11:11:48,BUY-CORE,DRREDDY,1165.8,0.55,44,1180,-1.2
2026-08-04 11:15:40,BUY-CORE,BANKNIFTY,57692.5,0.71,53,58000,-0.53
2026-08-04 11:15:50,BUY-CORE,BHARTIARTL,1955.8,0.55,36,1980,-1.22
2026-08-04 11:16:07,BUY-CORE,AMBER,7480.0,0.8,73,7500,-0.27
2026-08-04 11:16:10,SELL,EICHERMOT,7952.0,0.71,0,8000,-0.6
2026-08-04 11:16:15,BUY,BAJAJ-AUTO,11549.0,1.03,100,11400,1.31
2026-08-04 11:16:21,SELL,PERSISTENT,5523.5,0.55,22,5600,-1.37
2026-08-04 11:16:22,SELL-CORE,PERSISTENT,5523.5,0.55,22,5600,-1.37
2026-08-04 11:16:40,BUY-CORE,DIVISLAB,8351.5,0.6,44,8400,-0.58
2026-08-04 11:16:48,BUY-CORE,GLENMARK,2221.5,0.57,44,2260,-1.7
2026-08-04 11:16:54,SELL,PGEL,620.0,0.65,36,620,0.0
2026-08-04 11:16:55,SELL-CORE,PGEL,620.0,0.65,36,620,0.0
2026-08-04 11:20:50,BUY-CORE,AXISBANK,1254.9,0.7,44,1260,-0.4
2026-08-04 11:20:51,SELL,ADANIENSOL,1649.8,0.63,36,1700,-2.95
2026-08-04 11:20:51,SELL-CORE,ADANIENSOL,1649.8,0.63,36,1700,-2.95
2026-08-04 11:21:01,BUY-CORE,ITC,288.35,0.46,57,295,-2.25
2026-08-04 11:21:33,SELL,VBL,444.75,0.71,27,460,-3.32
2026-08-04 11:21:34,SELL-CORE,VBL,444.75,0.71,27,460,-3.32
2026-08-04 11:21:37,BUY-CORE,DMART,4001.6,0.7,44,4000,0.04
2026-08-04 11:22:02,BUY-CORE,ALKEM,5696.0,0.76,53,5800,-1.79
2026-08-04 11:22:03,SELL,BHARATFORG,2192.0,0.65,22,2220,-1.26
2026-08-04 11:25:37,SELL,ADANIENT,3057.0,0.67,22,3100,-1.39
2026-08-04 11:25:38,SELL-CORE,ADANIENT,3057.0,0.67,22,3100,-1.39
2026-08-04 11:26:06,SELL,RVNL,232.7,0.61,36,240,-3.04
2026-08-04 11:26:07,SELL-CORE,RVNL,232.7,0.61,36,240,-3.04
2026-08-04 11:26:20,SELL,AUBANK,1041.7,0.73,27,1060,-1.73
2026-08-04 11:26:20,SELL-CORE,AUBANK,1041.7,0.73,27,1060,-1.73
2026-08-04 11:26:33,SELL,DIVISLAB,8332.5,0.68,0,8400,-0.8
2026-08-04 11:26:34,SELL-CORE,DIVISLAB,8332.5,0.68,0,8400,-0.8
2026-08-04 11:26:50,SELL,BRITANNIA,5448.0,0.55,22,5600,-2.71
2026-08-04 11:26:51,SELL-CORE,BRITANNIA,5448.0,0.55,22,5600,-2.71
2026-08-04 11:26:55,SELL,INDHOTEL,742.0,0.69,22,750,-1.07
2026-08-04 11:26:55,SELL-CORE,INDHOTEL,742.0,0.69,22,750,-1.07
2026-08-04 11:27:03,SELL,JUBLFOOD,466.8,0.55,0,470,-0.68
2026-08-04 11:27:04,SELL-CORE,JUBLFOOD,466.8,0.55,0,470,-0.68
2026-08-04 11:27:06,SELL,SUPREMEIND,3511.3,0.62,36,3500,0.32
2026-08-04 11:27:07,SELL-CORE,SUPREMEIND,3511.3,0.62,36,3500,0.32
2026-08-04 11:27:10,SELL,PIIND,2810.5,0.71,27,2800,0.38
2026-08-04 11:27:11,SELL-CORE,PIIND,2810.5,0.71,27,2800,0.38
2026-08-04 11:31:11,SELL,FINNIFTY,26753.15,0.7,22,26800,-0.17
2026-08-04 11:31:12,SELL-CORE,FINNIFTY,26753.15,0.7,22,26800,-0.17
2026-08-04 11:31:36,BUY,NMDC,84.0,1.0,100,85,-1.18
2026-08-04 11:31:38,BUY-CORE,NTPC,347.35,0.61,44,355,-2.15
2026-08-04 11:31:45,BUY,INDIANB,843.8,1.12,73,840,0.45
2026-08-04 11:31:48,SELL-CORE,HDFCAMC,2558.0,0.98,27,2600,-1.62
2026-08-04 11:32:09,SELL,BPCL,323.75,0.55,22,330,-1.89
2026-08-04 11:32:09,SELL-CORE,BPCL,323.75,0.55,22,330,-1.89
2026-08-04 11:32:10,SELL,COCHINSHIP,1438.4,0.63,22,1440,-0.11
2026-08-04 11:32:11,SELL-CORE,COCHINSHIP,1438.4,0.63,22,1440,-0.11
2026-08-04 11:32:14,SELL,IOC,143.18,0.67,22,145,-1.26
2026-08-04 11:32:14,SELL-CORE,IOC,143.18,0.67,22,145,-1.26
2026-08-04 11:32:18,SELL,ABCAPITAL,419.3,0.51,22,425,-1.34
2026-08-04 11:32:19,SELL-CORE,ABCAPITAL,419.3,0.51,22,425,-1.34
2026-08-04 11:32:21,SELL-CORE,MAXHEALTH,1090.1,0.98,27,1100,-0.9
2026-08-04 11:32:27,SELL,HINDPETRO,392.65,0.72,27,400,-1.84
2026-08-04 11:32:28,SELL-CORE,HINDPETRO,392.65,0.72,27,400,-1.84
2026-08-04 11:32:35,SELL,DRREDDY,1167.5,0.54,22,1180,-1.06
2026-08-04 11:32:36,SELL-CORE,DRREDDY,1167.5,0.54,22,1180,-1.06
2026-08-04 11:32:39,BUY-CORE,CONCOR,521.35,0.59,44,525,-0.7
2026-08-04 11:32:54,SELL,MOTILALOFS,866.7,0.78,27,880,-1.51
2026-08-04 11:32:55,SELL-CORE,MOTILALOFS,866.7,0.78,27,880,-1.51
2026-08-04 11:35:38,SELL,BANKNIFTY,57602.0,0.7,0,58000,-0.69
2026-08-04 11:35:39,SELL-CORE,BANKNIFTY,57602.0,0.7,0,58000,-0.69
2026-08-04 11:35:40,BUY,MIDCPNIFTY,14856.2,1.18,73,14800,0.38
2026-08-04 11:35:52,SELL,TITAN,4887.8,0.67,36,4900,-0.25
2026-08-04 11:35:53,SELL-CORE,TITAN,4887.8,0.67,36,4900,-0.25
2026-08-04 11:36:08,BUY-CORE,TECHM,1652.9,0.41,36,1680,-1.61
2026-08-04 11:36:11,BUY-CORE,EICHERMOT,7970.5,0.72,53,8000,-0.37
2026-08-04 11:36:15,SELL,PNB,113.38,0.69,22,114,-0.54
2026-08-04 11:36:16,SELL-CORE,PNB,113.38,0.69,22,114,-0.54
2026-08-04 11:36:18,SELL,BAJAJFINSV,2071.4,0.45,0,2080,-0.41
2026-08-04 11:36:19,SELL-CORE,BAJAJFINSV,2071.4,0.45,0,2080,-0.41
2026-08-04 11:36:45,SELL,BANDHANBNK,173.75,0.58,22,185,-6.08
2026-08-04 11:36:46,SELL-CORE,BANDHANBNK,173.75,0.58,22,185,-6.08
2026-08-04 11:36:47,SELL,LODHA,1240.0,0.79,27,1240,0.0
2026-08-04 11:36:48,SELL-CORE,LODHA,1240.0,0.79,27,1240,0.0
2026-08-04 11:40:45,SELL,SBIN,1035.7,0.73,27,1050,-1.36
2026-08-04 11:40:46,SELL-CORE,SBIN,1035.7,0.73,27,1050,-1.36
2026-08-04 11:40:48,SELL,ICICIBANK,1443.8,0.59,22,1450,-0.43
2026-08-04 11:40:49,SELL-CORE,ICICIBANK,1443.8,0.59,22,1450,-0.43
2026-08-04 11:40:50,BUY-CORE,TCS,2456.0,0.58,44,2500,-1.76
2026-08-04 11:40:52,BUY-CORE,ADANIENSOL,1653.1,0.54,36,1700,-2.76
2026-08-04 11:41:05,SELL,KOTAKBANK,393.8,0.54,36,400,-1.55
2026-08-04 11:41:05,SELL-CORE,KOTAKBANK,393.8,0.54,36,400,-1.55
2026-08-04 11:41:19,SELL,HDFCLIFE,538.45,0.85,0,550,-2.1
2026-08-04 11:41:21,SELL,UNIONBANK,173.15,0.84,27,175,-1.06
2026-08-04 11:41:21,SELL-CORE,UNIONBANK,173.15,0.84,27,175,-1.06
2026-08-04 11:41:26,SELL-CORE,POWERGRID,284.15,0.74,42,290,-2.02
2026-08-04 11:41:33,SELL,LICHSGFIN,512.4,0.74,27,530,-3.32
2026-08-04 11:41:34,SELL-CORE,LICHSGFIN,512.4,0.74,27,530,-3.32
2026-08-04 11:41:45,BUY-CORE,LODHA,1243.8,0.8,73,1240,0.31
2026-08-04 11:41:48,SELL-CORE,TATACONSUM,1093.0,0.92,27,1100,-0.64
2026-08-04 11:42:04,SELL,GODREJCP,1071.0,0.72,0,1080,-0.83
2026-08-04 11:42:05,SELL-CORE,GODREJCP,1071.0,0.72,0,1080,-0.83
2026-08-04 11:42:09,SELL,DALBHARAT,1813.6,0.57,22,1860,-2.49
2026-08-04 11:42:10,SELL-CORE,DALBHARAT,1813.6,0.57,22,1860,-2.49
2026-08-04 11:42:11,BUY-CORE,SRF,2643.1,0.57,44,2800,-5.6
2026-08-04 11:45:55,SELL-CORE,BANKBARODA,246.72,0.89,42,250,-1.31
2026-08-04 11:45:57,SELL,TITAN,4888.9,0.67,36,4900,-0.23
2026-08-04 11:45:57,SELL-CORE,TITAN,4888.9,0.67,36,4900,-0.23
2026-08-04 11:46:01,SELL,ULTRACEMCO,11972.0,0.33,22,12000,-0.23
2026-08-04 11:46:01,SELL-CORE,ULTRACEMCO,11972.0,0.33,22,12000,-0.23
2026-08-04 11:46:03,SELL,ITC,286.4,0.45,22,295,-2.92
2026-08-04 11:46:03,SELL-CORE,ITC,286.4,0.45,22,295,-2.92
2026-08-04 11:46:10,SELL,NTPC,346.8,0.62,36,355,-2.31
2026-08-04 11:46:11,SELL-CORE,NTPC,346.8,0.62,36,355,-2.31
2026-08-04 11:46:13,SELL-CORE,AMBER,7384.0,1.14,27,7400,-0.22
2026-08-04 11:46:29,SELL,POWERGRID,283.7,0.8,27,290,-2.17
2026-08-04 11:46:32,SELL-CORE,VOLTAS,1332.8,0.99,27,1340,-0.54
2026-08-04 11:46:40,SELL,NAUKRI,1256.3,0.57,22,1280,-1.85
2026-08-04 11:46:40,SELL-CORE,NAUKRI,1256.3,0.57,22,1280,-1.85
2026-08-04 11:46:57,SELL,CONCOR,519.5,0.59,0,525,-1.05
2026-08-04 11:46:58,SELL-CORE,CONCOR,519.5,0.59,0,525,-1.05
2026-08-04 11:47:04,SELL,TATAELXSI,3749.2,0.52,22,3800,-1.34
2026-08-04 11:47:04,SELL-CORE,TATAELXSI,3749.2,0.52,22,3800,-1.34
